customer_id,churn_probability,churn_prediction,actual_churn,customer_value,risk_tier,priority_score,revenue_at_risk,recoverable_revenue,net_benefit,wealth_tier,recommended_action
133001,0.0002,0,0,0.1665,Low,0.0,1.0,0.0,0.0,Basic,Standard retention nurture
133002,1.0,1,1,0.2415,Critical,0.2415,4777.0,1433.0,933.0,Basic,Relationship manager follow-up
133003,0.0001,0,0,0.5572,Low,0.0001,2.0,1.0,1.0,Premium,Standard retention nurture
133004,0.001,0,0,0.1258,Low,0.0001,3.0,1.0,1.0,Basic,Standard retention nurture
133005,0.0009,0,0,0.797,Low,0.0007,33.0,10.0,10.0,Elite,Standard retention nurture
133006,0.9996,1,1,0.3314,Critical,0.3313,7833.0,2350.0,1850.0,Standard,Relationship manager follow-up
133007,0.0,0,0,0.2487,Low,0.0,0.0,0.0,0.0,Basic,Standard retention nurture
133008,0.0001,0,0,0.2636,Low,0.0,1.0,0.0,0.0,Standard,Standard retention nurture
133009,0.0,0,0,0.192,Low,0.0,0.0,0.0,0.0,Basic,Standard retention nurture
133010,0.0,0,0,0.223,Low,0.0,0.0,0.0,0.0,Basic,Standard retention nurture
133011,1.0,1,1,0.1619,Critical,0.1619,2665.0,800.0,300.0,Basic,Relationship manager follow-up
133012,1.0,1,1,0.1391,Critical,0.1391,3184.0,955.0,455.0,Basic,Relationship manager follow-up
133013,0.0,0,0,0.1802,Low,0.0,0.0,0.0,0.0,Basic,Standard retention nurture
133014,0.0005,0,0,0.5329,Low,0.0003,8.0,2.0,2.0,Premium,Standard retention nurture
133015,0.0,0,0,0.3664,Low,0.0,0.0,0.0,0.0,Standard,Standard retention nurture
133016,0.0003,0,0,0.3576,Low,0.0001,4.0,1.0,1.0,Standard,Standard retention nurture
133017,0.0,0,0,0.5712,Low,0.0,0.0,0.0,0.0,Premium,Standard retention nurture
133018,0.0,0,0,0.4729,Low,0.0,0.0,0.0,0.0,Standard,Standard retention nurture
133019,0.0,0,0,0.2891,Low,0.0,0.0,0.0,0.0,Standard,Standard retention nurture
133020,0.0164,0,0,0.1784,Low,0.0029,50.0,15.0,15.0,Basic,Standard retention nurture
133021,0.0,0,0,0.3022,Low,0.0,0.0,0.0,0.0,Standard,Standard retention nurture
133022,0.0,0,0,0.3333,Low,0.0,0.0,0.0,0.0,Standard,Standard retention nurture
133023,0.0,0,0,0.3401,Low,0.0,0.0,0.0,0.0,Standard,Standard retention nurture
133024,0.0,0,0,0.4209,Low,0.0,0.0,0.0,0.0,Standard,Standard retention nurture
133025,0.0,0,0,0.3898,Low,0.0,0.0,0.0,0.0,Standard,Standard retention nurture
133026,0.0,0,0,0.6018,Low,0.0,0.0,0.0,0.0,Premium,Standard retention nurture
133027,0.0001,0,0,0.3333,Low,0.0,1.0,0.0,0.0,Standard,Standard retention nurture
133028,0.0482,0,0,0.3809,Low,0.0184,673.0,202.0,202.0,Standard,Standard retention nurture
133029,1.0,1,1,0.1048,Critical,0.1048,2405.0,722.0,222.0,Basic,Relationship manager follow-up
133030,0.0338,0,0,0.2019,Low,0.0068,126.0,38.0,38.0,Basic,Standard retention nurture
133031,0.0,0,0,0.393,Low,0.0,0.0,0.0,0.0,Standard,Standard retention nurture
133032,0.0,0,0,0.2445,Low,0.0,0.0,0.0,0.0,Basic,Standard retention nurture
133033,0.0028,0,0,0.6041,Low,0.0017,82.0,25.0,25.0,Premium,Standard retention nurture
133034,0.0,0,0,0.2981,Low,0.0,0.0,0.0,0.0,Standard,Standard retention nurture
133035,0.0,0,0,0.3108,Low,0.0,0.0,0.0,0.0,Standard,Standard retention nurture
133036,0.0,0,0,0.1739,Low,0.0,0.0,0.0,0.0,Basic,Standard retention nurture
133037,0.9938,1,1,0.1013,Critical,0.1007,2339.0,702.0,202.0,Basic,Relationship manager follow-up
133038,0.0,0,0,0.3398,Low,0.0,0.0,0.0,0.0,Standard,Standard retention nurture
133039,0.0,0,0,0.5495,Low,0.0,0.0,0.0,0.0,Premium,Standard retention nurture
133040,1.0,1,1,0.0863,Critical,0.0863,984.0,295.0,-205.0,Basic,Relationship manager follow-up
133041,0.0,0,0,0.4241,Low,0.0,0.0,0.0,0.0,Standard,Standard retention nurture
133042,0.0,0,0,0.5646,Low,0.0,0.0,0.0,0.0,Premium,Standard retention nurture
133043,0.0,0,0,0.4167,Low,0.0,0.0,0.0,0.0,Standard,Standard retention nurture
133044,0.9999,1,1,0.1137,Critical,0.1137,2908.0,872.0,372.0,Basic,Relationship manager follow-up
133045,0.0,0,0,0.3923,Low,0.0,0.0,0.0,0.0,Standard,Standard retention nurture
133046,0.0014,0,0,0.5108,Low,0.0007,26.0,8.0,8.0,Premium,Standard retention nurture
133047,0.0,0,0,0.4846,Low,0.0,0.0,0.0,0.0,Standard,Standard retention nurture
133048,0.0,0,0,0.5339,Low,0.0,0.0,0.0,0.0,Premium,Standard retention nurture
133049,0.0,0,0,0.6299,Low,0.0,0.0,0.0,0.0,Premium,Standard retention nurture
133050,0.0,0,0,0.355,Low,0.0,0.0,0.0,0.0,Standard,Standard retention nurture
133051,0.0001,0,0,0.4283,Low,0.0,1.0,0.0,0.0,Standard,Standard retention nurture
133052,0.0006,0,0,0.1903,Low,0.0001,3.0,1.0,1.0,Basic,Standard retention nurture
133053,0.0,0,0,0.3176,Low,0.0,0.0,0.0,0.0,Standard,Standard retention nurture
133054,0.002,0,0,0.4301,Low,0.0009,50.0,15.0,15.0,Standard,Standard retention nurture
133055,0.0002,0,0,0.2045,Low,0.0,2.0,1.0,1.0,Basic,Standard retention nurture
133056,0.0,0,0,0.4438,Low,0.0,0.0,0.0,0.0,Standard,Standard retention nurture
133057,0.0006,0,0,0.5972,Low,0.0004,14.0,4.0,4.0,Premium,Standard retention nurture
133058,0.0,0,0,0.1737,Low,0.0,0.0,0.0,0.0,Basic,Standard retention nurture
133059,0.0002,0,0,0.2015,Low,0.0,0.0,0.0,0.0,Basic,Standard retention nurture
133060,0.0,0,0,0.5389,Low,0.0,0.0,0.0,0.0,Premium,Standard retention nurture
133061,0.0,0,0,0.2962,Low,0.0,0.0,0.0,0.0,Standard,Standard retention nurture
133062,0.0,0,0,0.5046,Low,0.0,0.0,0.0,0.0,Premium,Standard retention nurture
133063,0.3607,1,0,0.7226,Medium,0.2606,12308.0,3692.0,3192.0,Premium,Relationship manager follow-up
133064,0.0,0,0,0.4063,Low,0.0,0.0,0.0,0.0,Standard,Standard retention nurture
133065,0.0001,0,0,0.5146,Low,0.0001,2.0,1.0,1.0,Premium,Standard retention nurture
133066,0.0047,0,0,0.5424,Low,0.0025,110.0,33.0,33.0,Premium,Standard retention nurture
133067,0.1864,1,0,0.3259,Low,0.0607,1774.0,532.0,32.0,Standard,Relationship manager follow-up
133068,0.0111,0,0,0.385,Low,0.0043,158.0,47.0,47.0,Standard,Standard retention nurture
133069,0.0008,0,0,0.118,Low,0.0001,2.0,1.0,1.0,Basic,Standard retention nurture
133070,0.0,0,0,0.0964,Low,0.0,0.0,0.0,0.0,Basic,Standard retention nurture
133071,1.0,1,1,0.4479,Critical,0.4479,12438.0,3731.0,3231.0,Standard,Relationship manager follow-up
133072,0.0,0,0,0.4087,Low,0.0,0.0,0.0,0.0,Standard,Standard retention nurture
133073,0.0001,0,0,0.3795,Low,0.0,2.0,1.0,1.0,Standard,Standard retention nurture
133074,0.0,0,0,0.2661,Low,0.0,0.0,0.0,0.0,Standard,Standard retention nurture
133075,0.0,0,0,0.3436,Low,0.0,0.0,0.0,0.0,Standard,Standard retention nurture
133076,0.0004,0,0,0.2073,Low,0.0001,1.0,0.0,0.0,Basic,Standard retention nurture
133077,0.0,0,0,0.4689,Low,0.0,0.0,0.0,0.0,Standard,Standard retention nurture
133078,0.9999,1,1,0.2408,Critical,0.2408,7969.0,2391.0,1891.0,Basic,Relationship manager follow-up
133079,0.0052,0,0,0.5246,Low,0.0027,138.0,41.0,41.0,Premium,Standard retention nurture
133080,0.0,0,0,0.2679,Low,0.0,0.0,0.0,0.0,Standard,Standard retention nurture
133081,0.0001,0,0,0.2701,Low,0.0,0.0,0.0,0.0,Standard,Standard retention nurture
133082,0.0,0,0,0.7855,Low,0.0,0.0,0.0,0.0,Elite,Standard retention nurture
133083,0.0,0,0,0.2096,Low,0.0,0.0,0.0,0.0,Basic,Standard retention nurture
133084,0.0,0,0,0.3962,Low,0.0,0.0,0.0,0.0,Standard,Standard retention nurture
133085,0.0,0,0,0.4063,Low,0.0,0.0,0.0,0.0,Standard,Standard retention nurture
133086,0.0128,0,0,0.255,Low,0.0033,39.0,12.0,12.0,Standard,Standard retention nurture
133087,0.9996,1,1,0.0897,Critical,0.0897,3083.0,925.0,425.0,Basic,Relationship manager follow-up
133088,0.0,0,0,0.3364,Low,0.0,0.0,0.0,0.0,Standard,Standard retention nurture
133089,0.0,0,0,0.1553,Low,0.0,0.0,0.0,0.0,Basic,Standard retention nurture
133090,0.0,0,0,0.3063,Low,0.0,0.0,0.0,0.0,Standard,Standard retention nurture
133091,0.0,0,0,0.543,Low,0.0,0.0,0.0,0.0,Premium,Standard retention nurture
133092,0.9989,1,1,0.2313,Critical,0.231,7741.0,2322.0,1822.0,Basic,Relationship manager follow-up
133093,0.0002,0,0,0.3155,Low,0.0001,1.0,0.0,0.0,Standard,Standard retention nurture
133094,0.0003,0,0,0.3907,Low,0.0001,5.0,2.0,2.0,Standard,Standard retention nurture
133095,0.0,0,0,0.4076,Low,0.0,0.0,0.0,0.0,Standard,Standard retention nurture
133096,0.0,0,0,0.4061,Low,0.0,0.0,0.0,0.0,Standard,Standard retention nurture
133097,0.0,0,0,0.2496,Low,0.0,0.0,0.0,0.0,Basic,Standard retention nurture
133098,0.0,0,0,0.5354,Low,0.0,0.0,0.0,0.0,Premium,Standard retention nurture
133099,0.0009,0,0,0.9307,Low,0.0008,29.0,9.0,9.0,Elite,Standard retention nurture
133100,0.0003,0,0,0.2336,Low,0.0001,1.0,0.0,0.0,Basic,Standard retention nurture
133101,0.0,0,0,0.3282,Low,0.0,0.0,0.0,0.0,Standard,Standard retention nurture
133102,0.0,0,0,0.2846,Low,0.0,0.0,0.0,0.0,Standard,Standard retention nurture
133103,1.0,1,1,0.267,Critical,0.267,8740.0,2622.0,2122.0,Standard,Relationship manager follow-up
133104,0.0,0,0,0.132,Low,0.0,0.0,0.0,0.0,Basic,Standard retention nurture
133105,0.0,0,0,0.8612,Low,0.0,0.0,0.0,0.0,Elite,Standard retention nurture
133106,0.0,0,0,0.3171,Low,0.0,0.0,0.0,0.0,Standard,Standard retention nurture
133107,0.0,0,0,0.2153,Low,0.0,0.0,0.0,0.0,Basic,Standard retention nurture
133108,0.0001,0,0,0.2741,Low,0.0,1.0,0.0,0.0,Standard,Standard retention nurture
133109,0.0178,0,0,0.2319,Low,0.0041,228.0,68.0,68.0,Basic,Standard retention nurture
133110,0.0002,0,0,0.3276,Low,0.0001,3.0,1.0,1.0,Standard,Standard retention nurture
133111,0.0017,0,0,0.5464,Low,0.0009,38.0,11.0,11.0,Premium,Standard retention nurture
133112,0.0007,0,0,0.2306,Low,0.0002,5.0,2.0,2.0,Basic,Standard retention nurture
133113,1.0,1,1,0.397,Critical,0.397,9606.0,2882.0,2382.0,Standard,Relationship manager follow-up
133114,0.0003,0,0,0.2062,Low,0.0001,1.0,0.0,0.0,Basic,Standard retention nurture
133115,0.9981,1,1,0.1057,Critical,0.1055,2645.0,794.0,294.0,Basic,Relationship manager follow-up
133116,0.9886,1,1,0.1712,Critical,0.1692,3920.0,1176.0,676.0,Basic,Relationship manager follow-up
133117,0.0001,0,0,0.2648,Low,0.0,0.0,0.0,0.0,Standard,Standard retention nurture
133118,0.0,0,0,0.6089,Low,0.0,0.0,0.0,0.0,Premium,Standard retention nurture
133119,0.0005,0,0,0.5683,Low,0.0003,13.0,4.0,4.0,Premium,Standard retention nurture
133120,0.8777,1,1,0.2342,Critical,0.2056,8236.0,2471.0,1971.0,Basic,Relationship manager follow-up
133121,0.9579,1,1,0.335,Critical,0.3209,9263.0,2779.0,2279.0,Standard,Relationship manager follow-up
133122,0.0,0,0,0.337,Low,0.0,0.0,0.0,0.0,Standard,Standard retention nurture
133123,0.0,0,0,0.4344,Low,0.0,0.0,0.0,0.0,Standard,Standard retention nurture
133124,0.0,0,0,0.1859,Low,0.0,0.0,0.0,0.0,Basic,Standard retention nurture
133125,0.0004,0,0,0.4346,Low,0.0002,5.0,2.0,2.0,Standard,Standard retention nurture
133126,0.0005,0,0,0.4,Low,0.0002,12.0,4.0,4.0,Standard,Standard retention nurture
133127,0.9993,1,1,0.1325,Critical,0.1324,1822.0,547.0,47.0,Basic,Relationship manager follow-up
133128,0.0,0,0,0.4935,Low,0.0,0.0,0.0,0.0,Standard,Standard retention nurture
133129,0.0,0,0,0.3104,Low,0.0,0.0,0.0,0.0,Standard,Standard retention nurture
133130,0.0,0,0,0.4975,Low,0.0,0.0,0.0,0.0,Standard,Standard retention nurture
133131,0.0005,0,0,0.3733,Low,0.0002,5.0,2.0,2.0,Standard,Standard retention nurture
133132,0.0,0,0,0.7144,Low,0.0,0.0,0.0,0.0,Premium,Standard retention nurture
133133,0.0005,0,0,0.2758,Low,0.0001,5.0,2.0,2.0,Standard,Standard retention nurture
133134,1.0,1,1,0.1362,Critical,0.1362,5686.0,1706.0,1206.0,Basic,Relationship manager follow-up
133135,0.0,0,0,0.2251,Low,0.0,0.0,0.0,0.0,Basic,Standard retention nurture
133136,0.0,0,0,0.5551,Low,0.0,0.0,0.0,0.0,Premium,Standard retention nurture
133137,0.996,1,1,0.2414,Critical,0.2404,7514.0,2254.0,1754.0,Basic,Relationship manager follow-up
133138,0.0,0,0,0.7442,Low,0.0,0.0,0.0,0.0,Premium,Standard retention nurture
133139,0.0,0,0,0.4066,Low,0.0,0.0,0.0,0.0,Standard,Standard retention nurture
133140,0.0,0,0,0.2366,Low,0.0,0.0,0.0,0.0,Basic,Standard retention nurture
133141,0.0,0,0,0.3246,Low,0.0,0.0,0.0,0.0,Standard,Standard retention nurture
133142,0.0,0,0,0.3062,Low,0.0,0.0,0.0,0.0,Standard,Standard retention nurture
133143,0.0004,0,0,0.4439,Low,0.0002,7.0,2.0,2.0,Standard,Standard retention nurture
133144,1.0,1,1,0.0813,Critical,0.0813,3391.0,1017.0,517.0,Basic,Relationship manager follow-up
133145,0.0,0,0,0.3179,Low,0.0,0.0,0.0,0.0,Standard,Standard retention nurture
133146,0.0,0,0,0.1568,Low,0.0,0.0,0.0,0.0,Basic,Standard retention nurture
133147,1.0,1,1,0.2747,Critical,0.2747,6293.0,1888.0,1388.0,Standard,Relationship manager follow-up
133148,0.9976,1,1,0.548,Critical,0.5467,19379.0,5814.0,5314.0,Premium,Relationship manager follow-up
133149,0.0011,0,0,0.1315,Low,0.0001,6.0,2.0,2.0,Basic,Standard retention nurture
133150,1.0,1,1,0.1778,Critical,0.1778,4406.0,1322.0,822.0,Basic,Relationship manager follow-up
133151,0.0,0,0,0.1868,Low,0.0,0.0,0.0,0.0,Basic,Standard retention nurture
133152,0.0053,0,0,0.248,Low,0.0013,40.0,12.0,12.0,Basic,Standard retention nurture
133153,1.0,1,1,0.0972,Critical,0.0972,2633.0,790.0,290.0,Basic,Relationship manager follow-up
133154,0.0002,0,0,0.2756,Low,0.0001,1.0,0.0,0.0,Standard,Standard retention nurture
133155,0.0058,0,0,0.46,Low,0.0027,129.0,39.0,39.0,Standard,Standard retention nurture
133156,1.0,1,1,0.1102,Critical,0.1102,1739.0,522.0,22.0,Basic,Relationship manager follow-up
133157,1.0,1,1,0.1593,Critical,0.1593,3028.0,908.0,408.0,Basic,Relationship manager follow-up
133158,0.0004,0,0,0.3542,Low,0.0001,5.0,2.0,2.0,Standard,Standard retention nurture
133159,0.0,0,0,0.4288,Low,0.0,0.0,0.0,0.0,Standard,Standard retention nurture
133160,0.0254,0,0,0.2198,Low,0.0056,84.0,25.0,25.0,Basic,Standard retention nurture
133161,1.0,1,1,0.0682,Critical,0.0682,2712.0,814.0,314.0,Basic,Relationship manager follow-up
133162,0.0002,0,0,0.2932,Low,0.0001,2.0,1.0,1.0,Standard,Standard retention nurture
133163,0.0,0,0,0.5523,Low,0.0,0.0,0.0,0.0,Premium,Standard retention nurture
133164,0.0,0,0,0.2017,Low,0.0,0.0,0.0,0.0,Basic,Standard retention nurture
133165,0.0012,0,0,0.7567,Low,0.0009,44.0,13.0,13.0,Elite,Standard retention nurture
133166,0.8812,1,0,0.1689,Critical,0.1488,3315.0,994.0,494.0,Basic,Relationship manager follow-up
133167,0.0,0,0,0.422,Low,0.0,0.0,0.0,0.0,Standard,Standard retention nurture
133168,0.0001,0,0,0.3873,Low,0.0,1.0,0.0,0.0,Standard,Standard retention nurture
133169,0.0,0,0,0.4104,Low,0.0,0.0,0.0,0.0,Standard,Standard retention nurture
133170,0.0,0,0,0.3633,Low,0.0,0.0,0.0,0.0,Standard,Standard retention nurture
133171,0.0,0,0,0.3263,Low,0.0,0.0,0.0,0.0,Standard,Standard retention nurture
133172,0.0001,0,0,0.4833,Low,0.0,2.0,1.0,1.0,Standard,Standard retention nurture
133173,0.0,0,0,0.1401,Low,0.0,0.0,0.0,0.0,Basic,Standard retention nurture
133174,0.0001,0,0,0.2884,Low,0.0,1.0,0.0,0.0,Standard,Standard retention nurture
133175,0.9998,1,1,0.3182,Critical,0.3181,11537.0,3461.0,2961.0,Standard,Relationship manager follow-up
133176,0.0104,0,0,0.2109,Low,0.0022,51.0,15.0,15.0,Basic,Standard retention nurture
133177,0.0,0,0,0.2452,Low,0.0,0.0,0.0,0.0,Basic,Standard retention nurture
133178,0.4778,1,0,0.4658,Medium,0.2226,9781.0,2934.0,2434.0,Standard,Relationship manager follow-up
133179,0.0,0,0,0.3417,Low,0.0,0.0,0.0,0.0,Standard,Standard retention nurture
133180,0.0,0,0,0.3094,Low,0.0,0.0,0.0,0.0,Standard,Standard retention nurture
133181,0.9822,1,1,0.1381,Critical,0.1356,5454.0,1636.0,1136.0,Basic,Relationship manager follow-up
133182,0.0001,0,0,0.2534,Low,0.0,1.0,0.0,0.0,Standard,Standard retention nurture
133183,1.0,1,1,0.0947,Critical,0.0947,3967.0,1190.0,690.0,Basic,Relationship manager follow-up
133184,0.7377,1,1,0.4631,High,0.3416,15661.0,4698.0,4198.0,Standard,Relationship manager follow-up
133185,0.0001,0,0,0.7434,Low,0.0001,2.0,1.0,1.0,Premium,Standard retention nurture
133186,0.0,0,0,0.7684,Low,0.0,0.0,0.0,0.0,Elite,Standard retention nurture
133187,0.0,0,0,0.3319,Low,0.0,0.0,0.0,0.0,Standard,Standard retention nurture
133188,0.0,0,0,0.4616,Low,0.0,0.0,0.0,0.0,Standard,Standard retention nurture
133189,0.0,0,0,0.3019,Low,0.0,0.0,0.0,0.0,Standard,Standard retention nurture
133190,0.0,0,0,0.6716,Low,0.0,0.0,0.0,0.0,Premium,Standard retention nurture
133191,0.0,0,0,0.4908,Low,0.0,0.0,0.0,0.0,Standard,Standard retention nurture
133192,0.9998,1,1,0.1239,Critical,0.1239,1608.0,482.0,-18.0,Basic,Relationship manager follow-up
133193,0.0,0,0,0.2519,Low,0.0,0.0,0.0,0.0,Standard,Standard retention nurture
133194,0.0003,0,0,0.1289,Low,0.0,1.0,0.0,0.0,Basic,Standard retention nurture
133195,0.0,0,0,0.4078,Low,0.0,0.0,0.0,0.0,Standard,Standard retention nurture
133196,0.0,0,0,0.3346,Low,0.0,0.0,0.0,0.0,Standard,Standard retention nurture
133197,0.0,0,0,0.6078,Low,0.0,0.0,0.0,0.0,Premium,Standard retention nurture
133198,0.0,0,0,0.2128,Low,0.0,0.0,0.0,0.0,Basic,Standard retention nurture
133199,0.0072,0,0,0.3258,Low,0.0023,70.0,21.0,21.0,Standard,Standard retention nurture
133200,0.0,0,0,0.1118,Low,0.0,0.0,0.0,0.0,Basic,Standard retention nurture
133201,0.0,0,0,0.6508,Low,0.0,0.0,0.0,0.0,Premium,Standard retention nurture
133202,0.0002,0,0,0.7374,Low,0.0001,7.0,2.0,2.0,Premium,Standard retention nurture
133203,1.0,1,1,0.3588,Critical,0.3588,11642.0,3493.0,2993.0,Standard,Relationship manager follow-up
133204,0.9999,1,1,0.2505,Critical,0.2505,12059.0,3618.0,3118.0,Standard,Relationship manager follow-up
133205,0.0,0,0,0.1429,Low,0.0,0.0,0.0,0.0,Basic,Standard retention nurture
133206,0.0,0,0,0.3163,Low,0.0,0.0,0.0,0.0,Standard,Standard retention nurture
133207,0.9684,1,1,0.2324,Critical,0.2251,3373.0,1012.0,512.0,Basic,Relationship manager follow-up
133208,0.0,0,0,0.2841,Low,0.0,0.0,0.0,0.0,Standard,Standard retention nurture
133209,0.9874,1,1,0.1182,Critical,0.1167,3001.0,900.0,400.0,Basic,Relationship manager follow-up
133210,0.0004,0,0,0.7843,Low,0.0003,15.0,4.0,4.0,Elite,Standard retention nurture
133211,0.0,0,0,0.3661,Low,0.0,0.0,0.0,0.0,Standard,Standard retention nurture
133212,0.0009,0,0,0.3426,Low,0.0003,7.0,2.0,2.0,Standard,Standard retention nurture
133213,0.0,0,0,0.8806,Low,0.0,0.0,0.0,0.0,Elite,Standard retention nurture
133214,0.0596,0,0,0.185,Low,0.011,417.0,125.0,125.0,Basic,Standard retention nurture
133215,0.0002,0,0,0.4883,Low,0.0001,3.0,1.0,1.0,Standard,Standard retention nurture
133216,0.0001,0,0,0.2027,Low,0.0,0.0,0.0,0.0,Basic,Standard retention nurture
133217,0.0,0,0,0.5822,Low,0.0,0.0,0.0,0.0,Premium,Standard retention nurture
133218,0.9997,1,1,0.4257,Critical,0.4256,13019.0,3906.0,3406.0,Standard,Relationship manager follow-up
133219,0.0003,0,0,0.2779,Low,0.0001,2.0,1.0,1.0,Standard,Standard retention nurture
133220,0.0004,0,0,0.2217,Low,0.0001,3.0,1.0,1.0,Basic,Standard retention nurture
133221,0.001,0,0,0.7785,Low,0.0008,37.0,11.0,11.0,Elite,Standard retention nurture
133222,0.0,0,0,0.4642,Low,0.0,0.0,0.0,0.0,Standard,Standard retention nurture
133223,0.9919,1,1,0.3072,Critical,0.3047,6541.0,1962.0,1462.0,Standard,Relationship manager follow-up
133224,0.0016,0,0,0.5436,Low,0.0009,30.0,9.0,9.0,Premium,Standard retention nurture
133225,0.0003,0,0,0.2948,Low,0.0001,3.0,1.0,1.0,Standard,Standard retention nurture
133226,0.9986,1,1,0.1475,Critical,0.1473,2158.0,647.0,147.0,Basic,Relationship manager follow-up
133227,0.0,0,0,0.1166,Low,0.0,0.0,0.0,0.0,Basic,Standard retention nurture
133228,0.0,0,0,0.2961,Low,0.0,0.0,0.0,0.0,Standard,Standard retention nurture
133229,0.9997,1,1,0.214,Critical,0.2139,5885.0,1766.0,1266.0,Basic,Relationship manager follow-up
133230,0.0001,0,0,0.2683,Low,0.0,1.0,0.0,0.0,Standard,Standard retention nurture
133231,0.0013,0,0,0.3883,Low,0.0005,22.0,7.0,7.0,Standard,Standard retention nurture
133232,0.0,0,0,0.4117,Low,0.0,0.0,0.0,0.0,Standard,Standard retention nurture
133233,0.0,0,0,0.4917,Low,0.0,0.0,0.0,0.0,Standard,Standard retention nurture
133234,0.0033,0,0,0.2662,Low,0.0009,28.0,8.0,8.0,Standard,Standard retention nurture
133235,0.0,0,0,0.2796,Low,0.0,0.0,0.0,0.0,Standard,Standard retention nurture
133236,0.0,0,0,0.3048,Low,0.0,0.0,0.0,0.0,Standard,Standard retention nurture
133237,0.0,0,0,0.443,Low,0.0,0.0,0.0,0.0,Standard,Standard retention nurture
133238,0.0001,0,0,0.8438,Low,0.0001,4.0,1.0,1.0,Elite,Standard retention nurture
133239,0.9895,1,1,0.0957,Critical,0.0947,2782.0,835.0,335.0,Basic,Relationship manager follow-up
133240,0.0156,0,0,0.3895,Low,0.0061,327.0,98.0,98.0,Standard,Standard retention nurture
133241,0.0013,0,0,0.7666,Low,0.001,48.0,14.0,14.0,Elite,Standard retention nurture
133242,0.9951,1,1,0.737,Critical,0.7334,36403.0,10921.0,10421.0,Premium,Relationship manager follow-up
133243,0.0002,0,0,0.7833,Low,0.0002,7.0,2.0,2.0,Elite,Standard retention nurture
133244,0.0001,0,0,0.3362,Low,0.0,1.0,0.0,0.0,Standard,Standard retention nurture
133245,0.0,0,0,0.385,Low,0.0,0.0,0.0,0.0,Standard,Standard retention nurture
133246,0.0,0,0,0.2368,Low,0.0,0.0,0.0,0.0,Basic,Standard retention nurture
133247,0.999,1,1,0.2683,Critical,0.268,8016.0,2405.0,1905.0,Standard,Relationship manager follow-up
133248,0.0002,0,0,0.4374,Low,0.0001,4.0,1.0,1.0,Standard,Standard retention nurture
133249,0.0001,0,0,0.2952,Low,0.0,1.0,0.0,0.0,Standard,Standard retention nurture
133250,0.0002,0,0,0.3473,Low,0.0001,1.0,0.0,0.0,Standard,Standard retention nurture
133251,0.0002,0,0,0.1938,Low,0.0,1.0,0.0,0.0,Basic,Standard retention nurture
133252,0.0,0,0,0.4149,Low,0.0,0.0,0.0,0.0,Standard,Standard retention nurture
133253,0.0002,0,0,0.2936,Low,0.0001,3.0,1.0,1.0,Standard,Standard retention nurture
133254,0.0,0,0,0.3128,Low,0.0,0.0,0.0,0.0,Standard,Standard retention nurture
133255,0.0001,0,0,0.8279,Low,0.0001,3.0,1.0,1.0,Elite,Standard retention nurture
133256,0.0,0,0,0.3631,Low,0.0,0.0,0.0,0.0,Standard,Standard retention nurture
133257,0.0,0,0,0.3502,Low,0.0,0.0,0.0,0.0,Standard,Standard retention nurture
133258,0.0,0,0,0.4117,Low,0.0,0.0,0.0,0.0,Standard,Standard retention nurture
133259,0.0,0,0,0.2003,Low,0.0,0.0,0.0,0.0,Basic,Standard retention nurture
133260,0.0,0,0,0.7649,Low,0.0,0.0,0.0,0.0,Elite,Standard retention nurture
133261,0.0,0,0,0.4251,Low,0.0,0.0,0.0,0.0,Standard,Standard retention nurture
133262,0.0,0,0,0.2937,Low,0.0,0.0,0.0,0.0,Standard,Standard retention nurture
133263,0.0,0,0,0.4659,Low,0.0,0.0,0.0,0.0,Standard,Standard retention nurture
133264,0.0,0,0,0.1617,Low,0.0,0.0,0.0,0.0,Basic,Standard retention nurture
133265,0.0,0,0,0.258,Low,0.0,0.0,0.0,0.0,Standard,Standard retention nurture
133266,0.0027,0,0,0.4239,Low,0.0011,43.0,13.0,13.0,Standard,Standard retention nurture
133267,0.0017,0,0,0.1982,Low,0.0003,13.0,4.0,4.0,Basic,Standard retention nurture
133268,0.0022,0,0,0.2143,Low,0.0005,18.0,5.0,5.0,Basic,Standard retention nurture
133269,0.0,0,0,0.3288,Low,0.0,0.0,0.0,0.0,Standard,Standard retention nurture
133270,0.9992,1,1,0.0499,Critical,0.0499,1990.0,597.0,97.0,Basic,Relationship manager follow-up
133271,0.0,0,0,0.2287,Low,0.0,0.0,0.0,0.0,Basic,Standard retention nurture
133272,0.0,0,0,0.2797,Low,0.0,0.0,0.0,0.0,Standard,Standard retention nurture
133273,0.0061,0,0,0.125,Low,0.0008,25.0,8.0,8.0,Basic,Standard retention nurture
133274,0.0,0,0,0.2519,Low,0.0,0.0,0.0,0.0,Standard,Standard retention nurture
133275,0.0002,0,0,0.2677,Low,0.0001,1.0,0.0,0.0,Standard,Standard retention nurture
133276,1.0,1,1,0.253,Critical,0.253,5158.0,1547.0,1047.0,Standard,Relationship manager follow-up
133277,0.9997,1,1,0.105,Critical,0.105,2311.0,693.0,193.0,Basic,Relationship manager follow-up
133278,0.0,0,0,0.4239,Low,0.0,0.0,0.0,0.0,Standard,Standard retention nurture
133279,0.0,0,0,0.3828,Low,0.0,0.0,0.0,0.0,Standard,Standard retention nurture
133280,0.0,0,0,0.6765,Low,0.0,0.0,0.0,0.0,Premium,Standard retention nurture
133281,0.0001,0,0,0.5449,Low,0.0001,2.0,1.0,1.0,Premium,Standard retention nurture
133282,0.0,0,0,0.5021,Low,0.0,0.0,0.0,0.0,Premium,Standard retention nurture
133283,0.0,0,0,0.2704,Low,0.0,0.0,0.0,0.0,Standard,Standard retention nurture
133284,0.0,0,0,0.3885,Low,0.0,0.0,0.0,0.0,Standard,Standard retention nurture
133285,0.0,0,0,0.6234,Low,0.0,0.0,0.0,0.0,Premium,Standard retention nurture
133286,0.0,0,0,0.2074,Low,0.0,0.0,0.0,0.0,Basic,Standard retention nurture
133287,0.0,0,0,0.6504,Low,0.0,0.0,0.0,0.0,Premium,Standard retention nurture
133288,0.9989,1,1,0.3438,Critical,0.3434,6844.0,2053.0,1553.0,Standard,Relationship manager follow-up
133289,0.0,0,0,0.378,Low,0.0,0.0,0.0,0.0,Standard,Standard retention nurture
133290,0.0023,0,0,0.4882,Low,0.0011,43.0,13.0,13.0,Standard,Standard retention nurture
133291,0.0,0,0,0.2994,Low,0.0,0.0,0.0,0.0,Standard,Standard retention nurture
133292,0.0024,0,0,0.7111,Low,0.0017,88.0,26.0,26.0,Premium,Standard retention nurture
133293,0.0,0,0,0.3991,Low,0.0,0.0,0.0,0.0,Standard,Standard retention nurture
133294,0.9995,1,1,0.0657,Critical,0.0657,2090.0,627.0,127.0,Basic,Relationship manager follow-up
133295,1.0,1,1,0.2258,Critical,0.2258,5039.0,1512.0,1012.0,Basic,Relationship manager follow-up
133296,0.0001,0,0,0.2413,Low,0.0,1.0,0.0,0.0,Basic,Standard retention nurture
133297,0.9999,1,1,0.163,Critical,0.163,2943.0,883.0,383.0,Basic,Relationship manager follow-up
133298,0.965,1,1,0.2359,Critical,0.2276,6689.0,2007.0,1507.0,Basic,Relationship manager follow-up
133299,0.0,0,0,0.4071,Low,0.0,0.0,0.0,0.0,Standard,Standard retention nurture
133300,0.0028,0,0,0.2892,Low,0.0008,16.0,5.0,5.0,Standard,Standard retention nurture
133301,0.0,0,0,0.2416,Low,0.0,0.0,0.0,0.0,Basic,Standard retention nurture
133302,0.9886,1,1,0.3588,Critical,0.3547,13701.0,4110.0,3610.0,Standard,Relationship manager follow-up
133303,0.0,0,0,0.4438,Low,0.0,0.0,0.0,0.0,Standard,Standard retention nurture
133304,0.9893,1,1,0.2005,Critical,0.1984,4398.0,1319.0,819.0,Basic,Relationship manager follow-up
133305,0.0004,0,0,0.3375,Low,0.0001,4.0,1.0,1.0,Standard,Standard retention nurture
133306,0.0,0,0,0.3608,Low,0.0,0.0,0.0,0.0,Standard,Standard retention nurture
133307,0.0,0,0,0.2948,Low,0.0,0.0,0.0,0.0,Standard,Standard retention nurture
133308,0.0,0,0,0.4452,Low,0.0,0.0,0.0,0.0,Standard,Standard retention nurture
133309,0.4198,1,0,0.2688,Medium,0.1128,2026.0,608.0,108.0,Standard,Relationship manager follow-up
133310,0.0009,0,0,0.3052,Low,0.0003,4.0,1.0,1.0,Standard,Standard retention nurture
133311,0.0,0,0,0.3531,Low,0.0,0.0,0.0,0.0,Standard,Standard retention nurture
133312,0.0,0,0,0.1853,Low,0.0,0.0,0.0,0.0,Basic,Standard retention nurture
133313,0.0001,0,0,0.1669,Low,0.0,0.0,0.0,0.0,Basic,Standard retention nurture
133314,0.0,0,0,0.4768,Low,0.0,0.0,0.0,0.0,Standard,Standard retention nurture
133315,0.0,0,0,0.1465,Low,0.0,0.0,0.0,0.0,Basic,Standard retention nurture
133316,0.9993,1,1,0.3493,Critical,0.3491,13363.0,4009.0,3509.0,Standard,Relationship manager follow-up
133317,0.0,0,0,0.2775,Low,0.0,0.0,0.0,0.0,Standard,Standard retention nurture
133318,0.0,0,0,0.5846,Low,0.0,0.0,0.0,0.0,Premium,Standard retention nurture
133319,0.9998,1,1,0.1719,Critical,0.1719,6071.0,1821.0,1321.0,Basic,Relationship manager follow-up
133320,0.0,0,0,0.3496,Low,0.0,0.0,0.0,0.0,Standard,Standard retention nurture
133321,0.0,0,0,0.4759,Low,0.0,0.0,0.0,0.0,Standard,Standard retention nurture
133322,0.0024,0,0,0.1811,Low,0.0004,10.0,3.0,3.0,Basic,Standard retention nurture
133323,0.0,0,0,0.2559,Low,0.0,0.0,0.0,0.0,Standard,Standard retention nurture
133324,0.0,0,0,0.3974,Low,0.0,0.0,0.0,0.0,Standard,Standard retention nurture
133325,0.0,0,0,0.2361,Low,0.0,0.0,0.0,0.0,Basic,Standard retention nurture
133326,0.0,0,0,0.7714,Low,0.0,0.0,0.0,0.0,Elite,Standard retention nurture
133327,0.0024,0,0,0.2191,Low,0.0005,16.0,5.0,5.0,Basic,Standard retention nurture
133328,0.0079,0,0,0.0843,Low,0.0007,18.0,5.0,5.0,Basic,Standard retention nurture
133329,0.0272,0,0,0.7254,Low,0.0197,996.0,299.0,299.0,Premium,Standard retention nurture
133330,0.0002,0,0,0.2321,Low,0.0,2.0,1.0,1.0,Basic,Standard retention nurture
133331,0.0,0,0,0.7834,Low,0.0,0.0,0.0,0.0,Elite,Standard retention nurture
133332,0.0,0,0,0.3888,Low,0.0,0.0,0.0,0.0,Standard,Standard retention nurture
133333,0.0,0,0,0.1718,Low,0.0,0.0,0.0,0.0,Basic,Standard retention nurture
133334,0.0,0,0,0.2442,Low,0.0,0.0,0.0,0.0,Basic,Standard retention nurture
133335,0.0001,0,0,0.4199,Low,0.0,1.0,0.0,0.0,Standard,Standard retention nurture
133336,0.0,0,0,0.7389,Low,0.0,0.0,0.0,0.0,Premium,Standard retention nurture
133337,0.0008,0,0,0.195,Low,0.0002,3.0,1.0,1.0,Basic,Standard retention nurture
133338,0.0001,0,0,0.197,Low,0.0,0.0,0.0,0.0,Basic,Standard retention nurture
133339,0.0029,0,0,0.4037,Low,0.0012,38.0,11.0,11.0,Standard,Standard retention nurture
133340,0.0345,0,0,0.4313,Low,0.0149,648.0,194.0,194.0,Standard,Standard retention nurture
133341,0.0,0,0,0.1441,Low,0.0,0.0,0.0,0.0,Basic,Standard retention nurture
133342,0.0,0,0,0.3721,Low,0.0,0.0,0.0,0.0,Standard,Standard retention nurture
133343,0.0004,0,0,0.3691,Low,0.0001,2.0,1.0,1.0,Standard,Standard retention nurture
133344,0.0002,0,0,0.5712,Low,0.0001,5.0,2.0,2.0,Premium,Standard retention nurture
133345,0.0,0,0,0.382,Low,0.0,0.0,0.0,0.0,Standard,Standard retention nurture
133346,0.9992,1,1,0.3831,Critical,0.3828,18483.0,5545.0,5045.0,Standard,Relationship manager follow-up
133347,0.0,0,0,0.2777,Low,0.0,0.0,0.0,0.0,Standard,Standard retention nurture
133348,0.0002,0,0,0.4277,Low,0.0001,4.0,1.0,1.0,Standard,Standard retention nurture
133349,0.0008,0,0,0.0962,Low,0.0001,5.0,2.0,2.0,Basic,Standard retention nurture
133350,1.0,1,1,0.1128,Critical,0.1128,3905.0,1172.0,672.0,Basic,Relationship manager follow-up
133351,0.0002,0,0,0.802,Low,0.0002,7.0,2.0,2.0,Elite,Standard retention nurture
133352,0.0,0,0,0.3706,Low,0.0,0.0,0.0,0.0,Standard,Standard retention nurture
133353,0.0,0,0,0.1768,Low,0.0,0.0,0.0,0.0,Basic,Standard retention nurture
133354,0.9999,1,1,0.1977,Critical,0.1977,3553.0,1066.0,566.0,Basic,Relationship manager follow-up
133355,0.0,0,0,0.2142,Low,0.0,0.0,0.0,0.0,Basic,Standard retention nurture
133356,0.0001,0,0,0.2528,Low,0.0,1.0,0.0,0.0,Standard,Standard retention nurture
133357,0.0,0,0,0.2829,Low,0.0,0.0,0.0,0.0,Standard,Standard retention nurture
133358,0.0,0,0,0.1964,Low,0.0,0.0,0.0,0.0,Basic,Standard retention nurture
133359,0.0,0,0,0.1723,Low,0.0,0.0,0.0,0.0,Basic,Standard retention nurture
133360,0.0,0,0,0.3819,Low,0.0,0.0,0.0,0.0,Standard,Standard retention nurture
133361,0.0,0,0,0.2411,Low,0.0,0.0,0.0,0.0,Basic,Standard retention nurture
133362,1.0,1,1,0.1859,Critical,0.1859,6563.0,1969.0,1469.0,Basic,Relationship manager follow-up
133363,0.0,0,0,0.3038,Low,0.0,0.0,0.0,0.0,Standard,Standard retention nurture
133364,0.0002,0,0,0.5102,Low,0.0001,5.0,2.0,2.0,Premium,Standard retention nurture
133365,0.0073,0,0,0.2903,Low,0.0021,100.0,30.0,30.0,Standard,Standard retention nurture
133366,0.0,0,0,0.3424,Low,0.0,0.0,0.0,0.0,Standard,Standard retention nurture
133367,0.0,0,0,0.6292,Low,0.0,0.0,0.0,0.0,Premium,Standard retention nurture
133368,0.9999,1,1,0.217,Critical,0.217,2758.0,827.0,327.0,Basic,Relationship manager follow-up
133369,0.0,0,0,0.5927,Low,0.0,0.0,0.0,0.0,Premium,Standard retention nurture
133370,0.0062,0,0,0.3058,Low,0.0019,68.0,20.0,20.0,Standard,Standard retention nurture
133371,0.0,0,0,0.3659,Low,0.0,0.0,0.0,0.0,Standard,Standard retention nurture
133372,0.0,0,0,0.2934,Low,0.0,0.0,0.0,0.0,Standard,Standard retention nurture
133373,0.0002,0,0,0.5124,Low,0.0001,2.0,1.0,1.0,Premium,Standard retention nurture
133374,0.0001,0,0,0.2041,Low,0.0,1.0,0.0,0.0,Basic,Standard retention nurture
133375,0.9975,1,1,0.3156,Critical,0.3148,10364.0,3109.0,2609.0,Standard,Relationship manager follow-up
133376,0.0435,0,0,0.2161,Low,0.0094,368.0,110.0,110.0,Basic,Standard retention nurture
133377,1.0,1,1,0.1302,Critical,0.1302,2490.0,747.0,247.0,Basic,Relationship manager follow-up
133378,0.0,0,0,0.4341,Low,0.0,0.0,0.0,0.0,Standard,Standard retention nurture
133379,0.0,0,0,0.4151,Low,0.0,0.0,0.0,0.0,Standard,Standard retention nurture
133380,0.9868,1,1,0.2314,Critical,0.2283,4122.0,1237.0,737.0,Basic,Relationship manager follow-up
133381,1.0,1,1,0.0924,Critical,0.0924,3688.0,1106.0,606.0,Basic,Relationship manager follow-up
133382,0.0,0,0,0.4895,Low,0.0,0.0,0.0,0.0,Standard,Standard retention nurture
133383,0.0,0,0,0.6418,Low,0.0,0.0,0.0,0.0,Premium,Standard retention nurture
133384,0.9752,1,1,0.1284,Critical,0.1252,2573.0,772.0,272.0,Basic,Relationship manager follow-up
133385,0.6524,1,0,0.2525,High,0.1647,8416.0,2525.0,2025.0,Standard,Relationship manager follow-up
133386,0.0,0,0,0.3426,Low,0.0,0.0,0.0,0.0,Standard,Standard retention nurture
133387,0.0001,0,0,0.3074,Low,0.0,1.0,0.0,0.0,Standard,Standard retention nurture
133388,0.0105,0,0,0.4721,Low,0.005,208.0,62.0,62.0,Standard,Standard retention nurture
133389,0.0,0,0,0.5969,Low,0.0,0.0,0.0,0.0,Premium,Standard retention nurture
133390,0.0029,0,0,0.2309,Low,0.0007,9.0,3.0,3.0,Basic,Standard retention nurture
133391,1.0,1,1,0.1525,Critical,0.1525,6024.0,1807.0,1307.0,Basic,Relationship manager follow-up
133392,0.0004,0,0,0.161,Low,0.0001,2.0,1.0,1.0,Basic,Standard retention nurture
133393,0.1248,1,0,0.4568,Low,0.057,1870.0,561.0,61.0,Standard,Relationship manager follow-up
133394,0.0003,0,0,0.624,Low,0.0002,8.0,2.0,2.0,Premium,Standard retention nurture
133395,0.9999,1,1,0.3361,Critical,0.3361,7831.0,2349.0,1849.0,Standard,Relationship manager follow-up
133396,0.0699,0,0,0.4804,Low,0.0336,1287.0,386.0,386.0,Standard,Standard retention nurture
133397,0.0001,0,0,0.2087,Low,0.0,0.0,0.0,0.0,Basic,Standard retention nurture
133398,0.0003,0,0,0.3725,Low,0.0001,4.0,1.0,1.0,Standard,Standard retention nurture
133399,0.0,0,0,0.3287,Low,0.0,0.0,0.0,0.0,Standard,Standard retention nurture
133400,0.0,0,0,0.1334,Low,0.0,0.0,0.0,0.0,Basic,Standard retention nurture
133401,0.0001,0,0,0.1219,Low,0.0,0.0,0.0,0.0,Basic,Standard retention nurture
133402,0.0054,0,0,0.3906,Low,0.0021,88.0,26.0,26.0,Standard,Standard retention nurture
133403,0.0,0,0,0.2388,Low,0.0,0.0,0.0,0.0,Basic,Standard retention nurture
133404,0.0004,0,0,0.1797,Low,0.0001,2.0,1.0,1.0,Basic,Standard retention nurture
133405,0.0,0,0,0.3831,Low,0.0,0.0,0.0,0.0,Standard,Standard retention nurture
133406,0.9894,1,1,0.698,Critical,0.6906,31784.0,9535.0,9035.0,Premium,Relationship manager follow-up
133407,0.0,0,0,0.5262,Low,0.0,0.0,0.0,0.0,Premium,Standard retention nurture
133408,0.0126,0,0,0.4329,Low,0.0055,207.0,62.0,62.0,Standard,Standard retention nurture
133409,0.0,0,0,0.2719,Low,0.0,0.0,0.0,0.0,Standard,Standard retention nurture
133410,1.0,1,1,0.0566,Critical,0.0566,1975.0,592.0,92.0,Basic,Relationship manager follow-up
133411,0.0001,0,0,0.2175,Low,0.0,1.0,0.0,0.0,Basic,Standard retention nurture
133412,0.0,0,0,0.2936,Low,0.0,0.0,0.0,0.0,Standard,Standard retention nurture
133413,0.0,0,0,0.4359,Low,0.0,0.0,0.0,0.0,Standard,Standard retention nurture
133414,0.0025,0,0,0.4153,Low,0.001,43.0,13.0,13.0,Standard,Standard retention nurture
133415,0.9644,1,1,0.3966,Critical,0.3825,13795.0,4138.0,3638.0,Standard,Relationship manager follow-up
133416,0.0,0,0,0.3016,Low,0.0,0.0,0.0,0.0,Standard,Standard retention nurture
133417,0.9934,1,1,0.1728,Critical,0.1717,5056.0,1517.0,1017.0,Basic,Relationship manager follow-up
133418,0.0,0,0,0.3823,Low,0.0,0.0,0.0,0.0,Standard,Standard retention nurture
133419,0.0004,0,0,0.3223,Low,0.0001,6.0,2.0,2.0,Standard,Standard retention nurture
133420,0.9995,1,1,0.1627,Critical,0.1626,3141.0,942.0,442.0,Basic,Relationship manager follow-up
133421,0.0,0,0,0.7784,Low,0.0,0.0,0.0,0.0,Elite,Standard retention nurture
133422,0.0,0,0,0.528,Low,0.0,0.0,0.0,0.0,Premium,Standard retention nurture
133423,0.0,0,0,0.8488,Low,0.0,0.0,0.0,0.0,Elite,Standard retention nurture
133424,0.0,0,0,0.4398,Low,0.0,0.0,0.0,0.0,Standard,Standard retention nurture
133425,0.0,0,0,0.4488,Low,0.0,0.0,0.0,0.0,Standard,Standard retention nurture
133426,0.0,0,0,0.5415,Low,0.0,0.0,0.0,0.0,Premium,Standard retention nurture
133427,0.9999,1,1,0.2268,Critical,0.2268,7715.0,2314.0,1814.0,Basic,Relationship manager follow-up
133428,0.0,0,0,0.2303,Low,0.0,0.0,0.0,0.0,Basic,Standard retention nurture
133429,0.0,0,0,0.3106,Low,0.0,0.0,0.0,0.0,Standard,Standard retention nurture
133430,0.0001,0,0,0.2819,Low,0.0,0.0,0.0,0.0,Standard,Standard retention nurture
133431,0.0,0,0,0.2592,Low,0.0,0.0,0.0,0.0,Standard,Standard retention nurture
133432,0.0008,0,0,0.407,Low,0.0003,15.0,4.0,4.0,Standard,Standard retention nurture
133433,0.0001,0,0,0.311,Low,0.0,1.0,0.0,0.0,Standard,Standard retention nurture
133434,0.0,0,0,0.5386,Low,0.0,0.0,0.0,0.0,Premium,Standard retention nurture
133435,0.0,0,0,0.2555,Low,0.0,0.0,0.0,0.0,Standard,Standard retention nurture
133436,0.0539,0,0,0.4902,Low,0.0264,740.0,222.0,222.0,Standard,Standard retention nurture
133437,0.0,0,0,0.5449,Low,0.0,0.0,0.0,0.0,Premium,Standard retention nurture
133438,0.0,0,0,0.2266,Low,0.0,0.0,0.0,0.0,Basic,Standard retention nurture
133439,0.0402,0,0,0.0695,Low,0.0028,95.0,28.0,28.0,Basic,Standard retention nurture
133440,0.0,0,0,0.304,Low,0.0,0.0,0.0,0.0,Standard,Standard retention nurture
133441,0.0003,0,0,0.7802,Low,0.0002,9.0,3.0,3.0,Elite,Standard retention nurture
133442,0.9496,1,1,0.3139,Critical,0.2981,9881.0,2964.0,2464.0,Standard,Relationship manager follow-up
133443,0.0,0,0,0.4583,Low,0.0,0.0,0.0,0.0,Standard,Standard retention nurture
133444,0.9998,1,1,0.2076,Critical,0.2076,6443.0,1933.0,1433.0,Basic,Relationship manager follow-up
133445,0.0,0,0,0.4798,Low,0.0,0.0,0.0,0.0,Standard,Standard retention nurture
133446,0.0,0,0,0.356,Low,0.0,0.0,0.0,0.0,Standard,Standard retention nurture
133447,0.0,0,0,0.609,Low,0.0,0.0,0.0,0.0,Premium,Standard retention nurture
133448,0.9942,1,1,0.1699,Critical,0.1689,6575.0,1972.0,1472.0,Basic,Relationship manager follow-up
133449,0.0,0,0,0.3044,Low,0.0,0.0,0.0,0.0,Standard,Standard retention nurture
133450,0.0002,0,0,0.4591,Low,0.0001,4.0,1.0,1.0,Standard,Standard retention nurture
133451,0.0,0,0,0.6582,Low,0.0,0.0,0.0,0.0,Premium,Standard retention nurture
133452,0.9999,1,1,0.1685,Critical,0.1685,4452.0,1336.0,836.0,Basic,Relationship manager follow-up
133453,0.0001,0,0,0.3474,Low,0.0,1.0,0.0,0.0,Standard,Standard retention nurture
133454,0.0,0,0,0.5951,Low,0.0,0.0,0.0,0.0,Premium,Standard retention nurture
133455,0.0,0,0,0.4359,Low,0.0,0.0,0.0,0.0,Standard,Standard retention nurture
133456,0.0,0,0,0.4147,Low,0.0,0.0,0.0,0.0,Standard,Standard retention nurture
133457,0.0,0,0,0.4825,Low,0.0,0.0,0.0,0.0,Standard,Standard retention nurture
133458,0.0,0,0,0.2401,Low,0.0,0.0,0.0,0.0,Basic,Standard retention nurture
133459,0.0,0,0,0.2802,Low,0.0,0.0,0.0,0.0,Standard,Standard retention nurture
133460,0.0,0,0,0.0913,Low,0.0,0.0,0.0,0.0,Basic,Standard retention nurture
133461,0.0,0,0,0.4076,Low,0.0,0.0,0.0,0.0,Standard,Standard retention nurture
133462,0.0001,0,0,0.1197,Low,0.0,0.0,0.0,0.0,Basic,Standard retention nurture
133463,0.0,0,0,0.6373,Low,0.0,0.0,0.0,0.0,Premium,Standard retention nurture
133464,0.9989,1,1,0.5498,Critical,0.5492,16429.0,4929.0,4429.0,Premium,Relationship manager follow-up
133465,0.9954,1,1,0.7316,Critical,0.7282,27469.0,8241.0,7741.0,Premium,Relationship manager follow-up
133466,0.0,0,0,0.4344,Low,0.0,0.0,0.0,0.0,Standard,Standard retention nurture
133467,0.6584,1,0,0.4333,High,0.2853,10247.0,3074.0,2574.0,Standard,Relationship manager follow-up
133468,0.0015,0,0,0.1683,Low,0.0003,7.0,2.0,2.0,Basic,Standard retention nurture
133469,1.0,1,1,0.2634,Critical,0.2634,10135.0,3040.0,2540.0,Standard,Relationship manager follow-up
133470,0.0,0,0,0.3433,Low,0.0,0.0,0.0,0.0,Standard,Standard retention nurture
133471,1.0,1,1,0.2951,Critical,0.2951,9793.0,2938.0,2438.0,Standard,Relationship manager follow-up
133472,0.0,0,0,0.6291,Low,0.0,0.0,0.0,0.0,Premium,Standard retention nurture
133473,0.0009,0,0,0.379,Low,0.0003,17.0,5.0,5.0,Standard,Standard retention nurture
133474,0.0,0,0,0.5309,Low,0.0,0.0,0.0,0.0,Premium,Standard retention nurture
133475,0.0,0,0,0.4568,Low,0.0,0.0,0.0,0.0,Standard,Standard retention nurture
133476,0.0002,0,0,0.7786,Low,0.0002,6.0,2.0,2.0,Elite,Standard retention nurture
133477,0.0,0,0,0.1411,Low,0.0,0.0,0.0,0.0,Basic,Standard retention nurture
133478,0.0,0,0,0.3394,Low,0.0,0.0,0.0,0.0,Standard,Standard retention nurture
133479,0.0003,0,0,0.1787,Low,0.0001,2.0,1.0,1.0,Basic,Standard retention nurture
133480,0.9897,1,1,0.1809,Critical,0.179,7449.0,2235.0,1735.0,Basic,Relationship manager follow-up
133481,0.9995,1,1,0.095,Critical,0.095,2742.0,823.0,323.0,Basic,Relationship manager follow-up
133482,0.1932,1,0,0.5501,Low,0.1063,3902.0,1171.0,671.0,Premium,Relationship manager follow-up
133483,0.0,0,0,0.2777,Low,0.0,0.0,0.0,0.0,Standard,Standard retention nurture
133484,0.0048,0,0,0.1914,Low,0.0009,28.0,8.0,8.0,Basic,Standard retention nurture
133485,0.0,0,0,0.4325,Low,0.0,0.0,0.0,0.0,Standard,Standard retention nurture
133486,0.0,0,0,0.2595,Low,0.0,0.0,0.0,0.0,Standard,Standard retention nurture
133487,0.9443,1,1,0.2583,Critical,0.2439,9832.0,2950.0,2450.0,Standard,Relationship manager follow-up
133488,0.0003,0,0,0.7143,Low,0.0002,9.0,3.0,3.0,Premium,Standard retention nurture
133489,0.0,0,0,0.5307,Low,0.0,0.0,0.0,0.0,Premium,Standard retention nurture
133490,0.0,0,0,0.553,Low,0.0,0.0,0.0,0.0,Premium,Standard retention nurture
133491,0.0004,0,0,0.142,Low,0.0001,2.0,1.0,1.0,Basic,Standard retention nurture
133492,0.0,0,0,0.254,Low,0.0,0.0,0.0,0.0,Standard,Standard retention nurture
133493,0.0,0,0,0.5859,Low,0.0,0.0,0.0,0.0,Premium,Standard retention nurture
133494,0.2577,1,0,0.1346,Low,0.0347,684.0,205.0,-295.0,Basic,Relationship manager follow-up
133495,0.0,0,0,0.1726,Low,0.0,0.0,0.0,0.0,Basic,Standard retention nurture
133496,0.0,0,0,0.6668,Low,0.0,0.0,0.0,0.0,Premium,Standard retention nurture
133497,0.9998,1,1,0.4057,Critical,0.4056,6941.0,2082.0,1582.0,Standard,Relationship manager follow-up
133498,0.9989,1,1,0.0716,Critical,0.0715,2655.0,796.0,296.0,Basic,Relationship manager follow-up
133499,0.0031,0,0,0.1645,Low,0.0005,6.0,2.0,2.0,Basic,Standard retention nurture
133500,0.0012,0,0,0.1482,Low,0.0002,7.0,2.0,2.0,Basic,Standard retention nurture
133501,0.0,0,0,0.5636,Low,0.0,0.0,0.0,0.0,Premium,Standard retention nurture
133502,0.0001,0,0,0.2019,Low,0.0,1.0,0.0,0.0,Basic,Standard retention nurture
133503,0.0012,0,0,0.3476,Low,0.0004,16.0,5.0,5.0,Standard,Standard retention nurture
133504,0.0004,0,0,0.1159,Low,0.0,1.0,0.0,0.0,Basic,Standard retention nurture
133505,0.0,0,0,0.3074,Low,0.0,0.0,0.0,0.0,Standard,Standard retention nurture
133506,0.0,0,0,0.4314,Low,0.0,0.0,0.0,0.0,Standard,Standard retention nurture
133507,0.0,0,0,0.5107,Low,0.0,0.0,0.0,0.0,Premium,Standard retention nurture
133508,0.0005,0,0,0.3904,Low,0.0002,10.0,3.0,3.0,Standard,Standard retention nurture
133509,0.0,0,0,0.5532,Low,0.0,0.0,0.0,0.0,Premium,Standard retention nurture
133510,1.0,1,1,0.1553,Critical,0.1553,5170.0,1551.0,1051.0,Basic,Relationship manager follow-up
133511,0.0,0,0,0.4922,Low,0.0,0.0,0.0,0.0,Standard,Standard retention nurture
133512,0.0,0,0,0.2117,Low,0.0,0.0,0.0,0.0,Basic,Standard retention nurture
133513,0.9985,1,1,0.2698,Critical,0.2694,8823.0,2647.0,2147.0,Standard,Relationship manager follow-up
133514,0.0,0,0,0.4878,Low,0.0,0.0,0.0,0.0,Standard,Standard retention nurture
133515,0.0011,0,0,0.7867,Low,0.0009,40.0,12.0,12.0,Elite,Standard retention nurture
133516,0.0,0,0,0.3385,Low,0.0,0.0,0.0,0.0,Standard,Standard retention nurture
133517,0.0,0,0,0.3103,Low,0.0,0.0,0.0,0.0,Standard,Standard retention nurture
133518,0.0042,0,0,0.2473,Low,0.001,44.0,13.0,13.0,Basic,Standard retention nurture
133519,0.0,0,0,0.5068,Low,0.0,0.0,0.0,0.0,Premium,Standard retention nurture
133520,0.9998,1,1,0.1281,Critical,0.1281,1463.0,439.0,-61.0,Basic,Relationship manager follow-up
133521,0.0005,0,0,0.6296,Low,0.0003,12.0,4.0,4.0,Premium,Standard retention nurture
133522,0.0,0,0,0.3709,Low,0.0,0.0,0.0,0.0,Standard,Standard retention nurture
133523,0.0013,0,0,0.3867,Low,0.0005,23.0,7.0,7.0,Standard,Standard retention nurture
133524,0.0,0,0,0.1928,Low,0.0,0.0,0.0,0.0,Basic,Standard retention nurture
133525,0.0007,0,0,0.1726,Low,0.0001,7.0,2.0,2.0,Basic,Standard retention nurture
133526,0.0,0,0,0.3347,Low,0.0,0.0,0.0,0.0,Standard,Standard retention nurture
133527,0.0,0,0,0.7765,Low,0.0,0.0,0.0,0.0,Elite,Standard retention nurture
133528,0.0,0,0,0.3987,Low,0.0,0.0,0.0,0.0,Standard,Standard retention nurture
133529,0.0011,0,0,0.2887,Low,0.0003,13.0,4.0,4.0,Standard,Standard retention nurture
133530,0.0002,0,0,0.1061,Low,0.0,0.0,0.0,0.0,Basic,Standard retention nurture
133531,0.1312,1,0,0.5301,Low,0.0695,3188.0,956.0,456.0,Premium,Relationship manager follow-up
133532,0.9911,1,1,0.3513,Critical,0.3482,10769.0,3231.0,2731.0,Standard,Relationship manager follow-up
133533,0.0,0,0,0.2715,Low,0.0,0.0,0.0,0.0,Standard,Standard retention nurture
133534,0.0,0,0,0.2373,Low,0.0,0.0,0.0,0.0,Basic,Standard retention nurture
133535,0.0128,0,0,0.8172,Low,0.0105,469.0,141.0,141.0,Elite,Standard retention nurture
133536,0.0,0,0,0.7189,Low,0.0,0.0,0.0,0.0,Premium,Standard retention nurture
133537,0.0,0,0,0.8196,Low,0.0,0.0,0.0,0.0,Elite,Standard retention nurture
133538,0.0,0,0,0.4373,Low,0.0,0.0,0.0,0.0,Standard,Standard retention nurture
133539,1.0,1,1,0.2444,Critical,0.2444,6773.0,2032.0,1532.0,Basic,Relationship manager follow-up
133540,0.9996,1,1,0.1223,Critical,0.1223,1529.0,459.0,-41.0,Basic,Relationship manager follow-up
133541,0.9974,1,1,0.1116,Critical,0.1113,3899.0,1170.0,670.0,Basic,Relationship manager follow-up
133542,1.0,1,1,0.1451,Critical,0.1451,3201.0,960.0,460.0,Basic,Relationship manager follow-up
133543,0.0445,0,0,0.3931,Low,0.0175,691.0,207.0,207.0,Standard,Standard retention nurture
133544,0.9977,1,1,0.2709,Critical,0.2703,9808.0,2942.0,2442.0,Standard,Relationship manager follow-up
133545,0.7329,1,1,0.3053,High,0.2238,5418.0,1625.0,1125.0,Standard,Relationship manager follow-up
133546,0.99,1,1,0.159,Critical,0.1574,6996.0,2099.0,1599.0,Basic,Relationship manager follow-up
133547,0.9999,1,1,0.0516,Critical,0.0516,2264.0,679.0,179.0,Basic,Relationship manager follow-up
133548,0.0,0,0,0.3499,Low,0.0,0.0,0.0,0.0,Standard,Standard retention nurture
133549,0.0,0,0,0.7636,Low,0.0,0.0,0.0,0.0,Elite,Standard retention nurture
133550,0.0001,0,0,0.2628,Low,0.0,1.0,0.0,0.0,Standard,Standard retention nurture
133551,0.0,0,0,0.811,Low,0.0,0.0,0.0,0.0,Elite,Standard retention nurture
133552,0.0005,0,0,0.4542,Low,0.0002,6.0,2.0,2.0,Standard,Standard retention nurture
133553,0.0002,0,0,0.3454,Low,0.0001,2.0,1.0,1.0,Standard,Standard retention nurture
133554,0.0,0,0,0.4641,Low,0.0,0.0,0.0,0.0,Standard,Standard retention nurture
133555,0.1124,1,0,0.3808,Low,0.0428,1586.0,476.0,-24.0,Standard,Relationship manager follow-up
133556,0.0,0,0,0.3096,Low,0.0,0.0,0.0,0.0,Standard,Standard retention nurture
133557,1.0,1,1,0.2,Critical,0.2,8459.0,2538.0,2038.0,Basic,Relationship manager follow-up
133558,0.0001,0,0,0.3472,Low,0.0,2.0,1.0,1.0,Standard,Standard retention nurture
133559,0.0002,0,0,0.3263,Low,0.0001,3.0,1.0,1.0,Standard,Standard retention nurture
133560,0.0,0,0,0.1341,Low,0.0,0.0,0.0,0.0,Basic,Standard retention nurture
133561,0.0,0,0,0.3148,Low,0.0,0.0,0.0,0.0,Standard,Standard retention nurture
133562,0.0003,0,0,0.5399,Low,0.0002,5.0,2.0,2.0,Premium,Standard retention nurture
133563,0.0,0,0,0.5513,Low,0.0,0.0,0.0,0.0,Premium,Standard retention nurture
133564,0.0,0,0,0.2546,Low,0.0,0.0,0.0,0.0,Standard,Standard retention nurture
133565,0.0093,0,0,0.4386,Low,0.0041,184.0,55.0,55.0,Standard,Standard retention nurture
133566,0.0001,0,0,0.2129,Low,0.0,1.0,0.0,0.0,Basic,Standard retention nurture
133567,0.0,0,0,0.7476,Low,0.0,0.0,0.0,0.0,Premium,Standard retention nurture
133568,0.0,0,0,0.2265,Low,0.0,0.0,0.0,0.0,Basic,Standard retention nurture
133569,0.0,0,0,0.1664,Low,0.0,0.0,0.0,0.0,Basic,Standard retention nurture
133570,0.0,0,0,0.2636,Low,0.0,0.0,0.0,0.0,Standard,Standard retention nurture
133571,0.0,0,0,0.7371,Low,0.0,0.0,0.0,0.0,Premium,Standard retention nurture
133572,0.9997,1,1,0.1278,Critical,0.1278,2957.0,887.0,387.0,Basic,Relationship manager follow-up
133573,0.0,0,0,0.2276,Low,0.0,0.0,0.0,0.0,Basic,Standard retention nurture
133574,0.0001,0,0,0.2251,Low,0.0,1.0,0.0,0.0,Basic,Standard retention nurture
133575,0.0,0,0,0.3586,Low,0.0,0.0,0.0,0.0,Standard,Standard retention nurture
133576,0.0276,0,0,0.1134,Low,0.0031,116.0,35.0,35.0,Basic,Standard retention nurture
133577,0.9795,1,1,0.2909,Critical,0.2849,9599.0,2880.0,2380.0,Standard,Relationship manager follow-up
133578,0.0011,0,0,0.3048,Low,0.0003,13.0,4.0,4.0,Standard,Standard retention nurture
133579,0.0,0,0,0.2371,Low,0.0,0.0,0.0,0.0,Basic,Standard retention nurture
133580,0.0004,0,0,0.9028,Low,0.0004,15.0,4.0,4.0,Elite,Standard retention nurture
133581,0.0,0,0,0.3468,Low,0.0,0.0,0.0,0.0,Standard,Standard retention nurture
133582,0.0,0,0,0.2074,Low,0.0,0.0,0.0,0.0,Basic,Standard retention nurture
133583,0.0,0,0,0.3089,Low,0.0,0.0,0.0,0.0,Standard,Standard retention nurture
133584,0.0,0,0,0.2321,Low,0.0,0.0,0.0,0.0,Basic,Standard retention nurture
133585,0.0,0,0,0.5026,Low,0.0,0.0,0.0,0.0,Premium,Standard retention nurture
133586,0.0,0,0,0.3941,Low,0.0,0.0,0.0,0.0,Standard,Standard retention nurture
133587,0.0,0,0,0.1982,Low,0.0,0.0,0.0,0.0,Basic,Standard retention nurture
133588,0.0,0,0,0.4104,Low,0.0,0.0,0.0,0.0,Standard,Standard retention nurture
133589,0.0003,0,0,0.7429,Low,0.0002,8.0,2.0,2.0,Premium,Standard retention nurture
133590,0.033,0,0,0.4421,Low,0.0146,678.0,203.0,203.0,Standard,Standard retention nurture
133591,0.0,0,0,0.3876,Low,0.0,0.0,0.0,0.0,Standard,Standard retention nurture
133592,0.0,0,0,0.4829,Low,0.0,0.0,0.0,0.0,Standard,Standard retention nurture
133593,0.0,0,0,0.4649,Low,0.0,0.0,0.0,0.0,Standard,Standard retention nurture
133594,0.0001,0,0,0.6872,Low,0.0001,3.0,1.0,1.0,Premium,Standard retention nurture
133595,0.0,0,0,0.5006,Low,0.0,0.0,0.0,0.0,Premium,Standard retention nurture
133596,0.9984,1,1,0.3473,Critical,0.3467,10530.0,3159.0,2659.0,Standard,Relationship manager follow-up
133597,0.0001,0,0,0.3953,Low,0.0,1.0,0.0,0.0,Standard,Standard retention nurture
133598,0.0,0,0,0.655,Low,0.0,0.0,0.0,0.0,Premium,Standard retention nurture
133599,0.0001,0,0,0.2547,Low,0.0,1.0,0.0,0.0,Standard,Standard retention nurture
133600,0.3469,1,0,0.1866,Low,0.0647,2367.0,710.0,210.0,Basic,Relationship manager follow-up
133601,0.0,0,0,0.1831,Low,0.0,0.0,0.0,0.0,Basic,Standard retention nurture
133602,0.0,0,0,0.6067,Low,0.0,0.0,0.0,0.0,Premium,Standard retention nurture
133603,0.0002,0,0,0.3718,Low,0.0001,1.0,0.0,0.0,Standard,Standard retention nurture
133604,0.0,0,0,0.3517,Low,0.0,0.0,0.0,0.0,Standard,Standard retention nurture
133605,0.0,0,0,0.5891,Low,0.0,0.0,0.0,0.0,Premium,Standard retention nurture
133606,0.0055,0,0,0.3256,Low,0.0018,40.0,12.0,12.0,Standard,Standard retention nurture
133607,0.0001,0,0,0.5034,Low,0.0001,1.0,0.0,0.0,Premium,Standard retention nurture
133608,0.0,0,0,0.7672,Low,0.0,0.0,0.0,0.0,Elite,Standard retention nurture
133609,0.8828,1,1,0.2285,Critical,0.2017,2330.0,699.0,199.0,Basic,Relationship manager follow-up
133610,0.0,0,0,0.2213,Low,0.0,0.0,0.0,0.0,Basic,Standard retention nurture
133611,0.0,0,0,0.2887,Low,0.0,0.0,0.0,0.0,Standard,Standard retention nurture
133612,1.0,1,1,0.1732,Critical,0.1732,3952.0,1186.0,686.0,Basic,Relationship manager follow-up
133613,0.0,0,0,0.5127,Low,0.0,0.0,0.0,0.0,Premium,Standard retention nurture
133614,0.0,0,0,0.405,Low,0.0,0.0,0.0,0.0,Standard,Standard retention nurture
133615,0.0,0,0,0.2359,Low,0.0,0.0,0.0,0.0,Basic,Standard retention nurture
133616,0.0,0,0,0.421,Low,0.0,0.0,0.0,0.0,Standard,Standard retention nurture
133617,0.0,0,0,0.347,Low,0.0,0.0,0.0,0.0,Standard,Standard retention nurture
133618,0.9843,1,1,0.225,Critical,0.2215,6767.0,2030.0,1530.0,Basic,Relationship manager follow-up
133619,0.0,0,0,0.6185,Low,0.0,0.0,0.0,0.0,Premium,Standard retention nurture
133620,0.0001,0,0,0.5094,Low,0.0001,1.0,0.0,0.0,Premium,Standard retention nurture
133621,0.0113,0,0,0.5376,Low,0.0061,300.0,90.0,90.0,Premium,Standard retention nurture
133622,0.0002,0,0,0.7773,Low,0.0002,6.0,2.0,2.0,Elite,Standard retention nurture
133623,0.9821,1,1,0.3651,Critical,0.3586,11859.0,3558.0,3058.0,Standard,Relationship manager follow-up
133624,0.0,0,0,0.7581,Low,0.0,0.0,0.0,0.0,Elite,Standard retention nurture
133625,0.0,0,0,0.6104,Low,0.0,0.0,0.0,0.0,Premium,Standard retention nurture
133626,0.0,0,0,0.2479,Low,0.0,0.0,0.0,0.0,Basic,Standard retention nurture
133627,1.0,1,1,0.1349,Critical,0.1349,4523.0,1357.0,857.0,Basic,Relationship manager follow-up
133628,0.0001,0,0,0.1365,Low,0.0,0.0,0.0,0.0,Basic,Standard retention nurture
133629,1.0,1,1,0.1878,Critical,0.1878,6623.0,1987.0,1487.0,Basic,Relationship manager follow-up
133630,0.0,0,0,0.3096,Low,0.0,0.0,0.0,0.0,Standard,Standard retention nurture
133631,0.0,0,0,0.2844,Low,0.0,0.0,0.0,0.0,Standard,Standard retention nurture
133632,0.0,0,0,0.2889,Low,0.0,0.0,0.0,0.0,Standard,Standard retention nurture
133633,0.0,0,0,0.5852,Low,0.0,0.0,0.0,0.0,Premium,Standard retention nurture
133634,0.0,0,0,0.5837,Low,0.0,0.0,0.0,0.0,Premium,Standard retention nurture
133635,0.0,0,0,0.6351,Low,0.0,0.0,0.0,0.0,Premium,Standard retention nurture
133636,0.0006,0,0,0.3016,Low,0.0002,6.0,2.0,2.0,Standard,Standard retention nurture
133637,0.0001,0,0,0.5785,Low,0.0001,3.0,1.0,1.0,Premium,Standard retention nurture
133638,0.001,0,0,0.3618,Low,0.0004,8.0,2.0,2.0,Standard,Standard retention nurture
133639,1.0,1,1,0.2992,Critical,0.2992,9124.0,2737.0,2237.0,Standard,Relationship manager follow-up
133640,0.0,0,0,0.3667,Low,0.0,0.0,0.0,0.0,Standard,Standard retention nurture
133641,0.0,0,0,0.4593,Low,0.0,0.0,0.0,0.0,Standard,Standard retention nurture
133642,0.0,0,0,0.3512,Low,0.0,0.0,0.0,0.0,Standard,Standard retention nurture
133643,0.0002,0,0,0.4005,Low,0.0001,3.0,1.0,1.0,Standard,Standard retention nurture
133644,0.9995,1,1,0.1151,Critical,0.115,3002.0,901.0,401.0,Basic,Relationship manager follow-up
133645,0.0021,0,0,0.6925,Low,0.0015,56.0,17.0,17.0,Premium,Standard retention nurture
133646,0.0002,0,0,0.6147,Low,0.0001,6.0,2.0,2.0,Premium,Standard retention nurture
133647,0.0,0,0,0.334,Low,0.0,0.0,0.0,0.0,Standard,Standard retention nurture
133648,0.0,0,0,0.1485,Low,0.0,0.0,0.0,0.0,Basic,Standard retention nurture
133649,0.0026,0,0,0.444,Low,0.0012,40.0,12.0,12.0,Standard,Standard retention nurture
133650,0.0042,0,0,0.2877,Low,0.0012,37.0,11.0,11.0,Standard,Standard retention nurture
133651,0.0069,0,0,0.378,Low,0.0026,62.0,19.0,19.0,Standard,Standard retention nurture
133652,0.0,0,0,0.2543,Low,0.0,0.0,0.0,0.0,Standard,Standard retention nurture
133653,0.0039,0,0,0.357,Low,0.0014,57.0,17.0,17.0,Standard,Standard retention nurture
133654,0.0,0,0,0.4648,Low,0.0,0.0,0.0,0.0,Standard,Standard retention nurture
133655,1.0,1,1,0.3026,Critical,0.3026,12054.0,3616.0,3116.0,Standard,Relationship manager follow-up
133656,0.0,0,0,0.6196,Low,0.0,0.0,0.0,0.0,Premium,Standard retention nurture
133657,0.0,0,0,0.3483,Low,0.0,0.0,0.0,0.0,Standard,Standard retention nurture
133658,1.0,1,1,0.1299,Critical,0.1299,3803.0,1141.0,641.0,Basic,Relationship manager follow-up
133659,0.0004,0,0,0.1678,Low,0.0001,3.0,1.0,1.0,Basic,Standard retention nurture
133660,0.0,0,0,0.5009,Low,0.0,0.0,0.0,0.0,Premium,Standard retention nurture
133661,0.0002,0,0,0.5091,Low,0.0001,4.0,1.0,1.0,Premium,Standard retention nurture
133662,0.0,0,0,0.5428,Low,0.0,0.0,0.0,0.0,Premium,Standard retention nurture
133663,0.0004,0,0,0.4406,Low,0.0002,7.0,2.0,2.0,Standard,Standard retention nurture
133664,0.0,0,0,0.3379,Low,0.0,0.0,0.0,0.0,Standard,Standard retention nurture
133665,0.0,0,0,0.2678,Low,0.0,0.0,0.0,0.0,Standard,Standard retention nurture
133666,0.0,0,0,0.2789,Low,0.0,0.0,0.0,0.0,Standard,Standard retention nurture
133667,0.0001,0,0,0.5577,Low,0.0001,2.0,1.0,1.0,Premium,Standard retention nurture
133668,0.0,0,0,0.5679,Low,0.0,0.0,0.0,0.0,Premium,Standard retention nurture
133669,0.0,0,0,0.5857,Low,0.0,0.0,0.0,0.0,Premium,Standard retention nurture
133670,0.0,0,0,0.4983,Low,0.0,0.0,0.0,0.0,Standard,Standard retention nurture
133671,0.0,0,0,0.2384,Low,0.0,0.0,0.0,0.0,Basic,Standard retention nurture
133672,0.2527,1,0,0.2986,Low,0.0755,2908.0,872.0,372.0,Standard,Relationship manager follow-up
133673,0.0,0,0,0.9293,Low,0.0,0.0,0.0,0.0,Elite,Standard retention nurture
133674,0.0,0,0,0.4902,Low,0.0,0.0,0.0,0.0,Standard,Standard retention nurture
133675,0.9976,1,1,0.2113,Critical,0.2108,7833.0,2350.0,1850.0,Basic,Relationship manager follow-up
133676,0.0,0,0,0.8028,Low,0.0,0.0,0.0,0.0,Elite,Standard retention nurture
133677,0.5301,1,1,0.3136,Medium,0.1662,6469.0,1941.0,1441.0,Standard,Relationship manager follow-up
133678,0.9998,1,1,0.1696,Critical,0.1696,7028.0,2108.0,1608.0,Basic,Relationship manager follow-up
133679,0.0002,0,0,0.441,Low,0.0001,3.0,1.0,1.0,Standard,Standard retention nurture
133680,0.0002,0,0,0.193,Low,0.0,1.0,0.0,0.0,Basic,Standard retention nurture
133681,0.0,0,0,0.127,Low,0.0,0.0,0.0,0.0,Basic,Standard retention nurture
133682,0.0,0,0,0.8582,Low,0.0,0.0,0.0,0.0,Elite,Standard retention nurture
133683,0.0,0,0,0.624,Low,0.0,0.0,0.0,0.0,Premium,Standard retention nurture
133684,0.0,0,0,0.2247,Low,0.0,0.0,0.0,0.0,Basic,Standard retention nurture
133685,0.0,0,0,0.2164,Low,0.0,0.0,0.0,0.0,Basic,Standard retention nurture
133686,0.0008,0,0,0.2346,Low,0.0002,4.0,1.0,1.0,Basic,Standard retention nurture
133687,0.0,0,0,0.4018,Low,0.0,0.0,0.0,0.0,Standard,Standard retention nurture
133688,0.0,0,0,0.1382,Low,0.0,0.0,0.0,0.0,Basic,Standard retention nurture
133689,0.0,0,0,0.1393,Low,0.0,0.0,0.0,0.0,Basic,Standard retention nurture
133690,0.0,0,0,0.4123,Low,0.0,0.0,0.0,0.0,Standard,Standard retention nurture
133691,0.0,0,0,0.4375,Low,0.0,0.0,0.0,0.0,Standard,Standard retention nurture
133692,0.0001,0,0,0.3423,Low,0.0,1.0,0.0,0.0,Standard,Standard retention nurture
133693,1.0,1,1,0.1707,Critical,0.1707,5062.0,1519.0,1019.0,Basic,Relationship manager follow-up
133694,0.0,0,0,0.3374,Low,0.0,0.0,0.0,0.0,Standard,Standard retention nurture
133695,0.0,0,0,0.2337,Low,0.0,0.0,0.0,0.0,Basic,Standard retention nurture
133696,0.0,0,0,0.1219,Low,0.0,0.0,0.0,0.0,Basic,Standard retention nurture
133697,0.9961,1,1,0.0881,Critical,0.0878,2349.0,705.0,205.0,Basic,Relationship manager follow-up
133698,0.0,0,0,0.4645,Low,0.0,0.0,0.0,0.0,Standard,Standard retention nurture
133699,0.0,0,0,0.374,Low,0.0,0.0,0.0,0.0,Standard,Standard retention nurture
133700,0.0,0,0,0.5046,Low,0.0,0.0,0.0,0.0,Premium,Standard retention nurture
133701,0.9969,1,1,0.1918,Critical,0.1912,6333.0,1900.0,1400.0,Basic,Relationship manager follow-up
133702,0.9999,1,1,0.1495,Critical,0.1495,1958.0,587.0,87.0,Basic,Relationship manager follow-up
133703,0.0002,0,0,0.2318,Low,0.0,2.0,1.0,1.0,Basic,Standard retention nurture
133704,0.0,0,0,0.526,Low,0.0,0.0,0.0,0.0,Premium,Standard retention nurture
133705,0.0078,0,0,0.3899,Low,0.003,67.0,20.0,20.0,Standard,Standard retention nurture
133706,0.0001,0,0,0.9095,Low,0.0001,4.0,1.0,1.0,Elite,Standard retention nurture
133707,0.0,0,0,0.3631,Low,0.0,0.0,0.0,0.0,Standard,Standard retention nurture
133708,0.0,0,0,0.2256,Low,0.0,0.0,0.0,0.0,Basic,Standard retention nurture
133709,0.0,0,0,0.2926,Low,0.0,0.0,0.0,0.0,Standard,Standard retention nurture
133710,0.0003,0,0,0.4448,Low,0.0001,5.0,2.0,2.0,Standard,Standard retention nurture
133711,0.0018,0,0,0.1968,Low,0.0004,10.0,3.0,3.0,Basic,Standard retention nurture
133712,0.0,0,0,0.4034,Low,0.0,0.0,0.0,0.0,Standard,Standard retention nurture
133713,0.0004,0,0,0.2749,Low,0.0001,1.0,0.0,0.0,Standard,Standard retention nurture
133714,0.0,0,0,0.461,Low,0.0,0.0,0.0,0.0,Standard,Standard retention nurture
133715,0.9938,1,1,0.2856,Critical,0.2838,8108.0,2432.0,1932.0,Standard,Relationship manager follow-up
133716,0.0,0,0,0.7882,Low,0.0,0.0,0.0,0.0,Elite,Standard retention nurture
133717,0.0,0,0,0.8454,Low,0.0,0.0,0.0,0.0,Elite,Standard retention nurture
133718,0.0001,0,0,0.6579,Low,0.0001,2.0,1.0,1.0,Premium,Standard retention nurture
133719,0.0,0,0,0.3065,Low,0.0,0.0,0.0,0.0,Standard,Standard retention nurture
133720,0.0064,0,0,0.2315,Low,0.0015,68.0,20.0,20.0,Basic,Standard retention nurture
133721,0.0,0,0,0.1952,Low,0.0,0.0,0.0,0.0,Basic,Standard retention nurture
133722,0.0039,0,0,0.6361,Low,0.0025,133.0,40.0,40.0,Premium,Standard retention nurture
133723,0.0,0,0,0.4543,Low,0.0,0.0,0.0,0.0,Standard,Standard retention nurture
133724,0.0,0,0,0.3049,Low,0.0,0.0,0.0,0.0,Standard,Standard retention nurture
133725,0.9235,1,1,0.2459,Critical,0.2271,7535.0,2260.0,1760.0,Basic,Relationship manager follow-up
133726,0.0003,0,0,0.2902,Low,0.0001,3.0,1.0,1.0,Standard,Standard retention nurture
133727,0.9989,1,1,0.3524,Critical,0.352,11397.0,3419.0,2919.0,Standard,Relationship manager follow-up
133728,0.0,0,0,0.3738,Low,0.0,0.0,0.0,0.0,Standard,Standard retention nurture
133729,0.0001,0,0,0.5355,Low,0.0001,3.0,1.0,1.0,Premium,Standard retention nurture
133730,0.9998,1,1,0.3658,Critical,0.3657,17403.0,5221.0,4721.0,Standard,Relationship manager follow-up
133731,0.0026,0,0,0.3977,Low,0.001,31.0,9.0,9.0,Standard,Standard retention nurture
133732,1.0,1,1,0.1231,Critical,0.1231,3492.0,1048.0,548.0,Basic,Relationship manager follow-up
133733,0.0,0,0,0.2124,Low,0.0,0.0,0.0,0.0,Basic,Standard retention nurture
133734,0.9998,1,1,0.2686,Critical,0.2685,7400.0,2220.0,1720.0,Standard,Relationship manager follow-up
133735,1.0,1,1,0.1333,Critical,0.1333,2875.0,862.0,362.0,Basic,Relationship manager follow-up
133736,0.0,0,0,0.2148,Low,0.0,0.0,0.0,0.0,Basic,Standard retention nurture
133737,0.0001,0,0,0.2021,Low,0.0,1.0,0.0,0.0,Basic,Standard retention nurture
133738,0.0018,0,0,0.2871,Low,0.0005,28.0,8.0,8.0,Standard,Standard retention nurture
133739,0.9983,1,1,0.1605,Critical,0.1602,5488.0,1646.0,1146.0,Basic,Relationship manager follow-up
133740,0.0034,0,0,0.2575,Low,0.0009,16.0,5.0,5.0,Standard,Standard retention nurture
133741,0.0,0,0,0.4212,Low,0.0,0.0,0.0,0.0,Standard,Standard retention nurture
133742,0.0,0,0,0.2599,Low,0.0,0.0,0.0,0.0,Standard,Standard retention nurture
133743,0.0002,0,0,0.6593,Low,0.0001,7.0,2.0,2.0,Premium,Standard retention nurture
133744,0.0,0,0,0.195,Low,0.0,0.0,0.0,0.0,Basic,Standard retention nurture
133745,0.0002,0,0,0.2667,Low,0.0001,2.0,1.0,1.0,Standard,Standard retention nurture
133746,0.0,0,0,0.2064,Low,0.0,0.0,0.0,0.0,Basic,Standard retention nurture
133747,0.0,0,0,0.4631,Low,0.0,0.0,0.0,0.0,Standard,Standard retention nurture
133748,0.9997,1,1,0.1539,Critical,0.1539,3633.0,1090.0,590.0,Basic,Relationship manager follow-up
133749,0.0003,0,0,0.5449,Low,0.0002,8.0,2.0,2.0,Premium,Standard retention nurture
133750,0.0,0,0,0.2611,Low,0.0,0.0,0.0,0.0,Standard,Standard retention nurture
133751,0.0,0,0,0.4549,Low,0.0,0.0,0.0,0.0,Standard,Standard retention nurture
133752,0.0371,0,0,0.3594,Low,0.0133,506.0,152.0,152.0,Standard,Standard retention nurture
133753,0.0048,0,0,0.2716,Low,0.0013,24.0,7.0,7.0,Standard,Standard retention nurture
133754,0.0004,0,0,0.2498,Low,0.0001,3.0,1.0,1.0,Basic,Standard retention nurture
133755,0.0,0,0,0.5284,Low,0.0,0.0,0.0,0.0,Premium,Standard retention nurture
133756,0.0,0,0,0.2235,Low,0.0,0.0,0.0,0.0,Basic,Standard retention nurture
133757,0.0,0,0,0.2296,Low,0.0,0.0,0.0,0.0,Basic,Standard retention nurture
133758,0.0003,0,0,0.3415,Low,0.0001,3.0,1.0,1.0,Standard,Standard retention nurture
133759,0.0006,0,0,0.7485,Low,0.0004,21.0,6.0,6.0,Premium,Standard retention nurture
133760,0.0,0,0,0.3487,Low,0.0,0.0,0.0,0.0,Standard,Standard retention nurture
133761,0.0,0,0,0.297,Low,0.0,0.0,0.0,0.0,Standard,Standard retention nurture
133762,0.9997,1,1,0.0897,Critical,0.0897,1743.0,523.0,23.0,Basic,Relationship manager follow-up
133763,1.0,1,1,0.0878,Critical,0.0878,979.0,294.0,-206.0,Basic,Relationship manager follow-up
133764,0.0,0,0,0.2864,Low,0.0,0.0,0.0,0.0,Standard,Standard retention nurture
133765,0.0,0,0,0.2586,Low,0.0,0.0,0.0,0.0,Standard,Standard retention nurture
133766,0.0,0,0,0.2095,Low,0.0,0.0,0.0,0.0,Basic,Standard retention nurture
133767,0.0326,0,0,0.5873,Low,0.0191,762.0,229.0,229.0,Premium,Standard retention nurture
133768,0.0343,0,0,0.3276,Low,0.0112,368.0,110.0,110.0,Standard,Standard retention nurture
133769,0.0,0,0,0.59,Low,0.0,0.0,0.0,0.0,Premium,Standard retention nurture
133770,0.0,0,0,0.8617,Low,0.0,0.0,0.0,0.0,Elite,Standard retention nurture
133771,0.9996,1,1,0.1123,Critical,0.1123,4981.0,1494.0,994.0,Basic,Relationship manager follow-up
133772,0.999,1,1,0.1404,Critical,0.1403,3533.0,1060.0,560.0,Basic,Relationship manager follow-up
133773,0.0,0,0,0.4125,Low,0.0,0.0,0.0,0.0,Standard,Standard retention nurture
133774,0.1849,1,0,0.6503,Low,0.1202,5980.0,1794.0,1294.0,Premium,Relationship manager follow-up
133775,0.0,0,0,0.2288,Low,0.0,0.0,0.0,0.0,Basic,Standard retention nurture
133776,0.0,0,0,0.8162,Low,0.0,0.0,0.0,0.0,Elite,Standard retention nurture
133777,0.8444,1,1,0.4775,Critical,0.4032,13355.0,4006.0,3506.0,Standard,Relationship manager follow-up
133778,0.1231,1,0,0.3742,Low,0.0461,1693.0,508.0,8.0,Standard,Relationship manager follow-up
133779,0.0,0,0,0.1807,Low,0.0,0.0,0.0,0.0,Basic,Standard retention nurture
133780,0.0,0,0,0.3624,Low,0.0,0.0,0.0,0.0,Standard,Standard retention nurture
133781,0.0,0,0,0.5594,Low,0.0,0.0,0.0,0.0,Premium,Standard retention nurture
133782,0.0,0,0,0.0952,Low,0.0,0.0,0.0,0.0,Basic,Standard retention nurture
133783,0.0,0,0,0.3703,Low,0.0,0.0,0.0,0.0,Standard,Standard retention nurture
133784,0.0002,0,0,0.5492,Low,0.0001,5.0,2.0,2.0,Premium,Standard retention nurture
133785,0.0001,0,0,0.1693,Low,0.0,0.0,0.0,0.0,Basic,Standard retention nurture
133786,1.0,1,1,0.0303,Critical,0.0303,1703.0,511.0,11.0,Basic,Relationship manager follow-up
133787,0.0007,0,0,0.12,Low,0.0001,2.0,1.0,1.0,Basic,Standard retention nurture
133788,0.0005,0,0,0.4172,Low,0.0002,4.0,1.0,1.0,Standard,Standard retention nurture
133789,0.0,0,0,0.228,Low,0.0,0.0,0.0,0.0,Basic,Standard retention nurture
133790,0.0009,0,0,0.0953,Low,0.0001,2.0,1.0,1.0,Basic,Standard retention nurture
133791,0.0,0,0,0.2724,Low,0.0,0.0,0.0,0.0,Standard,Standard retention nurture
133792,0.0,0,0,0.747,Low,0.0,0.0,0.0,0.0,Premium,Standard retention nurture
133793,0.9991,1,1,0.2059,Critical,0.2057,7718.0,2315.0,1815.0,Basic,Relationship manager follow-up
133794,0.0,0,0,0.5683,Low,0.0,0.0,0.0,0.0,Premium,Standard retention nurture
133795,0.0,0,0,0.2808,Low,0.0,0.0,0.0,0.0,Standard,Standard retention nurture
133796,1.0,1,1,0.091,Critical,0.091,1905.0,572.0,72.0,Basic,Relationship manager follow-up
133797,0.0,0,0,0.4469,Low,0.0,0.0,0.0,0.0,Standard,Standard retention nurture
133798,0.0,0,0,0.662,Low,0.0,0.0,0.0,0.0,Premium,Standard retention nurture
133799,0.0002,0,0,0.2589,Low,0.0001,1.0,0.0,0.0,Standard,Standard retention nurture
133800,0.0,0,0,0.3828,Low,0.0,0.0,0.0,0.0,Standard,Standard retention nurture
133801,0.0004,0,0,0.3912,Low,0.0002,7.0,2.0,2.0,Standard,Standard retention nurture
133802,0.0,0,0,0.2929,Low,0.0,0.0,0.0,0.0,Standard,Standard retention nurture
133803,0.0,0,0,0.6739,Low,0.0,0.0,0.0,0.0,Premium,Standard retention nurture
133804,0.001,0,0,0.4287,Low,0.0004,19.0,6.0,6.0,Standard,Standard retention nurture
133805,0.0,0,0,0.2741,Low,0.0,0.0,0.0,0.0,Standard,Standard retention nurture
133806,0.0001,0,0,0.3803,Low,0.0,1.0,0.0,0.0,Standard,Standard retention nurture
133807,0.9775,1,1,0.5531,Critical,0.5407,17924.0,5377.0,4877.0,Premium,Relationship manager follow-up
133808,0.0252,0,0,0.1968,Low,0.005,165.0,50.0,50.0,Basic,Standard retention nurture
133809,0.0007,0,0,0.3432,Low,0.0002,4.0,1.0,1.0,Standard,Standard retention nurture
133810,0.0,0,0,0.3262,Low,0.0,0.0,0.0,0.0,Standard,Standard retention nurture
133811,0.0,0,0,0.3125,Low,0.0,0.0,0.0,0.0,Standard,Standard retention nurture
133812,0.0,0,0,0.4156,Low,0.0,0.0,0.0,0.0,Standard,Standard retention nurture
133813,0.0,0,0,0.2595,Low,0.0,0.0,0.0,0.0,Standard,Standard retention nurture
133814,0.9991,1,1,0.0624,Critical,0.0623,3312.0,994.0,494.0,Basic,Relationship manager follow-up
133815,0.0003,0,0,0.1983,Low,0.0001,2.0,1.0,1.0,Basic,Standard retention nurture
133816,0.0006,0,0,0.357,Low,0.0002,10.0,3.0,3.0,Standard,Standard retention nurture
133817,0.0,0,0,0.2834,Low,0.0,0.0,0.0,0.0,Standard,Standard retention nurture
133818,0.0,0,0,0.3237,Low,0.0,0.0,0.0,0.0,Standard,Standard retention nurture
133819,0.0,0,0,0.5217,Low,0.0,0.0,0.0,0.0,Premium,Standard retention nurture
133820,0.9999,1,1,0.2029,Critical,0.2029,5924.0,1777.0,1277.0,Basic,Relationship manager follow-up
133821,0.0,0,0,0.4082,Low,0.0,0.0,0.0,0.0,Standard,Standard retention nurture
133822,0.0001,0,0,0.3897,Low,0.0,1.0,0.0,0.0,Standard,Standard retention nurture
133823,1.0,1,1,0.2246,Critical,0.2246,10635.0,3190.0,2690.0,Basic,Relationship manager follow-up
133824,0.0,0,0,0.2356,Low,0.0,0.0,0.0,0.0,Basic,Standard retention nurture
133825,0.0001,0,0,0.3626,Low,0.0,2.0,1.0,1.0,Standard,Standard retention nurture
133826,0.0,0,0,0.2804,Low,0.0,0.0,0.0,0.0,Standard,Standard retention nurture
133827,0.0003,0,0,0.326,Low,0.0001,1.0,0.0,0.0,Standard,Standard retention nurture
133828,0.0,0,0,0.7622,Low,0.0,0.0,0.0,0.0,Elite,Standard retention nurture
133829,0.0,0,0,0.186,Low,0.0,0.0,0.0,0.0,Basic,Standard retention nurture
133830,0.0,0,0,0.2719,Low,0.0,0.0,0.0,0.0,Standard,Standard retention nurture
133831,0.9873,1,1,0.1736,Critical,0.1714,4171.0,1251.0,751.0,Basic,Relationship manager follow-up
133832,0.0,0,0,0.358,Low,0.0,0.0,0.0,0.0,Standard,Standard retention nurture
133833,0.0001,0,0,0.2616,Low,0.0,1.0,0.0,0.0,Standard,Standard retention nurture
133834,0.0,0,0,0.1742,Low,0.0,0.0,0.0,0.0,Basic,Standard retention nurture
133835,0.0,0,0,0.4463,Low,0.0,0.0,0.0,0.0,Standard,Standard retention nurture
133836,0.0,0,0,0.2822,Low,0.0,0.0,0.0,0.0,Standard,Standard retention nurture
133837,0.0,0,0,0.4703,Low,0.0,0.0,0.0,0.0,Standard,Standard retention nurture
133838,0.0,0,0,0.8775,Low,0.0,0.0,0.0,0.0,Elite,Standard retention nurture
133839,0.0,0,0,0.6839,Low,0.0,0.0,0.0,0.0,Premium,Standard retention nurture
133840,0.9991,1,1,0.4278,Critical,0.4274,15038.0,4511.0,4011.0,Standard,Relationship manager follow-up
133841,0.0,0,0,0.2374,Low,0.0,0.0,0.0,0.0,Basic,Standard retention nurture
133842,0.0,0,0,0.3288,Low,0.0,0.0,0.0,0.0,Standard,Standard retention nurture
133843,0.0,0,0,0.5746,Low,0.0,0.0,0.0,0.0,Premium,Standard retention nurture
133844,0.0,0,0,0.3578,Low,0.0,0.0,0.0,0.0,Standard,Standard retention nurture
133845,0.0,0,0,0.4253,Low,0.0,0.0,0.0,0.0,Standard,Standard retention nurture
133846,0.0,0,0,0.1248,Low,0.0,0.0,0.0,0.0,Basic,Standard retention nurture
133847,0.0,0,0,0.1719,Low,0.0,0.0,0.0,0.0,Basic,Standard retention nurture
133848,0.0,0,0,0.7833,Low,0.0,0.0,0.0,0.0,Elite,Standard retention nurture
133849,0.0,0,0,0.2027,Low,0.0,0.0,0.0,0.0,Basic,Standard retention nurture
133850,0.0,0,0,0.4507,Low,0.0,0.0,0.0,0.0,Standard,Standard retention nurture
133851,0.0,0,0,0.2999,Low,0.0,0.0,0.0,0.0,Standard,Standard retention nurture
133852,0.0002,0,0,0.0984,Low,0.0,1.0,0.0,0.0,Basic,Standard retention nurture
133853,0.0597,0,0,0.2344,Low,0.014,332.0,100.0,100.0,Basic,Standard retention nurture
133854,0.0003,0,0,0.7718,Low,0.0002,9.0,3.0,3.0,Elite,Standard retention nurture
133855,0.0056,0,0,0.406,Low,0.0023,94.0,28.0,28.0,Standard,Standard retention nurture
133856,0.0002,0,0,0.5041,Low,0.0001,4.0,1.0,1.0,Premium,Standard retention nurture
133857,0.0,0,0,0.4624,Low,0.0,0.0,0.0,0.0,Standard,Standard retention nurture
133858,0.0124,0,0,0.3834,Low,0.0048,66.0,20.0,20.0,Standard,Standard retention nurture
133859,1.0,1,1,0.104,Critical,0.104,3751.0,1125.0,625.0,Basic,Relationship manager follow-up
133860,0.0,0,0,0.3466,Low,0.0,0.0,0.0,0.0,Standard,Standard retention nurture
133861,0.0,0,0,0.2777,Low,0.0,0.0,0.0,0.0,Standard,Standard retention nurture
133862,0.0,0,0,0.2087,Low,0.0,0.0,0.0,0.0,Basic,Standard retention nurture
133863,0.0,0,0,0.471,Low,0.0,0.0,0.0,0.0,Standard,Standard retention nurture
133864,0.0411,0,0,0.1344,Low,0.0055,217.0,65.0,65.0,Basic,Standard retention nurture
133865,0.0,0,0,0.5942,Low,0.0,0.0,0.0,0.0,Premium,Standard retention nurture
133866,0.0087,0,0,0.2244,Low,0.002,75.0,22.0,22.0,Basic,Standard retention nurture
133867,0.9961,1,1,0.0474,Critical,0.0472,3658.0,1097.0,597.0,Basic,Relationship manager follow-up
133868,0.0003,0,0,0.7071,Low,0.0002,8.0,2.0,2.0,Premium,Standard retention nurture
133869,0.0,0,0,0.2213,Low,0.0,0.0,0.0,0.0,Basic,Standard retention nurture
133870,0.9987,1,1,0.3043,Critical,0.3039,13197.0,3959.0,3459.0,Standard,Relationship manager follow-up
133871,0.0001,0,0,0.3808,Low,0.0,1.0,0.0,0.0,Standard,Standard retention nurture
133872,0.0,0,0,0.554,Low,0.0,0.0,0.0,0.0,Premium,Standard retention nurture
133873,0.0007,0,0,0.4508,Low,0.0003,9.0,3.0,3.0,Standard,Standard retention nurture
133874,0.0,0,0,0.2397,Low,0.0,0.0,0.0,0.0,Basic,Standard retention nurture
133875,0.0,0,0,0.5213,Low,0.0,0.0,0.0,0.0,Premium,Standard retention nurture
133876,0.0,0,0,0.2179,Low,0.0,0.0,0.0,0.0,Basic,Standard retention nurture
133877,0.0002,0,0,0.2782,Low,0.0001,1.0,0.0,0.0,Standard,Standard retention nurture
133878,0.0002,0,0,0.3141,Low,0.0001,3.0,1.0,1.0,Standard,Standard retention nurture
133879,0.0,0,0,0.1924,Low,0.0,0.0,0.0,0.0,Basic,Standard retention nurture
133880,0.0001,0,0,0.4204,Low,0.0,2.0,1.0,1.0,Standard,Standard retention nurture
133881,0.0,0,0,0.3688,Low,0.0,0.0,0.0,0.0,Standard,Standard retention nurture
133882,0.0,0,0,0.6947,Low,0.0,0.0,0.0,0.0,Premium,Standard retention nurture
133883,0.0001,0,0,0.2214,Low,0.0,0.0,0.0,0.0,Basic,Standard retention nurture
133884,0.0,0,0,0.2711,Low,0.0,0.0,0.0,0.0,Standard,Standard retention nurture
133885,0.0031,0,0,0.1938,Low,0.0006,14.0,4.0,4.0,Basic,Standard retention nurture
133886,0.9995,1,1,0.2434,Critical,0.2433,6095.0,1828.0,1328.0,Basic,Relationship manager follow-up
133887,0.0001,0,0,0.5019,Low,0.0001,2.0,1.0,1.0,Premium,Standard retention nurture
133888,0.0,0,0,0.1325,Low,0.0,0.0,0.0,0.0,Basic,Standard retention nurture
133889,0.0001,0,0,0.4636,Low,0.0,2.0,1.0,1.0,Standard,Standard retention nurture
133890,0.0012,0,0,0.5444,Low,0.0007,24.0,7.0,7.0,Premium,Standard retention nurture
133891,0.9933,1,1,0.0528,Critical,0.0524,907.0,272.0,-228.0,Basic,Relationship manager follow-up
133892,0.0,0,0,0.2228,Low,0.0,0.0,0.0,0.0,Basic,Standard retention nurture
133893,0.9998,1,1,0.1317,Critical,0.1317,4313.0,1294.0,794.0,Basic,Relationship manager follow-up
133894,0.0,0,0,0.3422,Low,0.0,0.0,0.0,0.0,Standard,Standard retention nurture
133895,0.0001,0,0,0.3906,Low,0.0,1.0,0.0,0.0,Standard,Standard retention nurture
133896,0.0,0,0,0.32,Low,0.0,0.0,0.0,0.0,Standard,Standard retention nurture
133897,0.9995,1,1,0.1778,Critical,0.1777,4754.0,1426.0,926.0,Basic,Relationship manager follow-up
133898,0.0241,0,0,0.3809,Low,0.0092,390.0,117.0,117.0,Standard,Standard retention nurture
133899,0.0,0,0,0.5899,Low,0.0,0.0,0.0,0.0,Premium,Standard retention nurture
133900,0.0,0,0,0.2767,Low,0.0,0.0,0.0,0.0,Standard,Standard retention nurture
133901,0.0,0,0,0.5092,Low,0.0,0.0,0.0,0.0,Premium,Standard retention nurture
133902,0.0,0,0,0.2825,Low,0.0,0.0,0.0,0.0,Standard,Standard retention nurture
133903,0.0,0,0,0.7342,Low,0.0,0.0,0.0,0.0,Premium,Standard retention nurture
133904,0.9998,1,1,0.0732,Critical,0.0732,2671.0,801.0,301.0,Basic,Relationship manager follow-up
133905,0.0002,0,0,0.3431,Low,0.0001,2.0,1.0,1.0,Standard,Standard retention nurture
133906,0.0,0,0,0.5208,Low,0.0,0.0,0.0,0.0,Premium,Standard retention nurture
133907,0.0,0,0,0.2635,Low,0.0,0.0,0.0,0.0,Standard,Standard retention nurture
133908,0.0017,0,0,0.3329,Low,0.0006,28.0,8.0,8.0,Standard,Standard retention nurture
133909,0.0,0,0,0.7567,Low,0.0,0.0,0.0,0.0,Elite,Standard retention nurture
133910,0.0,0,0,0.5013,Low,0.0,0.0,0.0,0.0,Premium,Standard retention nurture
133911,0.0,0,0,0.4115,Low,0.0,0.0,0.0,0.0,Standard,Standard retention nurture
133912,0.0,0,0,0.8783,Low,0.0,0.0,0.0,0.0,Elite,Standard retention nurture
133913,0.0679,0,0,0.4627,Low,0.0314,1210.0,363.0,363.0,Standard,Standard retention nurture
133914,0.0,0,0,0.2991,Low,0.0,0.0,0.0,0.0,Standard,Standard retention nurture
133915,0.0002,0,0,0.2556,Low,0.0001,1.0,0.0,0.0,Standard,Standard retention nurture
133916,0.0,0,0,0.3514,Low,0.0,0.0,0.0,0.0,Standard,Standard retention nurture
133917,0.9467,1,1,0.3428,Critical,0.3245,8687.0,2606.0,2106.0,Standard,Relationship manager follow-up
133918,0.0,0,0,0.3062,Low,0.0,0.0,0.0,0.0,Standard,Standard retention nurture
133919,0.9996,1,1,0.1806,Critical,0.1805,6768.0,2030.0,1530.0,Basic,Relationship manager follow-up
133920,0.0,0,0,0.2866,Low,0.0,0.0,0.0,0.0,Standard,Standard retention nurture
133921,0.0,0,0,0.3556,Low,0.0,0.0,0.0,0.0,Standard,Standard retention nurture
133922,0.0,0,0,0.1282,Low,0.0,0.0,0.0,0.0,Basic,Standard retention nurture
133923,0.017,0,0,0.6149,Low,0.0105,377.0,113.0,113.0,Premium,Standard retention nurture
133924,0.0,0,0,0.2931,Low,0.0,0.0,0.0,0.0,Standard,Standard retention nurture
133925,0.0,0,0,0.4512,Low,0.0,0.0,0.0,0.0,Standard,Standard retention nurture
133926,0.0,0,0,0.2377,Low,0.0,0.0,0.0,0.0,Basic,Standard retention nurture
133927,0.0,0,0,0.2588,Low,0.0,0.0,0.0,0.0,Standard,Standard retention nurture
133928,0.0,0,0,0.2609,Low,0.0,0.0,0.0,0.0,Standard,Standard retention nurture
133929,1.0,1,1,0.1892,Critical,0.1892,6774.0,2032.0,1532.0,Basic,Relationship manager follow-up
133930,0.0,0,0,0.289,Low,0.0,0.0,0.0,0.0,Standard,Standard retention nurture
133931,0.0001,0,0,0.5273,Low,0.0001,2.0,1.0,1.0,Premium,Standard retention nurture
133932,0.0002,0,0,0.4463,Low,0.0001,3.0,1.0,1.0,Standard,Standard retention nurture
133933,0.0,0,0,0.2724,Low,0.0,0.0,0.0,0.0,Standard,Standard retention nurture
133934,0.0,0,0,0.4144,Low,0.0,0.0,0.0,0.0,Standard,Standard retention nurture
133935,0.0,0,0,0.4219,Low,0.0,0.0,0.0,0.0,Standard,Standard retention nurture
133936,0.9919,1,1,0.2017,Critical,0.2001,8905.0,2672.0,2172.0,Basic,Relationship manager follow-up
133937,0.0,0,0,0.4466,Low,0.0,0.0,0.0,0.0,Standard,Standard retention nurture
133938,0.0,0,0,0.3014,Low,0.0,0.0,0.0,0.0,Standard,Standard retention nurture
133939,0.0,0,0,0.7407,Low,0.0,0.0,0.0,0.0,Premium,Standard retention nurture
133940,0.0004,0,0,0.1544,Low,0.0001,2.0,1.0,1.0,Basic,Standard retention nurture
133941,0.0,0,0,0.3293,Low,0.0,0.0,0.0,0.0,Standard,Standard retention nurture
133942,0.0221,0,0,0.2775,Low,0.0061,77.0,23.0,23.0,Standard,Standard retention nurture
133943,0.0,0,0,0.2984,Low,0.0,0.0,0.0,0.0,Standard,Standard retention nurture
133944,0.0,0,0,0.5881,Low,0.0,0.0,0.0,0.0,Premium,Standard retention nurture
133945,0.0,0,0,0.4145,Low,0.0,0.0,0.0,0.0,Standard,Standard retention nurture
133946,0.0,0,0,0.1814,Low,0.0,0.0,0.0,0.0,Basic,Standard retention nurture
133947,0.0,0,0,0.1927,Low,0.0,0.0,0.0,0.0,Basic,Standard retention nurture
133948,0.0003,0,0,0.5945,Low,0.0002,5.0,2.0,2.0,Premium,Standard retention nurture
133949,0.0001,0,0,0.5924,Low,0.0001,2.0,1.0,1.0,Premium,Standard retention nurture
133950,0.0001,0,0,0.6123,Low,0.0001,3.0,1.0,1.0,Premium,Standard retention nurture
133951,1.0,1,1,0.3317,Critical,0.3317,12252.0,3676.0,3176.0,Standard,Relationship manager follow-up
133952,0.0001,0,0,0.4037,Low,0.0,2.0,1.0,1.0,Standard,Standard retention nurture
133953,0.9999,1,1,0.2624,Critical,0.2624,7962.0,2389.0,1889.0,Standard,Relationship manager follow-up
133954,0.0002,0,0,0.3667,Low,0.0001,3.0,1.0,1.0,Standard,Standard retention nurture
133955,0.0,0,0,0.305,Low,0.0,0.0,0.0,0.0,Standard,Standard retention nurture
133956,0.0,0,0,0.1824,Low,0.0,0.0,0.0,0.0,Basic,Standard retention nurture
133957,0.3115,1,0,0.1512,Low,0.0471,1043.0,313.0,-187.0,Basic,Relationship manager follow-up
133958,0.0,0,0,0.1637,Low,0.0,0.0,0.0,0.0,Basic,Standard retention nurture
133959,0.9995,1,1,0.1641,Critical,0.164,3461.0,1038.0,538.0,Basic,Relationship manager follow-up
133960,0.0,0,0,0.4573,Low,0.0,0.0,0.0,0.0,Standard,Standard retention nurture
133961,0.0001,0,0,0.3941,Low,0.0,1.0,0.0,0.0,Standard,Standard retention nurture
133962,0.0,0,0,0.3487,Low,0.0,0.0,0.0,0.0,Standard,Standard retention nurture
133963,0.0002,0,0,0.2461,Low,0.0,2.0,1.0,1.0,Basic,Standard retention nurture
133964,0.0003,0,0,0.1734,Low,0.0001,2.0,1.0,1.0,Basic,Standard retention nurture
133965,0.9997,1,1,0.255,Critical,0.2549,6600.0,1980.0,1480.0,Standard,Relationship manager follow-up
133966,0.0003,0,0,0.5864,Low,0.0002,7.0,2.0,2.0,Premium,Standard retention nurture
133967,0.0001,0,0,0.3944,Low,0.0,1.0,0.0,0.0,Standard,Standard retention nurture
133968,0.0692,0,0,0.4026,Low,0.0279,1226.0,368.0,368.0,Standard,Standard retention nurture
133969,0.9366,1,1,0.1802,Critical,0.1688,6321.0,1896.0,1396.0,Basic,Relationship manager follow-up
133970,0.0003,0,0,0.2803,Low,0.0001,3.0,1.0,1.0,Standard,Standard retention nurture
133971,0.0,0,0,0.2413,Low,0.0,0.0,0.0,0.0,Basic,Standard retention nurture
133972,0.0,0,0,0.6249,Low,0.0,0.0,0.0,0.0,Premium,Standard retention nurture
133973,0.0,0,0,0.3198,Low,0.0,0.0,0.0,0.0,Standard,Standard retention nurture
133974,0.0001,0,0,0.1903,Low,0.0,1.0,0.0,0.0,Basic,Standard retention nurture
133975,0.0,0,0,0.8148,Low,0.0,0.0,0.0,0.0,Elite,Standard retention nurture
133976,0.0205,0,0,0.7194,Low,0.0147,751.0,225.0,225.0,Premium,Standard retention nurture
133977,0.0,0,0,0.3831,Low,0.0,0.0,0.0,0.0,Standard,Standard retention nurture
133978,0.0,0,0,0.2717,Low,0.0,0.0,0.0,0.0,Standard,Standard retention nurture
133979,0.0022,0,0,0.5471,Low,0.0012,60.0,18.0,18.0,Premium,Standard retention nurture
133980,0.0001,0,0,0.104,Low,0.0,0.0,0.0,0.0,Basic,Standard retention nurture
133981,0.0,0,0,0.2733,Low,0.0,0.0,0.0,0.0,Standard,Standard retention nurture
133982,0.0001,0,0,0.1841,Low,0.0,1.0,0.0,0.0,Basic,Standard retention nurture
133983,0.0,0,0,0.4972,Low,0.0,0.0,0.0,0.0,Standard,Standard retention nurture
133984,0.0,0,0,0.5425,Low,0.0,0.0,0.0,0.0,Premium,Standard retention nurture
133985,0.0,0,0,0.1872,Low,0.0,0.0,0.0,0.0,Basic,Standard retention nurture
133986,0.9993,1,1,0.2602,Critical,0.26,9164.0,2749.0,2249.0,Standard,Relationship manager follow-up
133987,0.0,0,0,0.5391,Low,0.0,0.0,0.0,0.0,Premium,Standard retention nurture
133988,0.0,0,0,0.5438,Low,0.0,0.0,0.0,0.0,Premium,Standard retention nurture
133989,0.0,0,0,0.4208,Low,0.0,0.0,0.0,0.0,Standard,Standard retention nurture
133990,0.0,0,0,0.5906,Low,0.0,0.0,0.0,0.0,Premium,Standard retention nurture
133991,0.0001,0,0,0.5315,Low,0.0001,2.0,1.0,1.0,Premium,Standard retention nurture
133992,0.0,0,0,0.278,Low,0.0,0.0,0.0,0.0,Standard,Standard retention nurture
133993,0.0001,0,0,0.3529,Low,0.0,1.0,0.0,0.0,Standard,Standard retention nurture
133994,0.0,0,0,0.2921,Low,0.0,0.0,0.0,0.0,Standard,Standard retention nurture
133995,0.0,0,0,0.5393,Low,0.0,0.0,0.0,0.0,Premium,Standard retention nurture
133996,0.9797,1,1,0.2957,Critical,0.2897,9748.0,2924.0,2424.0,Standard,Relationship manager follow-up
133997,0.999,1,1,0.3463,Critical,0.346,15676.0,4703.0,4203.0,Standard,Relationship manager follow-up
133998,0.0002,0,0,0.2991,Low,0.0001,2.0,1.0,1.0,Standard,Standard retention nurture
133999,0.0,0,0,0.5497,Low,0.0,0.0,0.0,0.0,Premium,Standard retention nurture
134000,0.0004,0,0,0.3152,Low,0.0001,1.0,0.0,0.0,Standard,Standard retention nurture
134001,0.0,0,0,0.2412,Low,0.0,0.0,0.0,0.0,Basic,Standard retention nurture
134002,1.0,1,1,0.3555,Critical,0.3555,10245.0,3074.0,2574.0,Standard,Relationship manager follow-up
134003,0.0001,0,0,0.2127,Low,0.0,1.0,0.0,0.0,Basic,Standard retention nurture
134004,0.0,0,0,0.4203,Low,0.0,0.0,0.0,0.0,Standard,Standard retention nurture
134005,0.9977,1,1,0.376,Critical,0.3751,17938.0,5381.0,4881.0,Standard,Relationship manager follow-up
134006,0.0,0,0,0.4517,Low,0.0,0.0,0.0,0.0,Standard,Standard retention nurture
134007,0.0,0,0,0.2211,Low,0.0,0.0,0.0,0.0,Basic,Standard retention nurture
134008,0.0,0,0,0.269,Low,0.0,0.0,0.0,0.0,Standard,Standard retention nurture
134009,1.0,1,1,0.1904,Critical,0.1904,6470.0,1941.0,1441.0,Basic,Relationship manager follow-up
134010,0.001,0,0,0.4269,Low,0.0004,18.0,5.0,5.0,Standard,Standard retention nurture
134011,0.0087,0,0,0.6225,Low,0.0054,288.0,86.0,86.0,Premium,Standard retention nurture
134012,0.0,0,0,0.4948,Low,0.0,0.0,0.0,0.0,Standard,Standard retention nurture
134013,0.0,0,0,0.6283,Low,0.0,0.0,0.0,0.0,Premium,Standard retention nurture
134014,0.0,0,0,0.7411,Low,0.0,0.0,0.0,0.0,Premium,Standard retention nurture
134015,0.0001,0,0,0.451,Low,0.0,1.0,0.0,0.0,Standard,Standard retention nurture
134016,0.0,0,0,0.358,Low,0.0,0.0,0.0,0.0,Standard,Standard retention nurture
134017,0.9997,1,1,0.2167,Critical,0.2166,8096.0,2429.0,1929.0,Basic,Relationship manager follow-up
134018,0.0,0,0,0.1718,Low,0.0,0.0,0.0,0.0,Basic,Standard retention nurture
134019,0.0004,0,0,0.4095,Low,0.0002,3.0,1.0,1.0,Standard,Standard retention nurture
134020,0.9997,1,1,0.2775,Critical,0.2774,10673.0,3202.0,2702.0,Standard,Relationship manager follow-up
134021,0.0,0,0,0.2088,Low,0.0,0.0,0.0,0.0,Basic,Standard retention nurture
134022,0.0025,0,0,0.2666,Low,0.0007,24.0,7.0,7.0,Standard,Standard retention nurture
134023,0.0,0,0,0.7385,Low,0.0,0.0,0.0,0.0,Premium,Standard retention nurture
134024,0.0033,0,0,0.0821,Low,0.0003,14.0,4.0,4.0,Basic,Standard retention nurture
134025,0.9608,1,1,0.4089,Critical,0.3929,18572.0,5572.0,5072.0,Standard,Relationship manager follow-up
134026,0.0,0,0,0.6024,Low,0.0,0.0,0.0,0.0,Premium,Standard retention nurture
134027,0.0,0,0,0.2568,Low,0.0,0.0,0.0,0.0,Standard,Standard retention nurture
134028,0.0007,0,0,0.8941,Low,0.0006,26.0,8.0,8.0,Elite,Standard retention nurture
134029,0.0,0,0,0.2291,Low,0.0,0.0,0.0,0.0,Basic,Standard retention nurture
134030,0.0001,0,0,0.3788,Low,0.0,1.0,0.0,0.0,Standard,Standard retention nurture
134031,0.0,0,0,0.4185,Low,0.0,0.0,0.0,0.0,Standard,Standard retention nurture
134032,1.0,1,1,0.1189,Critical,0.1189,1788.0,536.0,36.0,Basic,Relationship manager follow-up
134033,1.0,1,1,0.1638,Critical,0.1638,4882.0,1465.0,965.0,Basic,Relationship manager follow-up
134034,0.0011,0,0,0.1977,Low,0.0002,7.0,2.0,2.0,Basic,Standard retention nurture
134035,0.0,0,0,0.6202,Low,0.0,0.0,0.0,0.0,Premium,Standard retention nurture
134036,0.9622,1,1,0.1146,Critical,0.1103,2208.0,662.0,162.0,Basic,Relationship manager follow-up
134037,0.9969,1,1,0.1381,Critical,0.1377,1750.0,525.0,25.0,Basic,Relationship manager follow-up
134038,0.9962,1,1,0.2619,Critical,0.2609,5700.0,1710.0,1210.0,Standard,Relationship manager follow-up
134039,0.0,0,0,0.2476,Low,0.0,0.0,0.0,0.0,Basic,Standard retention nurture
134040,0.0001,0,0,0.247,Low,0.0,0.0,0.0,0.0,Basic,Standard retention nurture
134041,0.0,0,0,0.3894,Low,0.0,0.0,0.0,0.0,Standard,Standard retention nurture
134042,0.0,0,0,0.3661,Low,0.0,0.0,0.0,0.0,Standard,Standard retention nurture
134043,0.0,0,0,0.4823,Low,0.0,0.0,0.0,0.0,Standard,Standard retention nurture
134044,0.9939,1,1,0.1767,Critical,0.1756,4355.0,1306.0,806.0,Basic,Relationship manager follow-up
134045,1.0,1,1,0.113,Critical,0.113,4850.0,1455.0,955.0,Basic,Relationship manager follow-up
134046,0.0007,0,0,0.7371,Low,0.0005,22.0,7.0,7.0,Premium,Standard retention nurture
134047,0.0,0,0,0.2476,Low,0.0,0.0,0.0,0.0,Basic,Standard retention nurture
134048,0.0,0,0,0.5244,Low,0.0,0.0,0.0,0.0,Premium,Standard retention nurture
134049,0.0,0,0,0.2394,Low,0.0,0.0,0.0,0.0,Basic,Standard retention nurture
134050,0.0018,0,0,0.3342,Low,0.0006,13.0,4.0,4.0,Standard,Standard retention nurture
134051,0.999,1,1,0.2133,Critical,0.2131,4448.0,1334.0,834.0,Basic,Relationship manager follow-up
134052,0.0001,0,0,0.1805,Low,0.0,0.0,0.0,0.0,Basic,Standard retention nurture
134053,0.0,0,0,0.3142,Low,0.0,0.0,0.0,0.0,Standard,Standard retention nurture
134054,1.0,1,1,0.0932,Critical,0.0932,1655.0,496.0,-4.0,Basic,Relationship manager follow-up
134055,0.0002,0,0,0.4032,Low,0.0001,4.0,1.0,1.0,Standard,Standard retention nurture
134056,0.0001,0,0,0.1695,Low,0.0,1.0,0.0,0.0,Basic,Standard retention nurture
134057,0.0,0,0,0.3504,Low,0.0,0.0,0.0,0.0,Standard,Standard retention nurture
134058,0.9901,1,1,0.1392,Critical,0.1378,5522.0,1657.0,1157.0,Basic,Relationship manager follow-up
134059,0.0,0,0,1.0,Low,0.0,0.0,0.0,0.0,Elite,Standard retention nurture
134060,0.0,0,0,0.1552,Low,0.0,0.0,0.0,0.0,Basic,Standard retention nurture
134061,0.0,0,0,0.2013,Low,0.0,0.0,0.0,0.0,Basic,Standard retention nurture
134062,0.0,0,0,0.8617,Low,0.0,0.0,0.0,0.0,Elite,Standard retention nurture
134063,0.0,0,0,0.3692,Low,0.0,0.0,0.0,0.0,Standard,Standard retention nurture
134064,0.0,0,0,0.2735,Low,0.0,0.0,0.0,0.0,Standard,Standard retention nurture
134065,0.0,0,0,0.7028,Low,0.0,0.0,0.0,0.0,Premium,Standard retention nurture
134066,0.0,0,0,0.1767,Low,0.0,0.0,0.0,0.0,Basic,Standard retention nurture
134067,0.0,0,0,0.3456,Low,0.0,0.0,0.0,0.0,Standard,Standard retention nurture
134068,0.0,0,0,0.3973,Low,0.0,0.0,0.0,0.0,Standard,Standard retention nurture
134069,0.0,0,0,0.2053,Low,0.0,0.0,0.0,0.0,Basic,Standard retention nurture
134070,0.9966,1,1,0.686,Critical,0.6837,27280.0,8184.0,7684.0,Premium,Relationship manager follow-up
134071,0.0057,0,0,0.6163,Low,0.0035,152.0,46.0,46.0,Premium,Standard retention nurture
134072,1.0,1,1,0.0726,Critical,0.0726,3105.0,932.0,432.0,Basic,Relationship manager follow-up
134073,0.0004,0,0,0.2052,Low,0.0001,3.0,1.0,1.0,Basic,Standard retention nurture
134074,0.0,0,0,0.6668,Low,0.0,0.0,0.0,0.0,Premium,Standard retention nurture
134075,0.7507,1,0,0.2501,Critical,0.1878,8078.0,2423.0,1923.0,Standard,Relationship manager follow-up
134076,0.0,0,0,0.253,Low,0.0,0.0,0.0,0.0,Standard,Standard retention nurture
134077,0.5016,1,0,0.1245,Medium,0.0624,1987.0,596.0,96.0,Basic,Relationship manager follow-up
134078,0.0,0,0,0.5818,Low,0.0,0.0,0.0,0.0,Premium,Standard retention nurture
134079,0.0,0,0,0.2966,Low,0.0,0.0,0.0,0.0,Standard,Standard retention nurture
134080,0.0,0,0,0.4064,Low,0.0,0.0,0.0,0.0,Standard,Standard retention nurture
134081,0.0001,0,0,0.3624,Low,0.0,1.0,0.0,0.0,Standard,Standard retention nurture
134082,1.0,1,1,0.0917,Critical,0.0917,2310.0,693.0,193.0,Basic,Relationship manager follow-up
134083,0.122,1,0,0.3397,Low,0.0414,1323.0,397.0,-103.0,Standard,Relationship manager follow-up
134084,0.9981,1,1,0.6597,Critical,0.6584,31493.0,9448.0,8948.0,Premium,Relationship manager follow-up
134085,0.0,0,0,0.2902,Low,0.0,0.0,0.0,0.0,Standard,Standard retention nurture
134086,0.0,0,0,0.4591,Low,0.0,0.0,0.0,0.0,Standard,Standard retention nurture
134087,0.0,0,0,0.3239,Low,0.0,0.0,0.0,0.0,Standard,Standard retention nurture
134088,0.9997,1,1,0.1155,Critical,0.1155,3028.0,908.0,408.0,Basic,Relationship manager follow-up
134089,0.0,0,0,0.3848,Low,0.0,0.0,0.0,0.0,Standard,Standard retention nurture
134090,0.0,0,0,0.2113,Low,0.0,0.0,0.0,0.0,Basic,Standard retention nurture
134091,0.0,0,0,0.3902,Low,0.0,0.0,0.0,0.0,Standard,Standard retention nurture
134092,0.0012,0,0,0.2442,Low,0.0003,7.0,2.0,2.0,Basic,Standard retention nurture
134093,0.0007,0,0,0.525,Low,0.0004,16.0,5.0,5.0,Premium,Standard retention nurture
134094,0.0001,0,0,0.5877,Low,0.0001,3.0,1.0,1.0,Premium,Standard retention nurture
134095,0.0,0,0,0.7753,Low,0.0,0.0,0.0,0.0,Elite,Standard retention nurture
134096,0.0002,0,0,0.7127,Low,0.0001,6.0,2.0,2.0,Premium,Standard retention nurture
134097,0.9999,1,1,0.2933,Critical,0.2933,11149.0,3345.0,2845.0,Standard,Relationship manager follow-up
134098,0.0834,0,0,0.1977,Low,0.0165,353.0,106.0,106.0,Basic,Standard retention nurture
134099,0.0,0,0,0.4856,Low,0.0,0.0,0.0,0.0,Standard,Standard retention nurture
134100,0.0012,0,0,0.2976,Low,0.0004,8.0,2.0,2.0,Standard,Standard retention nurture
134101,0.0,0,0,0.365,Low,0.0,0.0,0.0,0.0,Standard,Standard retention nurture
134102,1.0,1,1,0.1732,Critical,0.1732,5064.0,1519.0,1019.0,Basic,Relationship manager follow-up
134103,0.002,0,0,0.6611,Low,0.0013,73.0,22.0,22.0,Premium,Standard retention nurture
134104,0.0,0,0,0.8196,Low,0.0,0.0,0.0,0.0,Elite,Standard retention nurture
134105,0.0,0,0,0.6161,Low,0.0,0.0,0.0,0.0,Premium,Standard retention nurture
134106,0.0,0,0,0.7476,Low,0.0,0.0,0.0,0.0,Premium,Standard retention nurture
134107,0.9999,1,1,0.5671,Critical,0.567,21362.0,6409.0,5909.0,Premium,Relationship manager follow-up
134108,0.0245,0,0,0.6148,Low,0.0151,656.0,197.0,197.0,Premium,Standard retention nurture
134109,0.0,0,0,0.3724,Low,0.0,0.0,0.0,0.0,Standard,Standard retention nurture
134110,0.0,0,0,0.5624,Low,0.0,0.0,0.0,0.0,Premium,Standard retention nurture
134111,0.0001,0,0,0.726,Low,0.0001,4.0,1.0,1.0,Premium,Standard retention nurture
134112,0.0,0,0,0.408,Low,0.0,0.0,0.0,0.0,Standard,Standard retention nurture
134113,0.0,0,0,0.217,Low,0.0,0.0,0.0,0.0,Basic,Standard retention nurture
134114,0.0,0,0,0.2874,Low,0.0,0.0,0.0,0.0,Standard,Standard retention nurture
134115,0.0,0,0,0.3155,Low,0.0,0.0,0.0,0.0,Standard,Standard retention nurture
134116,0.0005,0,0,0.3606,Low,0.0002,6.0,2.0,2.0,Standard,Standard retention nurture
134117,0.0016,0,0,0.5132,Low,0.0008,42.0,13.0,13.0,Premium,Standard retention nurture
134118,0.0002,0,0,0.1779,Low,0.0,2.0,1.0,1.0,Basic,Standard retention nurture
134119,0.0,0,0,0.3216,Low,0.0,0.0,0.0,0.0,Standard,Standard retention nurture
134120,0.0,0,0,0.3334,Low,0.0,0.0,0.0,0.0,Standard,Standard retention nurture
134121,0.0002,0,0,0.4856,Low,0.0001,3.0,1.0,1.0,Standard,Standard retention nurture
134122,0.0,0,0,0.7144,Low,0.0,0.0,0.0,0.0,Premium,Standard retention nurture
134123,0.0,0,0,0.1956,Low,0.0,0.0,0.0,0.0,Basic,Standard retention nurture
134124,0.0,0,0,0.4781,Low,0.0,0.0,0.0,0.0,Standard,Standard retention nurture
134125,1.0,1,1,0.1411,Critical,0.1411,6914.0,2074.0,1574.0,Basic,Relationship manager follow-up
134126,0.0,0,0,0.4078,Low,0.0,0.0,0.0,0.0,Standard,Standard retention nurture
134127,0.0,0,0,0.6468,Low,0.0,0.0,0.0,0.0,Premium,Standard retention nurture
134128,1.0,1,1,0.0738,Critical,0.0738,1517.0,455.0,-45.0,Basic,Relationship manager follow-up
134129,0.0,0,0,0.2758,Low,0.0,0.0,0.0,0.0,Standard,Standard retention nurture
134130,0.9973,1,1,0.0694,Critical,0.0692,2193.0,658.0,158.0,Basic,Relationship manager follow-up
134131,0.0003,0,0,0.4102,Low,0.0001,4.0,1.0,1.0,Standard,Standard retention nurture
134132,0.0,0,0,0.3201,Low,0.0,0.0,0.0,0.0,Standard,Standard retention nurture
134133,0.0001,0,0,0.2061,Low,0.0,0.0,0.0,0.0,Basic,Standard retention nurture
134134,0.0,0,0,0.3259,Low,0.0,0.0,0.0,0.0,Standard,Standard retention nurture
134135,0.0,0,0,0.7163,Low,0.0,0.0,0.0,0.0,Premium,Standard retention nurture
134136,0.0006,0,0,0.205,Low,0.0001,5.0,2.0,2.0,Basic,Standard retention nurture
134137,0.0,0,0,0.5204,Low,0.0,0.0,0.0,0.0,Premium,Standard retention nurture
134138,0.0001,0,0,0.3372,Low,0.0,1.0,0.0,0.0,Standard,Standard retention nurture
134139,0.0,0,0,0.2563,Low,0.0,0.0,0.0,0.0,Standard,Standard retention nurture
134140,0.0001,0,0,0.8349,Low,0.0001,4.0,1.0,1.0,Elite,Standard retention nurture
134141,0.0,0,0,0.4917,Low,0.0,0.0,0.0,0.0,Standard,Standard retention nurture
134142,0.0003,0,0,0.4558,Low,0.0001,4.0,1.0,1.0,Standard,Standard retention nurture
134143,0.0,0,0,0.4171,Low,0.0,0.0,0.0,0.0,Standard,Standard retention nurture
134144,0.0,0,0,0.1621,Low,0.0,0.0,0.0,0.0,Basic,Standard retention nurture
134145,1.0,1,1,0.1794,Critical,0.1794,5633.0,1690.0,1190.0,Basic,Relationship manager follow-up
134146,0.0085,0,0,0.4088,Low,0.0035,113.0,34.0,34.0,Standard,Standard retention nurture
134147,0.6341,1,1,0.28,High,0.1775,6325.0,1898.0,1398.0,Standard,Relationship manager follow-up
134148,0.9988,1,1,0.1553,Critical,0.1551,3287.0,986.0,486.0,Basic,Relationship manager follow-up
134149,0.9998,1,1,0.4972,Critical,0.4971,13934.0,4180.0,3680.0,Standard,Relationship manager follow-up
134150,0.0,0,0,0.6976,Low,0.0,0.0,0.0,0.0,Premium,Standard retention nurture
134151,0.9699,1,1,0.3472,Critical,0.3367,11423.0,3427.0,2927.0,Standard,Relationship manager follow-up
134152,0.0041,0,0,0.1827,Low,0.0007,25.0,8.0,8.0,Basic,Standard retention nurture
134153,0.0,0,0,0.3283,Low,0.0,0.0,0.0,0.0,Standard,Standard retention nurture
134154,0.0,0,0,0.1951,Low,0.0,0.0,0.0,0.0,Basic,Standard retention nurture
134155,0.0,0,0,0.3614,Low,0.0,0.0,0.0,0.0,Standard,Standard retention nurture
134156,0.0001,0,0,0.128,Low,0.0,0.0,0.0,0.0,Basic,Standard retention nurture
134157,0.0,0,0,0.2445,Low,0.0,0.0,0.0,0.0,Basic,Standard retention nurture
134158,0.0002,0,0,0.2928,Low,0.0001,3.0,1.0,1.0,Standard,Standard retention nurture
134159,0.0002,0,0,0.2187,Low,0.0,1.0,0.0,0.0,Basic,Standard retention nurture
134160,0.0016,0,0,0.4987,Low,0.0008,37.0,11.0,11.0,Standard,Standard retention nurture
134161,0.0,0,0,0.2613,Low,0.0,0.0,0.0,0.0,Standard,Standard retention nurture
134162,0.0001,0,0,0.241,Low,0.0,1.0,0.0,0.0,Basic,Standard retention nurture
134163,0.9988,1,1,0.4636,Critical,0.463,18071.0,5421.0,4921.0,Standard,Relationship manager follow-up
134164,0.0,0,0,0.6111,Low,0.0,0.0,0.0,0.0,Premium,Standard retention nurture
134165,0.0,0,0,0.1723,Low,0.0,0.0,0.0,0.0,Basic,Standard retention nurture
134166,0.0,0,0,0.4875,Low,0.0,0.0,0.0,0.0,Standard,Standard retention nurture
134167,0.0,0,0,0.4536,Low,0.0,0.0,0.0,0.0,Standard,Standard retention nurture
134168,0.006,0,0,0.3964,Low,0.0024,109.0,33.0,33.0,Standard,Standard retention nurture
134169,0.0004,0,0,0.3717,Low,0.0001,7.0,2.0,2.0,Standard,Standard retention nurture
134170,0.0041,0,0,0.3635,Low,0.0015,23.0,7.0,7.0,Standard,Standard retention nurture
134171,0.0,0,0,0.3117,Low,0.0,0.0,0.0,0.0,Standard,Standard retention nurture
134172,0.0002,0,0,0.2972,Low,0.0001,2.0,1.0,1.0,Standard,Standard retention nurture
134173,0.0505,0,0,0.5706,Low,0.0288,1152.0,346.0,346.0,Premium,Standard retention nurture
134174,0.0,0,0,0.3082,Low,0.0,0.0,0.0,0.0,Standard,Standard retention nurture
134175,0.0,0,0,0.2603,Low,0.0,0.0,0.0,0.0,Standard,Standard retention nurture
134176,0.0,0,0,0.3999,Low,0.0,0.0,0.0,0.0,Standard,Standard retention nurture
134177,0.0,0,0,0.4866,Low,0.0,0.0,0.0,0.0,Standard,Standard retention nurture
134178,0.0,0,0,0.8664,Low,0.0,0.0,0.0,0.0,Elite,Standard retention nurture
134179,0.9992,1,1,0.1346,Critical,0.1345,1996.0,599.0,99.0,Basic,Relationship manager follow-up
134180,0.0,0,0,0.4154,Low,0.0,0.0,0.0,0.0,Standard,Standard retention nurture
134181,0.9999,1,1,0.1243,Critical,0.1243,2296.0,689.0,189.0,Basic,Relationship manager follow-up
134182,0.0365,0,0,0.188,Low,0.0069,253.0,76.0,76.0,Basic,Standard retention nurture
134183,0.0,0,0,0.4171,Low,0.0,0.0,0.0,0.0,Standard,Standard retention nurture
134184,0.0,0,0,0.2368,Low,0.0,0.0,0.0,0.0,Basic,Standard retention nurture
134185,0.0,0,0,0.4575,Low,0.0,0.0,0.0,0.0,Standard,Standard retention nurture
134186,0.0,0,0,0.3596,Low,0.0,0.0,0.0,0.0,Standard,Standard retention nurture
134187,0.0021,0,0,0.1063,Low,0.0002,4.0,1.0,1.0,Basic,Standard retention nurture
134188,0.9985,1,1,0.3703,Critical,0.3697,11515.0,3454.0,2954.0,Standard,Relationship manager follow-up
134189,0.9396,1,1,0.1887,Critical,0.1773,4569.0,1371.0,871.0,Basic,Relationship manager follow-up
134190,0.0,0,0,0.431,Low,0.0,0.0,0.0,0.0,Standard,Standard retention nurture
134191,1.0,1,1,0.0837,Critical,0.0837,2563.0,769.0,269.0,Basic,Relationship manager follow-up
134192,0.0035,0,0,0.3198,Low,0.0011,43.0,13.0,13.0,Standard,Standard retention nurture
134193,1.0,1,1,0.1526,Critical,0.1526,1794.0,538.0,38.0,Basic,Relationship manager follow-up
134194,0.0,0,0,0.4926,Low,0.0,0.0,0.0,0.0,Standard,Standard retention nurture
134195,0.9924,1,1,0.1758,Critical,0.1745,4628.0,1388.0,888.0,Basic,Relationship manager follow-up
134196,0.0013,0,0,0.5687,Low,0.0007,39.0,12.0,12.0,Premium,Standard retention nurture
134197,1.0,1,1,0.1188,Critical,0.1188,5719.0,1716.0,1216.0,Basic,Relationship manager follow-up
134198,0.0,0,0,0.3207,Low,0.0,0.0,0.0,0.0,Standard,Standard retention nurture
134199,0.0,0,0,0.4465,Low,0.0,0.0,0.0,0.0,Standard,Standard retention nurture
134200,0.0,0,0,0.2589,Low,0.0,0.0,0.0,0.0,Standard,Standard retention nurture
134201,1.0,1,1,0.1646,Critical,0.1646,2434.0,730.0,230.0,Basic,Relationship manager follow-up
134202,0.0,0,0,0.7606,Low,0.0,0.0,0.0,0.0,Elite,Standard retention nurture
134203,0.9976,1,1,0.2171,Critical,0.2166,5106.0,1532.0,1032.0,Basic,Relationship manager follow-up
134204,0.0283,0,0,0.2769,Low,0.0078,250.0,75.0,75.0,Standard,Standard retention nurture
134205,0.0,0,0,0.4892,Low,0.0,0.0,0.0,0.0,Standard,Standard retention nurture
134206,0.787,1,1,0.136,Critical,0.107,3408.0,1022.0,522.0,Basic,Relationship manager follow-up
134207,0.9999,1,1,0.1349,Critical,0.1349,2911.0,873.0,373.0,Basic,Relationship manager follow-up
134208,0.0,0,0,0.5922,Low,0.0,0.0,0.0,0.0,Premium,Standard retention nurture
134209,0.0,0,0,0.2824,Low,0.0,0.0,0.0,0.0,Standard,Standard retention nurture
134210,0.0,0,0,0.3168,Low,0.0,0.0,0.0,0.0,Standard,Standard retention nurture
134211,0.0003,0,0,0.1221,Low,0.0,1.0,0.0,0.0,Basic,Standard retention nurture
134212,0.0024,0,0,0.2952,Low,0.0007,22.0,7.0,7.0,Standard,Standard retention nurture
134213,0.0,0,0,0.2994,Low,0.0,0.0,0.0,0.0,Standard,Standard retention nurture
134214,0.0004,0,0,0.2308,Low,0.0001,3.0,1.0,1.0,Basic,Standard retention nurture
134215,0.0001,0,0,0.7987,Low,0.0001,3.0,1.0,1.0,Elite,Standard retention nurture
134216,0.0,0,0,0.3798,Low,0.0,0.0,0.0,0.0,Standard,Standard retention nurture
134217,0.0001,0,0,0.1615,Low,0.0,0.0,0.0,0.0,Basic,Standard retention nurture
134218,0.0,0,0,0.2352,Low,0.0,0.0,0.0,0.0,Basic,Standard retention nurture
134219,0.0,0,0,0.4669,Low,0.0,0.0,0.0,0.0,Standard,Standard retention nurture
134220,0.0004,0,0,0.3519,Low,0.0001,5.0,2.0,2.0,Standard,Standard retention nurture
134221,0.0,0,0,0.5519,Low,0.0,0.0,0.0,0.0,Premium,Standard retention nurture
134222,0.0,0,0,0.2362,Low,0.0,0.0,0.0,0.0,Basic,Standard retention nurture
134223,0.0,0,0,0.5024,Low,0.0,0.0,0.0,0.0,Premium,Standard retention nurture
134224,0.0,0,0,0.4581,Low,0.0,0.0,0.0,0.0,Standard,Standard retention nurture
134225,0.0,0,0,0.2933,Low,0.0,0.0,0.0,0.0,Standard,Standard retention nurture
134226,0.0,0,0,0.7188,Low,0.0,0.0,0.0,0.0,Premium,Standard retention nurture
134227,0.0104,0,0,0.1997,Low,0.0021,84.0,25.0,25.0,Basic,Standard retention nurture
134228,0.0,0,0,0.4552,Low,0.0,0.0,0.0,0.0,Standard,Standard retention nurture
134229,0.0,0,0,0.4938,Low,0.0,0.0,0.0,0.0,Standard,Standard retention nurture
134230,0.0007,0,0,0.1501,Low,0.0001,4.0,1.0,1.0,Basic,Standard retention nurture
134231,0.0,0,0,0.2418,Low,0.0,0.0,0.0,0.0,Basic,Standard retention nurture
134232,0.0007,0,0,0.5285,Low,0.0004,14.0,4.0,4.0,Premium,Standard retention nurture
134233,0.0002,0,0,0.6502,Low,0.0001,7.0,2.0,2.0,Premium,Standard retention nurture
134234,0.0,0,0,0.3226,Low,0.0,0.0,0.0,0.0,Standard,Standard retention nurture
134235,0.0,0,0,0.4302,Low,0.0,0.0,0.0,0.0,Standard,Standard retention nurture
134236,0.0002,0,0,0.3117,Low,0.0001,1.0,0.0,0.0,Standard,Standard retention nurture
134237,0.0002,0,0,0.2935,Low,0.0001,1.0,0.0,0.0,Standard,Standard retention nurture
134238,0.0003,0,0,0.366,Low,0.0001,4.0,1.0,1.0,Standard,Standard retention nurture
134239,0.0,0,0,0.4502,Low,0.0,0.0,0.0,0.0,Standard,Standard retention nurture
134240,0.9961,1,1,0.0279,Critical,0.0278,2288.0,686.0,186.0,Basic,Relationship manager follow-up
134241,0.0,0,0,0.2445,Low,0.0,0.0,0.0,0.0,Basic,Standard retention nurture
134242,0.8517,1,1,0.2238,Critical,0.1906,6202.0,1861.0,1361.0,Basic,Relationship manager follow-up
134243,0.0,0,0,0.407,Low,0.0,0.0,0.0,0.0,Standard,Standard retention nurture
134244,0.0,0,0,0.6253,Low,0.0,0.0,0.0,0.0,Premium,Standard retention nurture
134245,0.0,0,0,0.1512,Low,0.0,0.0,0.0,0.0,Basic,Standard retention nurture
134246,0.0001,0,0,0.2704,Low,0.0,1.0,0.0,0.0,Standard,Standard retention nurture
134247,0.0003,0,0,0.3308,Low,0.0001,4.0,1.0,1.0,Standard,Standard retention nurture
134248,0.0,0,0,0.1629,Low,0.0,0.0,0.0,0.0,Basic,Standard retention nurture
134249,0.0011,0,0,0.4283,Low,0.0005,17.0,5.0,5.0,Standard,Standard retention nurture
134250,1.0,1,1,0.3388,Critical,0.3388,15263.0,4579.0,4079.0,Standard,Relationship manager follow-up
134251,0.0,0,0,0.2649,Low,0.0,0.0,0.0,0.0,Standard,Standard retention nurture
134252,0.0,0,0,0.6019,Low,0.0,0.0,0.0,0.0,Premium,Standard retention nurture
134253,0.0,0,0,0.2596,Low,0.0,0.0,0.0,0.0,Standard,Standard retention nurture
134254,0.0019,0,0,0.4045,Low,0.0008,29.0,9.0,9.0,Standard,Standard retention nurture
134255,0.0,0,0,0.3317,Low,0.0,0.0,0.0,0.0,Standard,Standard retention nurture
134256,0.0425,0,0,0.2309,Low,0.0098,273.0,82.0,82.0,Basic,Standard retention nurture
134257,0.0,0,0,0.488,Low,0.0,0.0,0.0,0.0,Standard,Standard retention nurture
134258,0.9999,1,1,0.5662,Critical,0.5661,19076.0,5723.0,5223.0,Premium,Relationship manager follow-up
134259,1.0,1,1,0.1784,Critical,0.1784,3534.0,1060.0,560.0,Basic,Relationship manager follow-up
134260,0.0,0,0,0.3532,Low,0.0,0.0,0.0,0.0,Standard,Standard retention nurture
134261,0.0,0,0,0.4706,Low,0.0,0.0,0.0,0.0,Standard,Standard retention nurture
134262,0.9947,1,1,0.4098,Critical,0.4076,15961.0,4788.0,4288.0,Standard,Relationship manager follow-up
134263,0.0013,0,0,0.1921,Low,0.0002,7.0,2.0,2.0,Basic,Standard retention nurture
134264,0.0001,0,0,0.4945,Low,0.0,2.0,1.0,1.0,Standard,Standard retention nurture
134265,0.0,0,0,0.3084,Low,0.0,0.0,0.0,0.0,Standard,Standard retention nurture
134266,0.0,0,0,0.1881,Low,0.0,0.0,0.0,0.0,Basic,Standard retention nurture
134267,0.0,0,0,0.4956,Low,0.0,0.0,0.0,0.0,Standard,Standard retention nurture
134268,0.0,0,0,0.3842,Low,0.0,0.0,0.0,0.0,Standard,Standard retention nurture
134269,0.0,0,0,0.8249,Low,0.0,0.0,0.0,0.0,Elite,Standard retention nurture
134270,0.0011,0,0,0.5841,Low,0.0006,17.0,5.0,5.0,Premium,Standard retention nurture
134271,0.0,0,0,0.4037,Low,0.0,0.0,0.0,0.0,Standard,Standard retention nurture
134272,0.0001,0,0,0.2557,Low,0.0,1.0,0.0,0.0,Standard,Standard retention nurture
134273,0.0009,0,0,0.7377,Low,0.0007,26.0,8.0,8.0,Premium,Standard retention nurture
134274,0.0005,0,0,0.2216,Low,0.0001,3.0,1.0,1.0,Basic,Standard retention nurture
134275,0.0002,0,0,0.2305,Low,0.0,2.0,1.0,1.0,Basic,Standard retention nurture
134276,0.0,0,0,0.596,Low,0.0,0.0,0.0,0.0,Premium,Standard retention nurture
134277,0.0004,0,0,0.1513,Low,0.0001,2.0,1.0,1.0,Basic,Standard retention nurture
134278,0.0,0,0,0.3501,Low,0.0,0.0,0.0,0.0,Standard,Standard retention nurture
134279,0.0,0,0,0.3534,Low,0.0,0.0,0.0,0.0,Standard,Standard retention nurture
134280,0.0002,0,0,0.4949,Low,0.0001,5.0,2.0,2.0,Standard,Standard retention nurture
134281,0.0,0,0,0.2583,Low,0.0,0.0,0.0,0.0,Standard,Standard retention nurture
134282,0.0001,0,0,0.5072,Low,0.0001,2.0,1.0,1.0,Premium,Standard retention nurture
134283,0.0,0,0,0.6222,Low,0.0,0.0,0.0,0.0,Premium,Standard retention nurture
134284,0.0003,0,0,0.4784,Low,0.0001,8.0,2.0,2.0,Standard,Standard retention nurture
134285,1.0,1,1,0.1539,Critical,0.1539,5331.0,1599.0,1099.0,Basic,Relationship manager follow-up
134286,0.0,0,0,0.5099,Low,0.0,0.0,0.0,0.0,Premium,Standard retention nurture
134287,0.9999,1,1,0.1787,Critical,0.1787,3985.0,1196.0,696.0,Basic,Relationship manager follow-up
134288,0.0,0,0,0.4677,Low,0.0,0.0,0.0,0.0,Standard,Standard retention nurture
134289,0.9998,1,1,0.4742,Critical,0.4741,19551.0,5865.0,5365.0,Standard,Relationship manager follow-up
134290,0.0,0,0,0.5572,Low,0.0,0.0,0.0,0.0,Premium,Standard retention nurture
134291,0.0,0,0,0.419,Low,0.0,0.0,0.0,0.0,Standard,Standard retention nurture
134292,0.0029,0,0,0.4745,Low,0.0014,63.0,19.0,19.0,Standard,Standard retention nurture
134293,0.0,0,0,0.4355,Low,0.0,0.0,0.0,0.0,Standard,Standard retention nurture
134294,0.0,0,0,0.5937,Low,0.0,0.0,0.0,0.0,Premium,Standard retention nurture
134295,0.0,0,0,0.1682,Low,0.0,0.0,0.0,0.0,Basic,Standard retention nurture
134296,0.9997,1,1,0.0848,Critical,0.0848,1787.0,536.0,36.0,Basic,Relationship manager follow-up
134297,0.0001,0,0,0.2728,Low,0.0,0.0,0.0,0.0,Standard,Standard retention nurture
134298,0.0001,0,0,0.7596,Low,0.0001,3.0,1.0,1.0,Elite,Standard retention nurture
134299,0.0,0,0,0.5651,Low,0.0,0.0,0.0,0.0,Premium,Standard retention nurture
134300,0.0,0,0,0.5114,Low,0.0,0.0,0.0,0.0,Premium,Standard retention nurture
134301,0.0,0,0,0.3158,Low,0.0,0.0,0.0,0.0,Standard,Standard retention nurture
134302,0.9998,1,1,0.3448,Critical,0.3447,14244.0,4273.0,3773.0,Standard,Relationship manager follow-up
134303,0.0,0,0,0.2619,Low,0.0,0.0,0.0,0.0,Standard,Standard retention nurture
134304,0.0,0,0,0.2877,Low,0.0,0.0,0.0,0.0,Standard,Standard retention nurture
134305,0.0,0,0,0.28,Low,0.0,0.0,0.0,0.0,Standard,Standard retention nurture
134306,0.0,0,0,0.7347,Low,0.0,0.0,0.0,0.0,Premium,Standard retention nurture
134307,0.9399,1,1,0.1856,Critical,0.1744,1074.0,322.0,-178.0,Basic,Relationship manager follow-up
134308,0.0,0,0,0.3192,Low,0.0,0.0,0.0,0.0,Standard,Standard retention nurture
134309,0.0191,0,0,0.3113,Low,0.0059,221.0,66.0,66.0,Standard,Standard retention nurture
134310,0.0,0,0,0.3234,Low,0.0,0.0,0.0,0.0,Standard,Standard retention nurture
134311,0.623,1,0,0.6573,High,0.4095,15230.0,4569.0,4069.0,Premium,Relationship manager follow-up
134312,0.0,0,0,0.3529,Low,0.0,0.0,0.0,0.0,Standard,Standard retention nurture
134313,1.0,1,1,0.1707,Critical,0.1707,4469.0,1341.0,841.0,Basic,Relationship manager follow-up
134314,0.0005,0,0,0.1396,Low,0.0001,2.0,1.0,1.0,Basic,Standard retention nurture
134315,0.0,0,0,0.6156,Low,0.0,0.0,0.0,0.0,Premium,Standard retention nurture
134316,0.0,0,0,0.6673,Low,0.0,0.0,0.0,0.0,Premium,Standard retention nurture
134317,0.0003,0,0,0.2426,Low,0.0001,2.0,1.0,1.0,Basic,Standard retention nurture
134318,0.0,0,0,0.2262,Low,0.0,0.0,0.0,0.0,Basic,Standard retention nurture
134319,0.0027,0,0,0.4054,Low,0.0011,34.0,10.0,10.0,Standard,Standard retention nurture
134320,0.0,0,0,0.4868,Low,0.0,0.0,0.0,0.0,Standard,Standard retention nurture
134321,0.0,0,0,0.6346,Low,0.0,0.0,0.0,0.0,Premium,Standard retention nurture
134322,0.0,0,0,0.2853,Low,0.0,0.0,0.0,0.0,Standard,Standard retention nurture
134323,0.0011,0,0,0.3841,Low,0.0004,19.0,6.0,6.0,Standard,Standard retention nurture
134324,0.0,0,0,0.5231,Low,0.0,0.0,0.0,0.0,Premium,Standard retention nurture
134325,0.0,0,0,0.1489,Low,0.0,0.0,0.0,0.0,Basic,Standard retention nurture
134326,0.0,0,0,0.495,Low,0.0,0.0,0.0,0.0,Standard,Standard retention nurture
134327,0.0003,0,0,0.2979,Low,0.0001,3.0,1.0,1.0,Standard,Standard retention nurture
134328,0.0,0,0,0.7077,Low,0.0,0.0,0.0,0.0,Premium,Standard retention nurture
134329,0.0086,0,0,0.455,Low,0.0039,106.0,32.0,32.0,Standard,Standard retention nurture
134330,0.0001,0,0,0.6772,Low,0.0001,3.0,1.0,1.0,Premium,Standard retention nurture
134331,0.9959,1,1,0.1816,Critical,0.1809,5227.0,1568.0,1068.0,Basic,Relationship manager follow-up
134332,0.0,0,0,0.5747,Low,0.0,0.0,0.0,0.0,Premium,Standard retention nurture
134333,0.0113,0,0,0.1908,Low,0.0022,73.0,22.0,22.0,Basic,Standard retention nurture
134334,0.0,0,0,0.1988,Low,0.0,0.0,0.0,0.0,Basic,Standard retention nurture
134335,1.0,1,1,0.2591,Critical,0.2591,5590.0,1677.0,1177.0,Standard,Relationship manager follow-up
134336,0.0049,0,0,0.2128,Low,0.001,36.0,11.0,11.0,Basic,Standard retention nurture
134337,0.0003,0,0,0.1399,Low,0.0,1.0,0.0,0.0,Basic,Standard retention nurture
134338,0.0,0,0,0.6571,Low,0.0,0.0,0.0,0.0,Premium,Standard retention nurture
134339,0.0,0,0,0.3045,Low,0.0,0.0,0.0,0.0,Standard,Standard retention nurture
134340,0.0,0,0,0.1755,Low,0.0,0.0,0.0,0.0,Basic,Standard retention nurture
134341,0.0,0,0,0.1995,Low,0.0,0.0,0.0,0.0,Basic,Standard retention nurture
134342,0.0022,0,0,0.4504,Low,0.001,48.0,14.0,14.0,Standard,Standard retention nurture
134343,0.0149,0,0,0.4316,Low,0.0064,272.0,82.0,82.0,Standard,Standard retention nurture
134344,1.0,1,1,0.2338,Critical,0.2338,4596.0,1379.0,879.0,Basic,Relationship manager follow-up
134345,0.9998,1,1,0.276,Critical,0.2759,7225.0,2168.0,1668.0,Standard,Relationship manager follow-up
134346,1.0,1,1,0.1377,Critical,0.1377,5844.0,1753.0,1253.0,Basic,Relationship manager follow-up
134347,0.0,0,0,0.3473,Low,0.0,0.0,0.0,0.0,Standard,Standard retention nurture
134348,0.9999,1,1,0.2133,Critical,0.2133,8125.0,2438.0,1938.0,Basic,Relationship manager follow-up
134349,0.0,0,0,0.4102,Low,0.0,0.0,0.0,0.0,Standard,Standard retention nurture
134350,0.0034,0,0,0.5211,Low,0.0018,63.0,19.0,19.0,Premium,Standard retention nurture
134351,0.0001,0,0,0.2409,Low,0.0,1.0,0.0,0.0,Basic,Standard retention nurture
134352,0.0,0,0,0.2887,Low,0.0,0.0,0.0,0.0,Standard,Standard retention nurture
134353,0.0,0,0,0.2746,Low,0.0,0.0,0.0,0.0,Standard,Standard retention nurture
134354,0.0803,0,0,0.1419,Low,0.0114,250.0,75.0,75.0,Basic,Standard retention nurture
134355,0.0,0,0,0.3104,Low,0.0,0.0,0.0,0.0,Standard,Standard retention nurture
134356,0.0,0,0,0.6677,Low,0.0,0.0,0.0,0.0,Premium,Standard retention nurture
134357,0.0007,0,0,0.3827,Low,0.0003,13.0,4.0,4.0,Standard,Standard retention nurture
134358,0.0,0,0,0.5268,Low,0.0,0.0,0.0,0.0,Premium,Standard retention nurture
134359,0.0008,0,0,0.7141,Low,0.0006,22.0,7.0,7.0,Premium,Standard retention nurture
134360,0.0,0,0,0.3166,Low,0.0,0.0,0.0,0.0,Standard,Standard retention nurture
134361,0.0,0,0,0.2192,Low,0.0,0.0,0.0,0.0,Basic,Standard retention nurture
134362,0.0,0,0,0.3686,Low,0.0,0.0,0.0,0.0,Standard,Standard retention nurture
134363,0.0027,0,0,0.1499,Low,0.0004,16.0,5.0,5.0,Basic,Standard retention nurture
134364,0.0001,0,0,0.3471,Low,0.0,1.0,0.0,0.0,Standard,Standard retention nurture
134365,0.0001,0,0,0.2125,Low,0.0,0.0,0.0,0.0,Basic,Standard retention nurture
134366,0.06,0,0,0.2052,Low,0.0123,592.0,178.0,178.0,Basic,Standard retention nurture
134367,0.0009,0,0,0.7751,Low,0.0007,30.0,9.0,9.0,Elite,Standard retention nurture
134368,0.3398,1,1,0.3856,Low,0.131,2573.0,772.0,272.0,Standard,Relationship manager follow-up
134369,0.0,0,0,0.4604,Low,0.0,0.0,0.0,0.0,Standard,Standard retention nurture
134370,0.0,0,0,0.4782,Low,0.0,0.0,0.0,0.0,Standard,Standard retention nurture
134371,0.0,0,0,0.3656,Low,0.0,0.0,0.0,0.0,Standard,Standard retention nurture
134372,0.0,0,0,0.2441,Low,0.0,0.0,0.0,0.0,Basic,Standard retention nurture
134373,0.0,0,0,0.3341,Low,0.0,0.0,0.0,0.0,Standard,Standard retention nurture
134374,0.0052,0,0,0.2599,Low,0.0014,37.0,11.0,11.0,Standard,Standard retention nurture
134375,0.0,0,0,0.322,Low,0.0,0.0,0.0,0.0,Standard,Standard retention nurture
134376,0.0,0,0,0.3874,Low,0.0,0.0,0.0,0.0,Standard,Standard retention nurture
134377,0.0,0,0,0.5754,Low,0.0,0.0,0.0,0.0,Premium,Standard retention nurture
134378,0.0,0,0,0.2664,Low,0.0,0.0,0.0,0.0,Standard,Standard retention nurture
134379,0.0,0,0,0.3339,Low,0.0,0.0,0.0,0.0,Standard,Standard retention nurture
134380,0.9958,1,1,0.1995,Critical,0.1987,3878.0,1163.0,663.0,Basic,Relationship manager follow-up
134381,0.0,0,0,0.3039,Low,0.0,0.0,0.0,0.0,Standard,Standard retention nurture
134382,0.0004,0,0,0.3163,Low,0.0001,5.0,2.0,2.0,Standard,Standard retention nurture
134383,0.0,0,0,0.6057,Low,0.0,0.0,0.0,0.0,Premium,Standard retention nurture
134384,0.0005,0,0,0.1328,Low,0.0001,1.0,0.0,0.0,Basic,Standard retention nurture
134385,0.0,0,0,0.3554,Low,0.0,0.0,0.0,0.0,Standard,Standard retention nurture
134386,0.0002,0,0,0.1877,Low,0.0,1.0,0.0,0.0,Basic,Standard retention nurture
134387,0.0001,0,0,0.1306,Low,0.0,0.0,0.0,0.0,Basic,Standard retention nurture
134388,0.0,0,0,0.5847,Low,0.0,0.0,0.0,0.0,Premium,Standard retention nurture
134389,0.0,0,0,0.6483,Low,0.0,0.0,0.0,0.0,Premium,Standard retention nurture
134390,0.0,0,0,0.4432,Low,0.0,0.0,0.0,0.0,Standard,Standard retention nurture
134391,0.0,0,0,0.568,Low,0.0,0.0,0.0,0.0,Premium,Standard retention nurture
134392,0.0,0,0,0.6841,Low,0.0,0.0,0.0,0.0,Premium,Standard retention nurture
134393,0.0,0,0,0.4139,Low,0.0,0.0,0.0,0.0,Standard,Standard retention nurture
134394,0.0,0,0,0.8543,Low,0.0,0.0,0.0,0.0,Elite,Standard retention nurture
134395,0.008,0,0,0.1743,Low,0.0014,58.0,17.0,17.0,Basic,Standard retention nurture
134396,0.0,0,0,0.96,Low,0.0,0.0,0.0,0.0,Elite,Standard retention nurture
134397,0.0,0,0,0.2007,Low,0.0,0.0,0.0,0.0,Basic,Standard retention nurture
134398,0.0814,0,0,0.2031,Low,0.0165,440.0,132.0,132.0,Basic,Standard retention nurture
134399,0.0114,0,0,0.3762,Low,0.0043,117.0,35.0,35.0,Standard,Standard retention nurture
134400,0.0001,0,0,0.6381,Low,0.0001,4.0,1.0,1.0,Premium,Standard retention nurture
134401,0.0,0,0,0.8216,Low,0.0,0.0,0.0,0.0,Elite,Standard retention nurture
134402,0.0,0,0,0.4503,Low,0.0,0.0,0.0,0.0,Standard,Standard retention nurture
134403,0.9891,1,1,0.4173,Critical,0.4128,14889.0,4467.0,3967.0,Standard,Relationship manager follow-up
134404,0.7147,1,0,0.231,High,0.1651,5709.0,1713.0,1213.0,Basic,Relationship manager follow-up
134405,0.0004,0,0,0.1871,Low,0.0001,1.0,0.0,0.0,Basic,Standard retention nurture
134406,0.004,0,0,0.5579,Low,0.0022,101.0,30.0,30.0,Premium,Standard retention nurture
134407,0.0,0,0,0.6802,Low,0.0,0.0,0.0,0.0,Premium,Standard retention nurture
134408,0.0,0,0,0.4745,Low,0.0,0.0,0.0,0.0,Standard,Standard retention nurture
134409,0.0,0,0,0.2434,Low,0.0,0.0,0.0,0.0,Basic,Standard retention nurture
134410,0.9995,1,1,0.1453,Critical,0.1452,1570.0,471.0,-29.0,Basic,Relationship manager follow-up
134411,0.0024,0,0,0.1759,Low,0.0004,7.0,2.0,2.0,Basic,Standard retention nurture
134412,0.0,0,0,0.1667,Low,0.0,0.0,0.0,0.0,Basic,Standard retention nurture
134413,0.0,0,0,0.1639,Low,0.0,0.0,0.0,0.0,Basic,Standard retention nurture
134414,0.0002,0,0,0.2502,Low,0.0001,1.0,0.0,0.0,Standard,Standard retention nurture
134415,0.9975,1,1,0.1955,Critical,0.195,5995.0,1798.0,1298.0,Basic,Relationship manager follow-up
134416,0.0,0,0,0.7651,Low,0.0,0.0,0.0,0.0,Elite,Standard retention nurture
134417,0.0003,0,0,0.5121,Low,0.0002,4.0,1.0,1.0,Premium,Standard retention nurture
134418,0.0002,0,0,0.2955,Low,0.0001,2.0,1.0,1.0,Standard,Standard retention nurture
134419,0.0,0,0,0.2177,Low,0.0,0.0,0.0,0.0,Basic,Standard retention nurture
134420,0.0,0,0,0.2441,Low,0.0,0.0,0.0,0.0,Basic,Standard retention nurture
134421,0.0002,0,0,0.3357,Low,0.0001,3.0,1.0,1.0,Standard,Standard retention nurture
134422,0.0,0,0,0.5949,Low,0.0,0.0,0.0,0.0,Premium,Standard retention nurture
134423,0.0,0,0,0.4836,Low,0.0,0.0,0.0,0.0,Standard,Standard retention nurture
134424,0.0,0,0,0.7659,Low,0.0,0.0,0.0,0.0,Elite,Standard retention nurture
134425,0.0,0,0,0.2004,Low,0.0,0.0,0.0,0.0,Basic,Standard retention nurture
134426,0.0,0,0,0.4759,Low,0.0,0.0,0.0,0.0,Standard,Standard retention nurture
134427,0.0,0,0,0.1641,Low,0.0,0.0,0.0,0.0,Basic,Standard retention nurture
134428,0.0009,0,0,0.34,Low,0.0003,10.0,3.0,3.0,Standard,Standard retention nurture
134429,0.0002,0,0,0.2007,Low,0.0,2.0,1.0,1.0,Basic,Standard retention nurture
134430,0.0,0,0,0.5543,Low,0.0,0.0,0.0,0.0,Premium,Standard retention nurture
134431,0.0001,0,0,0.3725,Low,0.0,2.0,1.0,1.0,Standard,Standard retention nurture
134432,0.0,0,0,0.7738,Low,0.0,0.0,0.0,0.0,Elite,Standard retention nurture
134433,0.0,0,0,0.4283,Low,0.0,0.0,0.0,0.0,Standard,Standard retention nurture
134434,0.0,0,0,0.6601,Low,0.0,0.0,0.0,0.0,Premium,Standard retention nurture
134435,0.0,0,0,0.238,Low,0.0,0.0,0.0,0.0,Basic,Standard retention nurture
134436,0.0,0,0,0.498,Low,0.0,0.0,0.0,0.0,Standard,Standard retention nurture
134437,0.0,0,0,0.4679,Low,0.0,0.0,0.0,0.0,Standard,Standard retention nurture
134438,0.0,0,0,0.3423,Low,0.0,0.0,0.0,0.0,Standard,Standard retention nurture
134439,0.0003,0,0,0.8129,Low,0.0002,10.0,3.0,3.0,Elite,Standard retention nurture
134440,0.0,0,0,0.3997,Low,0.0,0.0,0.0,0.0,Standard,Standard retention nurture
134441,0.993,1,1,0.3425,Critical,0.3401,15806.0,4742.0,4242.0,Standard,Relationship manager follow-up
134442,0.9953,1,1,0.1567,Critical,0.156,1516.0,455.0,-45.0,Basic,Relationship manager follow-up
134443,0.3157,1,1,0.6158,Low,0.1944,8045.0,2414.0,1914.0,Premium,Relationship manager follow-up
134444,0.0,0,0,0.5408,Low,0.0,0.0,0.0,0.0,Premium,Standard retention nurture
134445,0.0,0,0,0.6961,Low,0.0,0.0,0.0,0.0,Premium,Standard retention nurture
134446,0.0153,0,0,0.2924,Low,0.0045,140.0,42.0,42.0,Standard,Standard retention nurture
134447,0.0,0,0,0.3144,Low,0.0,0.0,0.0,0.0,Standard,Standard retention nurture
134448,0.0,0,0,0.549,Low,0.0,0.0,0.0,0.0,Premium,Standard retention nurture
134449,0.0,0,0,0.3035,Low,0.0,0.0,0.0,0.0,Standard,Standard retention nurture
134450,0.0041,0,0,0.0827,Low,0.0003,13.0,4.0,4.0,Basic,Standard retention nurture
134451,1.0,1,1,0.3244,Critical,0.3244,10864.0,3259.0,2759.0,Standard,Relationship manager follow-up
134452,0.0,0,0,0.3437,Low,0.0,0.0,0.0,0.0,Standard,Standard retention nurture
134453,0.0,0,0,0.2686,Low,0.0,0.0,0.0,0.0,Standard,Standard retention nurture
134454,0.0003,0,0,0.3369,Low,0.0001,4.0,1.0,1.0,Standard,Standard retention nurture
134455,0.875,1,1,0.3325,Critical,0.2909,14625.0,4388.0,3888.0,Standard,Relationship manager follow-up
134456,0.0,0,0,0.3692,Low,0.0,0.0,0.0,0.0,Standard,Standard retention nurture
134457,0.0079,0,0,0.3238,Low,0.0026,78.0,23.0,23.0,Standard,Standard retention nurture
134458,0.9995,1,1,0.7282,Critical,0.7278,30809.0,9243.0,8743.0,Premium,Relationship manager follow-up
134459,0.0005,0,0,0.1617,Low,0.0001,2.0,1.0,1.0,Basic,Standard retention nurture
134460,0.0,0,0,0.3573,Low,0.0,0.0,0.0,0.0,Standard,Standard retention nurture
134461,0.0,0,0,0.288,Low,0.0,0.0,0.0,0.0,Standard,Standard retention nurture
134462,0.0,0,0,0.3741,Low,0.0,0.0,0.0,0.0,Standard,Standard retention nurture
134463,0.0032,0,0,0.391,Low,0.0013,39.0,12.0,12.0,Standard,Standard retention nurture
134464,0.0,0,0,0.715,Low,0.0,0.0,0.0,0.0,Premium,Standard retention nurture
134465,0.0172,0,0,0.4688,Low,0.0081,365.0,110.0,110.0,Standard,Standard retention nurture
134466,0.0128,0,0,0.3363,Low,0.0043,86.0,26.0,26.0,Standard,Standard retention nurture
134467,0.0,0,0,0.4205,Low,0.0,0.0,0.0,0.0,Standard,Standard retention nurture
134468,0.9964,1,1,0.1144,Critical,0.114,4566.0,1370.0,870.0,Basic,Relationship manager follow-up
134469,0.9982,1,1,0.259,Critical,0.2585,10019.0,3006.0,2506.0,Standard,Relationship manager follow-up
134470,0.0,0,0,0.4108,Low,0.0,0.0,0.0,0.0,Standard,Standard retention nurture
134471,0.9961,1,1,0.7453,Critical,0.7424,36477.0,10943.0,10443.0,Premium,Relationship manager follow-up
134472,0.0001,0,0,0.7077,Low,0.0001,3.0,1.0,1.0,Premium,Standard retention nurture
134473,0.0,0,0,0.8641,Low,0.0,0.0,0.0,0.0,Elite,Standard retention nurture
134474,0.0018,0,0,0.6688,Low,0.0012,63.0,19.0,19.0,Premium,Standard retention nurture
134475,0.0014,0,0,0.1997,Low,0.0003,10.0,3.0,3.0,Basic,Standard retention nurture
134476,0.0001,0,0,0.2281,Low,0.0,1.0,0.0,0.0,Basic,Standard retention nurture
134477,0.0,0,0,0.3437,Low,0.0,0.0,0.0,0.0,Standard,Standard retention nurture
134478,0.0,0,0,0.2362,Low,0.0,0.0,0.0,0.0,Basic,Standard retention nurture
134479,0.0,0,0,0.4877,Low,0.0,0.0,0.0,0.0,Standard,Standard retention nurture
134480,0.0,0,0,0.3274,Low,0.0,0.0,0.0,0.0,Standard,Standard retention nurture
134481,0.0726,0,0,0.9034,Low,0.0656,2659.0,798.0,798.0,Elite,Standard retention nurture
134482,1.0,1,1,0.1007,Critical,0.1007,1749.0,525.0,25.0,Basic,Relationship manager follow-up
134483,0.0,0,0,0.8399,Low,0.0,0.0,0.0,0.0,Elite,Standard retention nurture
134484,0.0,0,0,0.1553,Low,0.0,0.0,0.0,0.0,Basic,Standard retention nurture
134485,0.0,0,0,0.1706,Low,0.0,0.0,0.0,0.0,Basic,Standard retention nurture
134486,1.0,1,1,0.2788,Critical,0.2788,6769.0,2031.0,1531.0,Standard,Relationship manager follow-up
134487,0.0,0,0,0.4326,Low,0.0,0.0,0.0,0.0,Standard,Standard retention nurture
134488,0.0,0,0,0.7552,Low,0.0,0.0,0.0,0.0,Elite,Standard retention nurture
134489,0.0,0,0,0.483,Low,0.0,0.0,0.0,0.0,Standard,Standard retention nurture
134490,0.0,0,0,0.4206,Low,0.0,0.0,0.0,0.0,Standard,Standard retention nurture
134491,0.0031,0,0,0.3924,Low,0.0012,46.0,14.0,14.0,Standard,Standard retention nurture
134492,0.0,0,0,0.294,Low,0.0,0.0,0.0,0.0,Standard,Standard retention nurture
134493,0.0001,0,0,0.1466,Low,0.0,1.0,0.0,0.0,Basic,Standard retention nurture
134494,0.0,0,0,0.4194,Low,0.0,0.0,0.0,0.0,Standard,Standard retention nurture
134495,0.0,0,0,0.4329,Low,0.0,0.0,0.0,0.0,Standard,Standard retention nurture
134496,0.0,0,0,0.3544,Low,0.0,0.0,0.0,0.0,Standard,Standard retention nurture
134497,0.0,0,0,0.2256,Low,0.0,0.0,0.0,0.0,Basic,Standard retention nurture
134498,0.0,0,0,0.3046,Low,0.0,0.0,0.0,0.0,Standard,Standard retention nurture
134499,0.0,0,0,0.4498,Low,0.0,0.0,0.0,0.0,Standard,Standard retention nurture
134500,0.0,0,0,0.2424,Low,0.0,0.0,0.0,0.0,Basic,Standard retention nurture
134501,0.0005,0,0,0.4382,Low,0.0002,5.0,2.0,2.0,Standard,Standard retention nurture
134502,0.0,0,0,0.2902,Low,0.0,0.0,0.0,0.0,Standard,Standard retention nurture
134503,0.0,0,0,0.2802,Low,0.0,0.0,0.0,0.0,Standard,Standard retention nurture
134504,0.0,0,0,0.4668,Low,0.0,0.0,0.0,0.0,Standard,Standard retention nurture
134505,0.0,0,0,0.5235,Low,0.0,0.0,0.0,0.0,Premium,Standard retention nurture
134506,0.0,0,0,0.49,Low,0.0,0.0,0.0,0.0,Standard,Standard retention nurture
134507,0.0,0,0,0.2958,Low,0.0,0.0,0.0,0.0,Standard,Standard retention nurture
134508,0.0006,0,0,0.3074,Low,0.0002,4.0,1.0,1.0,Standard,Standard retention nurture
134509,1.0,1,1,0.1067,Critical,0.1067,2478.0,743.0,243.0,Basic,Relationship manager follow-up
134510,0.0006,0,0,0.4439,Low,0.0003,14.0,4.0,4.0,Standard,Standard retention nurture
134511,0.0,0,0,0.5176,Low,0.0,0.0,0.0,0.0,Premium,Standard retention nurture
134512,0.9987,1,1,0.5665,Critical,0.5658,21161.0,6348.0,5848.0,Premium,Relationship manager follow-up
134513,0.0,0,0,0.2378,Low,0.0,0.0,0.0,0.0,Basic,Standard retention nurture
134514,0.0008,0,0,0.1446,Low,0.0001,4.0,1.0,1.0,Basic,Standard retention nurture
134515,0.9999,1,1,0.4414,Critical,0.4414,14475.0,4342.0,3842.0,Standard,Relationship manager follow-up
134516,0.9984,1,1,0.2348,Critical,0.2344,5686.0,1706.0,1206.0,Basic,Relationship manager follow-up
134517,1.0,1,1,0.1614,Critical,0.1614,1248.0,374.0,-126.0,Basic,Relationship manager follow-up
134518,0.0,0,0,0.6561,Low,0.0,0.0,0.0,0.0,Premium,Standard retention nurture
134519,0.0,0,0,0.3615,Low,0.0,0.0,0.0,0.0,Standard,Standard retention nurture
134520,0.0037,0,0,0.1509,Low,0.0006,22.0,7.0,7.0,Basic,Standard retention nurture
134521,0.0,0,0,0.6809,Low,0.0,0.0,0.0,0.0,Premium,Standard retention nurture
134522,0.0014,0,0,0.2109,Low,0.0003,8.0,2.0,2.0,Basic,Standard retention nurture
134523,0.0,0,0,0.3562,Low,0.0,0.0,0.0,0.0,Standard,Standard retention nurture
134524,0.0,0,0,0.5661,Low,0.0,0.0,0.0,0.0,Premium,Standard retention nurture
134525,1.0,1,1,0.2269,Critical,0.2269,6507.0,1952.0,1452.0,Basic,Relationship manager follow-up
134526,0.0001,0,0,0.5726,Low,0.0001,2.0,1.0,1.0,Premium,Standard retention nurture
134527,0.0,0,0,0.4997,Low,0.0,0.0,0.0,0.0,Standard,Standard retention nurture
134528,0.9845,1,1,0.2106,Critical,0.2073,4161.0,1248.0,748.0,Basic,Relationship manager follow-up
134529,1.0,1,1,0.241,Critical,0.241,8642.0,2593.0,2093.0,Basic,Relationship manager follow-up
134530,0.0,0,0,0.2907,Low,0.0,0.0,0.0,0.0,Standard,Standard retention nurture
134531,0.9999,1,1,0.3244,Critical,0.3244,8281.0,2484.0,1984.0,Standard,Relationship manager follow-up
134532,0.0164,0,0,0.2312,Low,0.0038,168.0,50.0,50.0,Basic,Standard retention nurture
134533,0.0001,0,0,0.4997,Low,0.0,2.0,1.0,1.0,Standard,Standard retention nurture
134534,0.0,0,0,0.2609,Low,0.0,0.0,0.0,0.0,Standard,Standard retention nurture
134535,0.0,0,0,0.4981,Low,0.0,0.0,0.0,0.0,Standard,Standard retention nurture
134536,0.0,0,0,0.2841,Low,0.0,0.0,0.0,0.0,Standard,Standard retention nurture
134537,0.9982,1,1,0.2362,Critical,0.2358,4892.0,1468.0,968.0,Basic,Relationship manager follow-up
134538,0.0003,0,0,0.5378,Low,0.0002,5.0,2.0,2.0,Premium,Standard retention nurture
134539,0.0001,0,0,0.2882,Low,0.0,2.0,1.0,1.0,Standard,Standard retention nurture
134540,0.0004,0,0,0.7057,Low,0.0003,13.0,4.0,4.0,Premium,Standard retention nurture
134541,0.0004,0,0,0.3441,Low,0.0001,5.0,2.0,2.0,Standard,Standard retention nurture
134542,0.0,0,0,0.3383,Low,0.0,0.0,0.0,0.0,Standard,Standard retention nurture
134543,0.9952,1,1,0.2091,Critical,0.2081,4627.0,1388.0,888.0,Basic,Relationship manager follow-up
134544,0.0,0,0,0.1578,Low,0.0,0.0,0.0,0.0,Basic,Standard retention nurture
134545,0.0,0,0,0.247,Low,0.0,0.0,0.0,0.0,Basic,Standard retention nurture
134546,1.0,1,1,0.1372,Critical,0.1372,3141.0,942.0,442.0,Basic,Relationship manager follow-up
134547,0.0003,0,0,0.2571,Low,0.0001,3.0,1.0,1.0,Standard,Standard retention nurture
134548,0.0015,0,0,0.101,Low,0.0002,4.0,1.0,1.0,Basic,Standard retention nurture
134549,0.0002,0,0,0.3159,Low,0.0001,2.0,1.0,1.0,Standard,Standard retention nurture
134550,0.0,0,0,0.2645,Low,0.0,0.0,0.0,0.0,Standard,Standard retention nurture
134551,1.0,1,1,0.1591,Critical,0.1591,4486.0,1346.0,846.0,Basic,Relationship manager follow-up
134552,0.0,0,0,0.8664,Low,0.0,0.0,0.0,0.0,Elite,Standard retention nurture
134553,0.0,0,0,0.1767,Low,0.0,0.0,0.0,0.0,Basic,Standard retention nurture
134554,0.0,0,0,0.438,Low,0.0,0.0,0.0,0.0,Standard,Standard retention nurture
134555,0.0,0,0,0.3622,Low,0.0,0.0,0.0,0.0,Standard,Standard retention nurture
134556,0.0,0,0,0.3633,Low,0.0,0.0,0.0,0.0,Standard,Standard retention nurture
134557,0.0007,0,0,0.785,Low,0.0005,25.0,8.0,8.0,Elite,Standard retention nurture
134558,0.0,0,0,0.1942,Low,0.0,0.0,0.0,0.0,Basic,Standard retention nurture
134559,0.0004,0,0,0.1855,Low,0.0001,2.0,1.0,1.0,Basic,Standard retention nurture
134560,0.0012,0,0,0.4473,Low,0.0005,12.0,4.0,4.0,Standard,Standard retention nurture
134561,0.2089,1,0,0.1551,Low,0.0324,1135.0,340.0,-160.0,Basic,Relationship manager follow-up
134562,0.0003,0,0,0.26,Low,0.0001,3.0,1.0,1.0,Standard,Standard retention nurture
134563,0.0001,0,0,0.3752,Low,0.0,2.0,1.0,1.0,Standard,Standard retention nurture
134564,0.9966,1,1,0.1913,Critical,0.1906,2772.0,832.0,332.0,Basic,Relationship manager follow-up
134565,0.0001,0,0,0.2248,Low,0.0,1.0,0.0,0.0,Basic,Standard retention nurture
134566,0.0,0,0,0.4911,Low,0.0,0.0,0.0,0.0,Standard,Standard retention nurture
134567,0.0002,0,0,0.8896,Low,0.0002,7.0,2.0,2.0,Elite,Standard retention nurture
134568,0.2819,1,0,0.2217,Low,0.0625,1080.0,324.0,-176.0,Basic,Relationship manager follow-up
134569,0.0015,0,0,0.2182,Low,0.0003,7.0,2.0,2.0,Basic,Standard retention nurture
134570,0.0,0,0,0.534,Low,0.0,0.0,0.0,0.0,Premium,Standard retention nurture
134571,0.0,0,0,0.3693,Low,0.0,0.0,0.0,0.0,Standard,Standard retention nurture
134572,0.0,0,0,0.4705,Low,0.0,0.0,0.0,0.0,Standard,Standard retention nurture
134573,0.0001,0,0,0.1695,Low,0.0,1.0,0.0,0.0,Basic,Standard retention nurture
134574,0.0,0,0,0.28,Low,0.0,0.0,0.0,0.0,Standard,Standard retention nurture
134575,0.9999,1,1,0.1571,Critical,0.1571,4636.0,1391.0,891.0,Basic,Relationship manager follow-up
134576,0.0,0,0,0.3591,Low,0.0,0.0,0.0,0.0,Standard,Standard retention nurture
134577,1.0,1,1,0.1725,Critical,0.1725,2590.0,777.0,277.0,Basic,Relationship manager follow-up
134578,0.0,0,0,0.2684,Low,0.0,0.0,0.0,0.0,Standard,Standard retention nurture
134579,1.0,1,1,0.2081,Critical,0.2081,6015.0,1804.0,1304.0,Basic,Relationship manager follow-up
134580,0.0289,0,0,0.2556,Low,0.0074,227.0,68.0,68.0,Standard,Standard retention nurture
134581,0.0,0,0,0.7483,Low,0.0,0.0,0.0,0.0,Premium,Standard retention nurture
134582,0.0001,0,0,0.1305,Low,0.0,1.0,0.0,0.0,Basic,Standard retention nurture
134583,0.0,0,0,0.1875,Low,0.0,0.0,0.0,0.0,Basic,Standard retention nurture
134584,0.0,0,0,0.3944,Low,0.0,0.0,0.0,0.0,Standard,Standard retention nurture
134585,0.9868,1,1,0.1309,Critical,0.1292,3316.0,995.0,495.0,Basic,Relationship manager follow-up
134586,0.0001,0,0,0.8287,Low,0.0001,4.0,1.0,1.0,Elite,Standard retention nurture
134587,0.0,0,0,0.302,Low,0.0,0.0,0.0,0.0,Standard,Standard retention nurture
134588,0.0,0,0,0.413,Low,0.0,0.0,0.0,0.0,Standard,Standard retention nurture
134589,0.0,0,0,0.7335,Low,0.0,0.0,0.0,0.0,Premium,Standard retention nurture
134590,0.0,0,0,0.3497,Low,0.0,0.0,0.0,0.0,Standard,Standard retention nurture
134591,0.0,0,0,0.816,Low,0.0,0.0,0.0,0.0,Elite,Standard retention nurture
134592,0.0002,0,0,0.5774,Low,0.0001,5.0,2.0,2.0,Premium,Standard retention nurture
134593,0.0,0,0,0.5961,Low,0.0,0.0,0.0,0.0,Premium,Standard retention nurture
134594,0.0004,0,0,0.1341,Low,0.0001,2.0,1.0,1.0,Basic,Standard retention nurture
134595,1.0,1,1,0.1356,Critical,0.1356,4743.0,1423.0,923.0,Basic,Relationship manager follow-up
134596,0.0,0,0,0.4675,Low,0.0,0.0,0.0,0.0,Standard,Standard retention nurture
134597,0.0,0,0,0.2962,Low,0.0,0.0,0.0,0.0,Standard,Standard retention nurture
134598,0.0,0,0,0.2823,Low,0.0,0.0,0.0,0.0,Standard,Standard retention nurture
134599,0.0003,0,0,0.2623,Low,0.0001,2.0,1.0,1.0,Standard,Standard retention nurture
134600,0.0,0,0,0.7204,Low,0.0,0.0,0.0,0.0,Premium,Standard retention nurture
134601,0.9937,1,1,0.1981,Critical,0.1969,5062.0,1519.0,1019.0,Basic,Relationship manager follow-up
134602,0.0,0,0,0.6864,Low,0.0,0.0,0.0,0.0,Premium,Standard retention nurture
134603,0.0061,0,0,0.173,Low,0.0011,44.0,13.0,13.0,Basic,Standard retention nurture
134604,0.0,0,0,0.3783,Low,0.0,0.0,0.0,0.0,Standard,Standard retention nurture
134605,0.0002,0,0,0.7621,Low,0.0002,5.0,2.0,2.0,Elite,Standard retention nurture
134606,0.0,0,0,0.3882,Low,0.0,0.0,0.0,0.0,Standard,Standard retention nurture
134607,0.0,0,0,0.613,Low,0.0,0.0,0.0,0.0,Premium,Standard retention nurture
134608,0.999,1,1,0.3873,Critical,0.3869,10243.0,3073.0,2573.0,Standard,Relationship manager follow-up
134609,0.0995,0,0,0.2344,Low,0.0233,770.0,231.0,231.0,Basic,Standard retention nurture
134610,0.0,0,0,0.1261,Low,0.0,0.0,0.0,0.0,Basic,Standard retention nurture
134611,0.0,0,0,0.5046,Low,0.0,0.0,0.0,0.0,Premium,Standard retention nurture
134612,0.0477,0,0,0.8045,Low,0.0384,1747.0,524.0,524.0,Elite,Standard retention nurture
134613,0.0,0,0,0.3913,Low,0.0,0.0,0.0,0.0,Standard,Standard retention nurture
134614,0.0706,0,0,0.4337,Low,0.0306,1219.0,366.0,366.0,Standard,Standard retention nurture
134615,0.0,0,0,0.4516,Low,0.0,0.0,0.0,0.0,Standard,Standard retention nurture
134616,0.0,0,0,0.2636,Low,0.0,0.0,0.0,0.0,Standard,Standard retention nurture
134617,0.0,0,0,0.1995,Low,0.0,0.0,0.0,0.0,Basic,Standard retention nurture
134618,0.0,0,0,0.3993,Low,0.0,0.0,0.0,0.0,Standard,Standard retention nurture
134619,0.0,0,0,0.317,Low,0.0,0.0,0.0,0.0,Standard,Standard retention nurture
134620,0.0,0,0,0.3726,Low,0.0,0.0,0.0,0.0,Standard,Standard retention nurture
134621,0.0,0,0,0.4077,Low,0.0,0.0,0.0,0.0,Standard,Standard retention nurture
134622,0.0965,0,0,0.4634,Low,0.0447,2152.0,646.0,646.0,Standard,Standard retention nurture
134623,0.0,0,0,0.1853,Low,0.0,0.0,0.0,0.0,Basic,Standard retention nurture
134624,0.0001,0,0,0.2845,Low,0.0,1.0,0.0,0.0,Standard,Standard retention nurture
134625,0.0,0,0,0.3084,Low,0.0,0.0,0.0,0.0,Standard,Standard retention nurture
134626,0.0001,0,0,0.503,Low,0.0001,2.0,1.0,1.0,Premium,Standard retention nurture
134627,1.0,1,1,0.1942,Critical,0.1942,7145.0,2144.0,1644.0,Basic,Relationship manager follow-up
134628,0.0,0,0,0.2541,Low,0.0,0.0,0.0,0.0,Standard,Standard retention nurture
134629,0.0027,0,0,0.1503,Low,0.0004,9.0,3.0,3.0,Basic,Standard retention nurture
134630,0.9999,1,1,0.2882,Critical,0.2882,8222.0,2467.0,1967.0,Standard,Relationship manager follow-up
134631,0.9927,1,1,0.413,Critical,0.41,9240.0,2772.0,2272.0,Standard,Relationship manager follow-up
134632,0.0047,0,0,0.0935,Low,0.0004,20.0,6.0,6.0,Basic,Standard retention nurture
134633,0.0,0,0,0.5409,Low,0.0,0.0,0.0,0.0,Premium,Standard retention nurture
134634,0.0,0,0,0.503,Low,0.0,0.0,0.0,0.0,Premium,Standard retention nurture
134635,0.0,0,0,0.3149,Low,0.0,0.0,0.0,0.0,Standard,Standard retention nurture
134636,0.0,0,0,0.1387,Low,0.0,0.0,0.0,0.0,Basic,Standard retention nurture
134637,0.0001,0,0,0.7465,Low,0.0001,3.0,1.0,1.0,Premium,Standard retention nurture
134638,0.0063,0,0,0.5011,Low,0.0032,148.0,44.0,44.0,Premium,Standard retention nurture
134639,0.967,1,1,0.392,Critical,0.3791,13579.0,4074.0,3574.0,Standard,Relationship manager follow-up
134640,0.0,0,0,0.3351,Low,0.0,0.0,0.0,0.0,Standard,Standard retention nurture
134641,0.9999,1,1,0.1483,Critical,0.1483,3735.0,1120.0,620.0,Basic,Relationship manager follow-up
134642,0.0057,0,0,0.2632,Low,0.0015,39.0,12.0,12.0,Standard,Standard retention nurture
134643,0.0,0,0,0.4213,Low,0.0,0.0,0.0,0.0,Standard,Standard retention nurture
134644,0.0004,0,0,0.5762,Low,0.0002,6.0,2.0,2.0,Premium,Standard retention nurture
134645,0.0,0,0,0.369,Low,0.0,0.0,0.0,0.0,Standard,Standard retention nurture
134646,0.0,0,0,0.4968,Low,0.0,0.0,0.0,0.0,Standard,Standard retention nurture
134647,0.0005,0,0,0.6846,Low,0.0003,16.0,5.0,5.0,Premium,Standard retention nurture
134648,0.0,0,0,0.312,Low,0.0,0.0,0.0,0.0,Standard,Standard retention nurture
134649,0.0001,0,0,0.3126,Low,0.0,1.0,0.0,0.0,Standard,Standard retention nurture
134650,0.0,0,0,0.2511,Low,0.0,0.0,0.0,0.0,Standard,Standard retention nurture
134651,0.0,0,0,0.3984,Low,0.0,0.0,0.0,0.0,Standard,Standard retention nurture
134652,0.0176,0,0,0.4579,Low,0.0081,415.0,124.0,124.0,Standard,Standard retention nurture
134653,0.0,0,0,0.4513,Low,0.0,0.0,0.0,0.0,Standard,Standard retention nurture
134654,0.0002,0,0,0.1488,Low,0.0,1.0,0.0,0.0,Basic,Standard retention nurture
134655,0.9759,1,1,0.3787,Critical,0.3696,8257.0,2477.0,1977.0,Standard,Relationship manager follow-up
134656,0.0001,0,0,0.302,Low,0.0,1.0,0.0,0.0,Standard,Standard retention nurture
134657,0.644,1,1,0.1828,High,0.1177,3726.0,1118.0,618.0,Basic,Relationship manager follow-up
134658,0.0,0,0,0.4093,Low,0.0,0.0,0.0,0.0,Standard,Standard retention nurture
134659,0.0,0,0,0.0888,Low,0.0,0.0,0.0,0.0,Basic,Standard retention nurture
134660,0.0,0,0,0.3747,Low,0.0,0.0,0.0,0.0,Standard,Standard retention nurture
134661,0.0001,0,0,0.4295,Low,0.0,1.0,0.0,0.0,Standard,Standard retention nurture
134662,0.3066,1,0,0.1824,Low,0.0559,2072.0,622.0,122.0,Basic,Relationship manager follow-up
134663,0.0,0,0,0.4998,Low,0.0,0.0,0.0,0.0,Standard,Standard retention nurture
134664,0.0,0,0,0.4203,Low,0.0,0.0,0.0,0.0,Standard,Standard retention nurture
134665,0.0005,0,0,0.5203,Low,0.0003,14.0,4.0,4.0,Premium,Standard retention nurture
134666,0.0,0,0,0.6913,Low,0.0,0.0,0.0,0.0,Premium,Standard retention nurture
134667,0.9974,1,1,0.2337,Critical,0.2331,9010.0,2703.0,2203.0,Basic,Relationship manager follow-up
134668,0.9924,1,1,0.5228,Critical,0.5188,17223.0,5167.0,4667.0,Premium,Relationship manager follow-up
134669,0.0001,0,0,0.6536,Low,0.0001,3.0,1.0,1.0,Premium,Standard retention nurture
134670,0.0017,0,0,0.5795,Low,0.001,30.0,9.0,9.0,Premium,Standard retention nurture
134671,0.0,0,0,0.7193,Low,0.0,0.0,0.0,0.0,Premium,Standard retention nurture
134672,0.1108,1,0,0.1743,Low,0.0193,578.0,173.0,-327.0,Basic,Relationship manager follow-up
134673,1.0,1,1,0.2725,Critical,0.2725,3827.0,1148.0,648.0,Standard,Relationship manager follow-up
134674,0.0001,0,0,0.1539,Low,0.0,0.0,0.0,0.0,Basic,Standard retention nurture
134675,0.0,0,0,0.2963,Low,0.0,0.0,0.0,0.0,Standard,Standard retention nurture
134676,0.0,0,0,0.4663,Low,0.0,0.0,0.0,0.0,Standard,Standard retention nurture
134677,0.0,0,0,0.4827,Low,0.0,0.0,0.0,0.0,Standard,Standard retention nurture
134678,0.0025,0,0,0.4961,Low,0.0012,49.0,15.0,15.0,Standard,Standard retention nurture
134679,0.0,0,0,0.3027,Low,0.0,0.0,0.0,0.0,Standard,Standard retention nurture
134680,0.0,0,0,0.6454,Low,0.0,0.0,0.0,0.0,Premium,Standard retention nurture
134681,0.0,0,0,0.3736,Low,0.0,0.0,0.0,0.0,Standard,Standard retention nurture
134682,0.0079,0,0,0.2371,Low,0.0019,61.0,18.0,18.0,Basic,Standard retention nurture
134683,0.0,0,0,0.5903,Low,0.0,0.0,0.0,0.0,Premium,Standard retention nurture
134684,0.0003,0,0,0.202,Low,0.0001,2.0,1.0,1.0,Basic,Standard retention nurture
134685,0.0,0,0,0.1414,Low,0.0,0.0,0.0,0.0,Basic,Standard retention nurture
134686,0.0006,0,0,0.9556,Low,0.0006,22.0,7.0,7.0,Elite,Standard retention nurture
134687,0.0181,0,0,0.7871,Low,0.0142,663.0,199.0,199.0,Elite,Standard retention nurture
134688,0.0,0,0,0.2979,Low,0.0,0.0,0.0,0.0,Standard,Standard retention nurture
134689,0.8836,1,1,0.1939,Critical,0.1713,5166.0,1550.0,1050.0,Basic,Relationship manager follow-up
134690,0.9995,1,1,0.2397,Critical,0.2396,4499.0,1350.0,850.0,Basic,Relationship manager follow-up
134691,0.017,0,0,0.2524,Low,0.0043,169.0,51.0,51.0,Standard,Standard retention nurture
134692,0.9999,1,1,0.1091,Critical,0.1091,1950.0,585.0,85.0,Basic,Relationship manager follow-up
134693,0.0001,0,0,0.1409,Low,0.0,1.0,0.0,0.0,Basic,Standard retention nurture
134694,0.999,1,1,0.1725,Critical,0.1723,5299.0,1590.0,1090.0,Basic,Relationship manager follow-up
134695,0.0,0,0,0.3208,Low,0.0,0.0,0.0,0.0,Standard,Standard retention nurture
134696,0.0,0,0,0.361,Low,0.0,0.0,0.0,0.0,Standard,Standard retention nurture
134697,0.0,0,0,0.3766,Low,0.0,0.0,0.0,0.0,Standard,Standard retention nurture
134698,0.0001,0,0,0.4195,Low,0.0,2.0,1.0,1.0,Standard,Standard retention nurture
134699,0.0,0,0,0.7758,Low,0.0,0.0,0.0,0.0,Elite,Standard retention nurture
134700,0.9913,1,1,0.0674,Critical,0.0668,1221.0,366.0,-134.0,Basic,Relationship manager follow-up
134701,0.0,0,0,0.2437,Low,0.0,0.0,0.0,0.0,Basic,Standard retention nurture
134702,0.0,0,0,0.4816,Low,0.0,0.0,0.0,0.0,Standard,Standard retention nurture
134703,0.0,0,0,0.4803,Low,0.0,0.0,0.0,0.0,Standard,Standard retention nurture
134704,0.0001,0,0,0.2742,Low,0.0,1.0,0.0,0.0,Standard,Standard retention nurture
134705,0.002,0,0,0.1744,Low,0.0003,10.0,3.0,3.0,Basic,Standard retention nurture
134706,0.0001,0,0,0.2491,Low,0.0,1.0,0.0,0.0,Basic,Standard retention nurture
134707,0.0003,0,0,0.5767,Low,0.0002,8.0,2.0,2.0,Premium,Standard retention nurture
134708,0.0004,0,0,0.1262,Low,0.0001,2.0,1.0,1.0,Basic,Standard retention nurture
134709,0.0001,0,0,0.7051,Low,0.0001,3.0,1.0,1.0,Premium,Standard retention nurture
134710,0.0,0,0,0.454,Low,0.0,0.0,0.0,0.0,Standard,Standard retention nurture
134711,0.9997,1,1,0.1331,Critical,0.1331,1099.0,330.0,-170.0,Basic,Relationship manager follow-up
134712,0.0002,0,0,0.1874,Low,0.0,1.0,0.0,0.0,Basic,Standard retention nurture
134713,0.0002,0,0,0.1697,Low,0.0,1.0,0.0,0.0,Basic,Standard retention nurture
134714,0.0,0,0,0.4852,Low,0.0,0.0,0.0,0.0,Standard,Standard retention nurture
134715,0.0,0,0,0.4633,Low,0.0,0.0,0.0,0.0,Standard,Standard retention nurture
134716,0.0,0,0,0.2465,Low,0.0,0.0,0.0,0.0,Basic,Standard retention nurture
134717,0.0,0,0,0.7558,Low,0.0,0.0,0.0,0.0,Elite,Standard retention nurture
134718,0.0,0,0,0.8465,Low,0.0,0.0,0.0,0.0,Elite,Standard retention nurture
134719,0.0,0,0,0.3585,Low,0.0,0.0,0.0,0.0,Standard,Standard retention nurture
134720,1.0,1,1,0.3045,Critical,0.3045,13489.0,4047.0,3547.0,Standard,Relationship manager follow-up
134721,0.0,0,0,0.2737,Low,0.0,0.0,0.0,0.0,Standard,Standard retention nurture
134722,0.0001,0,0,0.484,Low,0.0,2.0,1.0,1.0,Standard,Standard retention nurture
134723,1.0,1,1,0.1726,Critical,0.1726,5240.0,1572.0,1072.0,Basic,Relationship manager follow-up
134724,0.0,0,0,0.3425,Low,0.0,0.0,0.0,0.0,Standard,Standard retention nurture
134725,0.0,0,0,0.3198,Low,0.0,0.0,0.0,0.0,Standard,Standard retention nurture
134726,0.0039,0,0,0.4978,Low,0.0019,93.0,28.0,28.0,Standard,Standard retention nurture
134727,0.0015,0,0,0.5199,Low,0.0008,32.0,10.0,10.0,Premium,Standard retention nurture
134728,0.0306,0,0,0.1494,Low,0.0046,222.0,67.0,67.0,Basic,Standard retention nurture
134729,0.0,0,0,0.4788,Low,0.0,0.0,0.0,0.0,Standard,Standard retention nurture
134730,0.0001,0,0,0.1197,Low,0.0,0.0,0.0,0.0,Basic,Standard retention nurture
134731,0.0,0,0,0.3554,Low,0.0,0.0,0.0,0.0,Standard,Standard retention nurture
134732,0.0,0,0,0.2376,Low,0.0,0.0,0.0,0.0,Basic,Standard retention nurture
134733,0.0029,0,0,0.5774,Low,0.0017,52.0,16.0,16.0,Premium,Standard retention nurture
134734,0.0,0,0,0.3345,Low,0.0,0.0,0.0,0.0,Standard,Standard retention nurture
134735,0.0004,0,0,0.7554,Low,0.0003,14.0,4.0,4.0,Elite,Standard retention nurture
134736,0.9951,1,1,0.7912,Critical,0.7873,36440.0,10932.0,10432.0,Elite,Relationship manager follow-up
134737,0.0072,0,0,0.3916,Low,0.0028,77.0,23.0,23.0,Standard,Standard retention nurture
134738,0.0,0,0,0.3307,Low,0.0,0.0,0.0,0.0,Standard,Standard retention nurture
134739,0.0,0,0,0.9374,Low,0.0,0.0,0.0,0.0,Elite,Standard retention nurture
134740,0.9982,1,1,0.1094,Critical,0.1092,6928.0,2078.0,1578.0,Basic,Relationship manager follow-up
134741,0.0,0,0,0.2837,Low,0.0,0.0,0.0,0.0,Standard,Standard retention nurture
134742,0.0,0,0,0.1323,Low,0.0,0.0,0.0,0.0,Basic,Standard retention nurture
134743,0.0078,0,0,0.4009,Low,0.0031,129.0,39.0,39.0,Standard,Standard retention nurture
134744,0.9993,1,1,0.1939,Critical,0.1938,9763.0,2929.0,2429.0,Basic,Relationship manager follow-up
134745,0.965,1,1,0.5515,Critical,0.5322,12911.0,3873.0,3373.0,Premium,Relationship manager follow-up
134746,0.0001,0,0,0.4112,Low,0.0,1.0,0.0,0.0,Standard,Standard retention nurture
134747,0.0,0,0,0.5461,Low,0.0,0.0,0.0,0.0,Premium,Standard retention nurture
134748,0.005,0,0,0.137,Low,0.0007,19.0,6.0,6.0,Basic,Standard retention nurture
134749,0.0,0,0,0.4722,Low,0.0,0.0,0.0,0.0,Standard,Standard retention nurture
134750,0.0,0,0,0.3704,Low,0.0,0.0,0.0,0.0,Standard,Standard retention nurture
134751,0.0,0,0,0.3554,Low,0.0,0.0,0.0,0.0,Standard,Standard retention nurture
134752,0.0,0,0,0.2034,Low,0.0,0.0,0.0,0.0,Basic,Standard retention nurture
134753,0.9999,1,1,0.4281,Critical,0.4281,18615.0,5584.0,5084.0,Standard,Relationship manager follow-up
134754,0.9946,1,1,0.147,Critical,0.1462,3543.0,1063.0,563.0,Basic,Relationship manager follow-up
134755,0.0004,0,0,0.1677,Low,0.0001,2.0,1.0,1.0,Basic,Standard retention nurture
134756,0.0006,0,0,0.1431,Low,0.0001,3.0,1.0,1.0,Basic,Standard retention nurture
134757,0.0,0,0,0.5505,Low,0.0,0.0,0.0,0.0,Premium,Standard retention nurture
134758,0.0,0,0,0.5135,Low,0.0,0.0,0.0,0.0,Premium,Standard retention nurture
134759,0.0,0,0,0.4481,Low,0.0,0.0,0.0,0.0,Standard,Standard retention nurture
134760,0.0,0,0,0.2351,Low,0.0,0.0,0.0,0.0,Basic,Standard retention nurture
134761,0.0,0,0,0.3018,Low,0.0,0.0,0.0,0.0,Standard,Standard retention nurture
134762,0.0001,0,0,0.3392,Low,0.0,1.0,0.0,0.0,Standard,Standard retention nurture
134763,0.0,0,0,0.1789,Low,0.0,0.0,0.0,0.0,Basic,Standard retention nurture
134764,0.0002,0,0,0.3059,Low,0.0001,3.0,1.0,1.0,Standard,Standard retention nurture
134765,0.0,0,0,0.2371,Low,0.0,0.0,0.0,0.0,Basic,Standard retention nurture
134766,0.0038,0,0,0.6208,Low,0.0024,113.0,34.0,34.0,Premium,Standard retention nurture
134767,0.0028,0,0,0.2699,Low,0.0008,24.0,7.0,7.0,Standard,Standard retention nurture
134768,0.0,0,0,0.4,Low,0.0,0.0,0.0,0.0,Standard,Standard retention nurture
134769,0.9902,1,1,0.7786,Critical,0.771,34669.0,10401.0,9901.0,Elite,Relationship manager follow-up
134770,0.0,0,0,0.675,Low,0.0,0.0,0.0,0.0,Premium,Standard retention nurture
134771,0.0,0,0,0.2005,Low,0.0,0.0,0.0,0.0,Basic,Standard retention nurture
134772,0.0,0,0,0.4624,Low,0.0,0.0,0.0,0.0,Standard,Standard retention nurture
134773,0.0,0,0,0.398,Low,0.0,0.0,0.0,0.0,Standard,Standard retention nurture
134774,0.0,0,0,0.4015,Low,0.0,0.0,0.0,0.0,Standard,Standard retention nurture
134775,0.0065,0,0,0.2,Low,0.0013,29.0,9.0,9.0,Basic,Standard retention nurture
134776,0.0,0,0,0.2036,Low,0.0,0.0,0.0,0.0,Basic,Standard retention nurture
134777,0.0,0,0,0.4401,Low,0.0,0.0,0.0,0.0,Standard,Standard retention nurture
134778,0.0,0,0,0.2569,Low,0.0,0.0,0.0,0.0,Standard,Standard retention nurture
134779,0.0,0,0,0.3044,Low,0.0,0.0,0.0,0.0,Standard,Standard retention nurture
134780,0.0,0,0,0.3291,Low,0.0,0.0,0.0,0.0,Standard,Standard retention nurture
134781,0.0011,0,0,0.3599,Low,0.0004,19.0,6.0,6.0,Standard,Standard retention nurture
134782,0.0,0,0,0.3882,Low,0.0,0.0,0.0,0.0,Standard,Standard retention nurture
134783,0.0002,0,0,0.4518,Low,0.0001,4.0,1.0,1.0,Standard,Standard retention nurture
134784,0.0,0,0,0.2567,Low,0.0,0.0,0.0,0.0,Standard,Standard retention nurture
134785,0.0,0,0,0.3766,Low,0.0,0.0,0.0,0.0,Standard,Standard retention nurture
134786,0.9996,1,1,0.3416,Critical,0.3415,12662.0,3799.0,3299.0,Standard,Relationship manager follow-up
134787,0.0,0,0,0.3882,Low,0.0,0.0,0.0,0.0,Standard,Standard retention nurture
134788,0.0003,0,0,0.4881,Low,0.0001,5.0,2.0,2.0,Standard,Standard retention nurture
134789,0.9993,1,1,0.0699,Critical,0.0699,2410.0,723.0,223.0,Basic,Relationship manager follow-up
134790,0.0019,0,0,0.4191,Low,0.0008,33.0,10.0,10.0,Standard,Standard retention nurture
134791,0.0,0,0,0.507,Low,0.0,0.0,0.0,0.0,Premium,Standard retention nurture
134792,0.0,0,0,0.4299,Low,0.0,0.0,0.0,0.0,Standard,Standard retention nurture
134793,0.0,0,0,0.4279,Low,0.0,0.0,0.0,0.0,Standard,Standard retention nurture
134794,0.0,0,0,0.3096,Low,0.0,0.0,0.0,0.0,Standard,Standard retention nurture
134795,0.0,0,0,0.499,Low,0.0,0.0,0.0,0.0,Standard,Standard retention nurture
134796,0.0,0,0,0.3354,Low,0.0,0.0,0.0,0.0,Standard,Standard retention nurture
134797,0.0038,0,0,0.4455,Low,0.0017,51.0,15.0,15.0,Standard,Standard retention nurture
134798,0.0,0,0,0.6859,Low,0.0,0.0,0.0,0.0,Premium,Standard retention nurture
134799,0.9997,1,1,0.4846,Critical,0.4845,16363.0,4909.0,4409.0,Standard,Relationship manager follow-up
134800,0.0014,0,0,0.4086,Low,0.0006,18.0,5.0,5.0,Standard,Standard retention nurture
134801,0.3866,1,0,0.3479,Medium,0.1345,5097.0,1529.0,1029.0,Standard,Relationship manager follow-up
134802,0.0,0,0,0.4486,Low,0.0,0.0,0.0,0.0,Standard,Standard retention nurture
134803,0.0004,0,0,0.1742,Low,0.0001,4.0,1.0,1.0,Basic,Standard retention nurture
134804,0.0035,0,0,0.4347,Low,0.0015,54.0,16.0,16.0,Standard,Standard retention nurture
134805,0.0003,0,0,0.8803,Low,0.0003,11.0,3.0,3.0,Elite,Standard retention nurture
134806,0.0,0,0,0.2808,Low,0.0,0.0,0.0,0.0,Standard,Standard retention nurture
134807,0.0107,0,0,0.6666,Low,0.0071,346.0,104.0,104.0,Premium,Standard retention nurture
134808,0.0,0,0,0.1836,Low,0.0,0.0,0.0,0.0,Basic,Standard retention nurture
134809,0.0,0,0,0.4072,Low,0.0,0.0,0.0,0.0,Standard,Standard retention nurture
134810,0.0,0,0,0.2645,Low,0.0,0.0,0.0,0.0,Standard,Standard retention nurture
134811,0.9316,1,1,0.5725,Critical,0.5333,25595.0,7678.0,7178.0,Premium,Relationship manager follow-up
134812,0.0001,0,0,0.2569,Low,0.0,1.0,0.0,0.0,Standard,Standard retention nurture
134813,0.9988,1,1,0.4006,Critical,0.4001,3758.0,1127.0,627.0,Standard,Relationship manager follow-up
134814,0.0,0,0,0.677,Low,0.0,0.0,0.0,0.0,Premium,Standard retention nurture
134815,0.0,0,0,0.1682,Low,0.0,0.0,0.0,0.0,Basic,Standard retention nurture
134816,0.0004,0,0,0.3828,Low,0.0002,2.0,1.0,1.0,Standard,Standard retention nurture
134817,0.0,0,0,0.3089,Low,0.0,0.0,0.0,0.0,Standard,Standard retention nurture
134818,0.0021,0,0,0.2368,Low,0.0005,12.0,4.0,4.0,Basic,Standard retention nurture
134819,0.0,0,0,0.852,Low,0.0,0.0,0.0,0.0,Elite,Standard retention nurture
134820,0.0,0,0,0.472,Low,0.0,0.0,0.0,0.0,Standard,Standard retention nurture
134821,0.0,0,0,0.7076,Low,0.0,0.0,0.0,0.0,Premium,Standard retention nurture
134822,0.0006,0,0,0.3543,Low,0.0002,7.0,2.0,2.0,Standard,Standard retention nurture
134823,0.0,0,0,0.6442,Low,0.0,0.0,0.0,0.0,Premium,Standard retention nurture
134824,0.0001,0,0,0.4131,Low,0.0,1.0,0.0,0.0,Standard,Standard retention nurture
134825,0.0,0,0,0.5821,Low,0.0,0.0,0.0,0.0,Premium,Standard retention nurture
134826,0.0,0,0,0.8265,Low,0.0,0.0,0.0,0.0,Elite,Standard retention nurture
134827,0.0,0,0,0.2618,Low,0.0,0.0,0.0,0.0,Standard,Standard retention nurture
134828,0.0,0,0,0.292,Low,0.0,0.0,0.0,0.0,Standard,Standard retention nurture
134829,0.0001,0,0,0.2495,Low,0.0,1.0,0.0,0.0,Basic,Standard retention nurture
134830,0.0,0,0,0.2148,Low,0.0,0.0,0.0,0.0,Basic,Standard retention nurture
134831,1.0,1,1,0.1668,Critical,0.1668,6607.0,1982.0,1482.0,Basic,Relationship manager follow-up
134832,0.0008,0,0,0.472,Low,0.0004,15.0,4.0,4.0,Standard,Standard retention nurture
134833,0.0001,0,0,0.3294,Low,0.0,1.0,0.0,0.0,Standard,Standard retention nurture
134834,0.0,0,0,0.4899,Low,0.0,0.0,0.0,0.0,Standard,Standard retention nurture
134835,0.0,0,0,0.4708,Low,0.0,0.0,0.0,0.0,Standard,Standard retention nurture
134836,0.9996,1,1,0.3774,Critical,0.3772,11754.0,3526.0,3026.0,Standard,Relationship manager follow-up
134837,0.0006,0,0,0.4002,Low,0.0002,11.0,3.0,3.0,Standard,Standard retention nurture
134838,0.0,0,0,0.4876,Low,0.0,0.0,0.0,0.0,Standard,Standard retention nurture
134839,0.0,0,0,0.5324,Low,0.0,0.0,0.0,0.0,Premium,Standard retention nurture
134840,0.0424,0,0,0.2521,Low,0.0107,293.0,88.0,88.0,Standard,Standard retention nurture
134841,0.0,0,0,0.5199,Low,0.0,0.0,0.0,0.0,Premium,Standard retention nurture
134842,0.0,0,0,0.3505,Low,0.0,0.0,0.0,0.0,Standard,Standard retention nurture
134843,0.0014,0,0,0.0802,Low,0.0001,3.0,1.0,1.0,Basic,Standard retention nurture
134844,0.0,0,0,0.6366,Low,0.0,0.0,0.0,0.0,Premium,Standard retention nurture
134845,0.0005,0,0,0.7178,Low,0.0004,14.0,4.0,4.0,Premium,Standard retention nurture
134846,0.0,0,0,0.3718,Low,0.0,0.0,0.0,0.0,Standard,Standard retention nurture
134847,0.0,0,0,0.6989,Low,0.0,0.0,0.0,0.0,Premium,Standard retention nurture
134848,0.934,1,1,0.5308,Critical,0.4958,11481.0,3444.0,2944.0,Premium,Relationship manager follow-up
134849,0.0,0,0,0.3764,Low,0.0,0.0,0.0,0.0,Standard,Standard retention nurture
134850,0.9514,1,1,0.2318,Critical,0.2205,4160.0,1248.0,748.0,Basic,Relationship manager follow-up
134851,0.0001,0,0,0.266,Low,0.0,1.0,0.0,0.0,Standard,Standard retention nurture
134852,0.0,0,0,0.183,Low,0.0,0.0,0.0,0.0,Basic,Standard retention nurture
134853,0.9791,1,1,0.2035,Critical,0.1992,6571.0,1971.0,1471.0,Basic,Relationship manager follow-up
134854,0.0,0,0,0.1566,Low,0.0,0.0,0.0,0.0,Basic,Standard retention nurture
134855,0.0,0,0,0.5883,Low,0.0,0.0,0.0,0.0,Premium,Standard retention nurture
134856,0.9993,1,1,0.2207,Critical,0.2205,6746.0,2024.0,1524.0,Basic,Relationship manager follow-up
134857,0.0,0,0,0.3737,Low,0.0,0.0,0.0,0.0,Standard,Standard retention nurture
134858,0.0,0,0,0.3343,Low,0.0,0.0,0.0,0.0,Standard,Standard retention nurture
134859,0.0,0,0,0.5956,Low,0.0,0.0,0.0,0.0,Premium,Standard retention nurture
134860,0.0527,0,0,0.1847,Low,0.0097,227.0,68.0,68.0,Basic,Standard retention nurture
134861,0.0,0,0,0.1971,Low,0.0,0.0,0.0,0.0,Basic,Standard retention nurture
134862,0.0001,0,0,0.2632,Low,0.0,1.0,0.0,0.0,Standard,Standard retention nurture
134863,0.0,0,0,0.4086,Low,0.0,0.0,0.0,0.0,Standard,Standard retention nurture
134864,0.0,0,0,0.6379,Low,0.0,0.0,0.0,0.0,Premium,Standard retention nurture
134865,0.0,0,0,0.222,Low,0.0,0.0,0.0,0.0,Basic,Standard retention nurture
134866,0.0,0,0,0.3577,Low,0.0,0.0,0.0,0.0,Standard,Standard retention nurture
134867,0.0,0,0,0.3374,Low,0.0,0.0,0.0,0.0,Standard,Standard retention nurture
134868,1.0,1,1,0.0735,Critical,0.0735,2565.0,770.0,270.0,Basic,Relationship manager follow-up
134869,0.0001,0,0,0.4362,Low,0.0,2.0,1.0,1.0,Standard,Standard retention nurture
134870,0.0,0,0,0.6369,Low,0.0,0.0,0.0,0.0,Premium,Standard retention nurture
134871,0.0,0,0,0.2521,Low,0.0,0.0,0.0,0.0,Standard,Standard retention nurture
134872,0.9996,1,1,0.1283,Critical,0.1282,3147.0,944.0,444.0,Basic,Relationship manager follow-up
134873,0.0,0,0,0.3744,Low,0.0,0.0,0.0,0.0,Standard,Standard retention nurture
134874,0.9994,1,1,0.2231,Critical,0.223,9508.0,2852.0,2352.0,Basic,Relationship manager follow-up
134875,0.9996,1,1,0.4621,Critical,0.4619,16737.0,5021.0,4521.0,Standard,Relationship manager follow-up
134876,0.0,0,0,0.5134,Low,0.0,0.0,0.0,0.0,Premium,Standard retention nurture
134877,0.0011,0,0,0.1483,Low,0.0002,7.0,2.0,2.0,Basic,Standard retention nurture
134878,0.0,0,0,0.3316,Low,0.0,0.0,0.0,0.0,Standard,Standard retention nurture
134879,0.0,0,0,0.1746,Low,0.0,0.0,0.0,0.0,Basic,Standard retention nurture
134880,0.0,0,0,0.5153,Low,0.0,0.0,0.0,0.0,Premium,Standard retention nurture
134881,0.0,0,0,0.6286,Low,0.0,0.0,0.0,0.0,Premium,Standard retention nurture
134882,0.9999,1,1,0.1158,Critical,0.1158,4012.0,1204.0,704.0,Basic,Relationship manager follow-up
134883,0.0,0,0,0.6167,Low,0.0,0.0,0.0,0.0,Premium,Standard retention nurture
134884,0.0097,0,0,0.2581,Low,0.0025,85.0,26.0,26.0,Standard,Standard retention nurture
134885,0.9646,1,1,0.1715,Critical,0.1654,1923.0,577.0,77.0,Basic,Relationship manager follow-up
134886,0.9978,1,1,0.2234,Critical,0.2229,2598.0,779.0,279.0,Basic,Relationship manager follow-up
134887,0.0001,0,0,0.3271,Low,0.0,1.0,0.0,0.0,Standard,Standard retention nurture
134888,0.9736,1,1,0.243,Critical,0.2366,6188.0,1856.0,1356.0,Basic,Relationship manager follow-up
134889,0.9991,1,1,0.333,Critical,0.3327,7473.0,2242.0,1742.0,Standard,Relationship manager follow-up
134890,0.0,0,0,0.34,Low,0.0,0.0,0.0,0.0,Standard,Standard retention nurture
134891,0.9999,1,1,0.177,Critical,0.177,6370.0,1911.0,1411.0,Basic,Relationship manager follow-up
134892,0.0006,0,0,0.8464,Low,0.0005,22.0,7.0,7.0,Elite,Standard retention nurture
134893,0.0,0,0,0.394,Low,0.0,0.0,0.0,0.0,Standard,Standard retention nurture
134894,0.0005,0,0,0.63,Low,0.0003,14.0,4.0,4.0,Premium,Standard retention nurture
134895,1.0,1,1,0.1372,Critical,0.1372,2453.0,736.0,236.0,Basic,Relationship manager follow-up
134896,0.0168,0,0,0.1644,Low,0.0028,59.0,18.0,18.0,Basic,Standard retention nurture
134897,0.0,0,0,0.2426,Low,0.0,0.0,0.0,0.0,Basic,Standard retention nurture
134898,0.0,0,0,0.4947,Low,0.0,0.0,0.0,0.0,Standard,Standard retention nurture
134899,0.0,0,0,0.3781,Low,0.0,0.0,0.0,0.0,Standard,Standard retention nurture
134900,0.9554,1,1,0.1888,Critical,0.1804,3214.0,964.0,464.0,Basic,Relationship manager follow-up
134901,0.0,0,0,0.565,Low,0.0,0.0,0.0,0.0,Premium,Standard retention nurture
134902,0.0,0,0,0.2449,Low,0.0,0.0,0.0,0.0,Basic,Standard retention nurture
134903,0.3559,1,0,0.1849,Medium,0.0658,2118.0,635.0,135.0,Basic,Relationship manager follow-up
134904,0.0,0,0,0.63,Low,0.0,0.0,0.0,0.0,Premium,Standard retention nurture
134905,0.0011,0,0,0.5299,Low,0.0006,27.0,8.0,8.0,Premium,Standard retention nurture
134906,0.0,0,0,0.5556,Low,0.0,0.0,0.0,0.0,Premium,Standard retention nurture
134907,0.0,0,0,0.4428,Low,0.0,0.0,0.0,0.0,Standard,Standard retention nurture
134908,0.996,1,1,0.535,Critical,0.5329,21193.0,6358.0,5858.0,Premium,Relationship manager follow-up
134909,0.0002,0,0,0.2267,Low,0.0,1.0,0.0,0.0,Basic,Standard retention nurture
134910,0.0,0,0,0.1698,Low,0.0,0.0,0.0,0.0,Basic,Standard retention nurture
134911,0.9979,1,1,0.2032,Critical,0.2028,5691.0,1707.0,1207.0,Basic,Relationship manager follow-up
134912,0.0004,0,0,0.3166,Low,0.0001,3.0,1.0,1.0,Standard,Standard retention nurture
134913,0.0023,0,0,0.391,Low,0.0009,42.0,13.0,13.0,Standard,Standard retention nurture
134914,0.0153,0,0,0.3206,Low,0.0049,154.0,46.0,46.0,Standard,Standard retention nurture
134915,0.9999,1,1,0.4004,Critical,0.4004,15076.0,4523.0,4023.0,Standard,Relationship manager follow-up
134916,0.0,0,0,0.2431,Low,0.0,0.0,0.0,0.0,Basic,Standard retention nurture
134917,0.0004,0,0,0.1932,Low,0.0001,1.0,0.0,0.0,Basic,Standard retention nurture
134918,0.0,0,0,0.8035,Low,0.0,0.0,0.0,0.0,Elite,Standard retention nurture
134919,0.0038,0,0,0.3325,Low,0.0013,39.0,12.0,12.0,Standard,Standard retention nurture
134920,0.0,0,0,0.1732,Low,0.0,0.0,0.0,0.0,Basic,Standard retention nurture
134921,0.0001,0,0,0.441,Low,0.0,1.0,0.0,0.0,Standard,Standard retention nurture
134922,0.0,0,0,0.1661,Low,0.0,0.0,0.0,0.0,Basic,Standard retention nurture
134923,0.0011,0,0,0.2019,Low,0.0002,8.0,2.0,2.0,Basic,Standard retention nurture
134924,0.0002,0,0,0.3378,Low,0.0001,2.0,1.0,1.0,Standard,Standard retention nurture
134925,0.9986,1,1,0.2021,Critical,0.2018,4184.0,1255.0,755.0,Basic,Relationship manager follow-up
134926,0.0039,0,0,0.96,Low,0.0037,143.0,43.0,43.0,Elite,Standard retention nurture
134927,0.0,0,0,0.6961,Low,0.0,0.0,0.0,0.0,Premium,Standard retention nurture
134928,0.0,0,0,0.4125,Low,0.0,0.0,0.0,0.0,Standard,Standard retention nurture
134929,0.0,0,0,0.1728,Low,0.0,0.0,0.0,0.0,Basic,Standard retention nurture
134930,0.0,0,0,0.2005,Low,0.0,0.0,0.0,0.0,Basic,Standard retention nurture
134931,1.0,1,1,0.0908,Critical,0.0908,4193.0,1258.0,758.0,Basic,Relationship manager follow-up
134932,0.0,0,0,0.2767,Low,0.0,0.0,0.0,0.0,Standard,Standard retention nurture
134933,0.0,0,0,0.7494,Low,0.0,0.0,0.0,0.0,Premium,Standard retention nurture
134934,0.0,0,0,0.2162,Low,0.0,0.0,0.0,0.0,Basic,Standard retention nurture
134935,0.0,0,0,0.1874,Low,0.0,0.0,0.0,0.0,Basic,Standard retention nurture
134936,0.9907,1,1,0.27,Critical,0.2675,10404.0,3121.0,2621.0,Standard,Relationship manager follow-up
134937,0.0,0,0,0.2999,Low,0.0,0.0,0.0,0.0,Standard,Standard retention nurture
134938,0.0,0,0,0.419,Low,0.0,0.0,0.0,0.0,Standard,Standard retention nurture
134939,0.0003,0,0,0.4015,Low,0.0001,4.0,1.0,1.0,Standard,Standard retention nurture
134940,0.9692,1,1,0.1161,Critical,0.1125,6074.0,1822.0,1322.0,Basic,Relationship manager follow-up
134941,0.0009,0,0,0.2695,Low,0.0002,5.0,2.0,2.0,Standard,Standard retention nurture
134942,0.0,0,0,0.2286,Low,0.0,0.0,0.0,0.0,Basic,Standard retention nurture
134943,0.0,0,0,0.21,Low,0.0,0.0,0.0,0.0,Basic,Standard retention nurture
134944,0.0,0,0,0.2596,Low,0.0,0.0,0.0,0.0,Standard,Standard retention nurture
134945,0.0013,0,0,0.3176,Low,0.0004,11.0,3.0,3.0,Standard,Standard retention nurture
134946,0.0,0,0,0.3356,Low,0.0,0.0,0.0,0.0,Standard,Standard retention nurture
134947,0.0,0,0,0.5244,Low,0.0,0.0,0.0,0.0,Premium,Standard retention nurture
134948,0.9998,1,1,0.288,Critical,0.2879,9082.0,2725.0,2225.0,Standard,Relationship manager follow-up
134949,0.0,0,0,0.569,Low,0.0,0.0,0.0,0.0,Premium,Standard retention nurture
134950,0.0,0,0,0.3969,Low,0.0,0.0,0.0,0.0,Standard,Standard retention nurture
134951,0.9944,1,1,0.2688,Critical,0.2673,9994.0,2998.0,2498.0,Standard,Relationship manager follow-up
134952,1.0,1,1,0.0938,Critical,0.0938,1893.0,568.0,68.0,Basic,Relationship manager follow-up
134953,0.0,0,0,0.2557,Low,0.0,0.0,0.0,0.0,Standard,Standard retention nurture
134954,0.0,0,0,0.5422,Low,0.0,0.0,0.0,0.0,Premium,Standard retention nurture
134955,0.0,0,0,0.8153,Low,0.0,0.0,0.0,0.0,Elite,Standard retention nurture
134956,0.0,0,0,0.3028,Low,0.0,0.0,0.0,0.0,Standard,Standard retention nurture
134957,0.884,1,1,0.2792,Critical,0.2468,8414.0,2524.0,2024.0,Standard,Relationship manager follow-up
134958,0.9998,1,1,0.1395,Critical,0.1395,2568.0,770.0,270.0,Basic,Relationship manager follow-up
134959,0.9991,1,1,0.6388,Critical,0.6382,30866.0,9260.0,8760.0,Premium,Relationship manager follow-up
134960,0.0397,0,0,0.6514,Low,0.0259,862.0,259.0,259.0,Premium,Standard retention nurture
134961,0.003,0,0,0.3237,Low,0.001,27.0,8.0,8.0,Standard,Standard retention nurture
134962,0.0001,0,0,0.2127,Low,0.0,1.0,0.0,0.0,Basic,Standard retention nurture
134963,0.0,0,0,0.3701,Low,0.0,0.0,0.0,0.0,Standard,Standard retention nurture
134964,0.0,0,0,0.4651,Low,0.0,0.0,0.0,0.0,Standard,Standard retention nurture
134965,0.0001,0,0,0.3237,Low,0.0,1.0,0.0,0.0,Standard,Standard retention nurture
134966,0.0003,0,0,0.2099,Low,0.0001,1.0,0.0,0.0,Basic,Standard retention nurture
134967,0.0,0,0,0.3799,Low,0.0,0.0,0.0,0.0,Standard,Standard retention nurture
134968,0.0004,0,0,0.1012,Low,0.0,1.0,0.0,0.0,Basic,Standard retention nurture
134969,0.0001,0,0,0.6729,Low,0.0001,4.0,1.0,1.0,Premium,Standard retention nurture
134970,0.0002,0,0,0.3179,Low,0.0001,3.0,1.0,1.0,Standard,Standard retention nurture
134971,0.0,0,0,0.7271,Low,0.0,0.0,0.0,0.0,Premium,Standard retention nurture
134972,0.0,0,0,0.5759,Low,0.0,0.0,0.0,0.0,Premium,Standard retention nurture
134973,0.0,0,0,0.3614,Low,0.0,0.0,0.0,0.0,Standard,Standard retention nurture
134974,0.0,0,0,0.3227,Low,0.0,0.0,0.0,0.0,Standard,Standard retention nurture
134975,0.0042,0,0,0.3861,Low,0.0016,65.0,20.0,20.0,Standard,Standard retention nurture
134976,0.0,0,0,0.6259,Low,0.0,0.0,0.0,0.0,Premium,Standard retention nurture
134977,0.0002,0,0,0.4791,Low,0.0001,4.0,1.0,1.0,Standard,Standard retention nurture
134978,1.0,1,1,0.2062,Critical,0.2062,6158.0,1847.0,1347.0,Basic,Relationship manager follow-up
134979,0.0002,0,0,0.2897,Low,0.0001,2.0,1.0,1.0,Standard,Standard retention nurture
134980,0.0003,0,0,0.5428,Low,0.0002,6.0,2.0,2.0,Premium,Standard retention nurture
134981,0.0008,0,0,0.2838,Low,0.0002,5.0,2.0,2.0,Standard,Standard retention nurture
134982,0.9993,1,1,0.2107,Critical,0.2106,3963.0,1189.0,689.0,Basic,Relationship manager follow-up
134983,0.0001,0,0,0.18,Low,0.0,0.0,0.0,0.0,Basic,Standard retention nurture
134984,0.0,0,0,0.3468,Low,0.0,0.0,0.0,0.0,Standard,Standard retention nurture
134985,0.9998,1,1,0.1976,Critical,0.1976,5160.0,1548.0,1048.0,Basic,Relationship manager follow-up
134986,0.9991,1,1,0.505,Critical,0.5045,18508.0,5552.0,5052.0,Premium,Relationship manager follow-up
134987,0.0003,0,0,0.7034,Low,0.0002,10.0,3.0,3.0,Premium,Standard retention nurture
134988,0.0,0,0,0.6372,Low,0.0,0.0,0.0,0.0,Premium,Standard retention nurture
134989,0.0,0,0,0.3132,Low,0.0,0.0,0.0,0.0,Standard,Standard retention nurture
134990,0.0,0,0,0.8356,Low,0.0,0.0,0.0,0.0,Elite,Standard retention nurture
134991,0.0,0,0,0.4329,Low,0.0,0.0,0.0,0.0,Standard,Standard retention nurture
134992,0.0003,0,0,0.3327,Low,0.0001,3.0,1.0,1.0,Standard,Standard retention nurture
134993,0.0,0,0,0.5205,Low,0.0,0.0,0.0,0.0,Premium,Standard retention nurture
134994,0.0,0,0,0.4169,Low,0.0,0.0,0.0,0.0,Standard,Standard retention nurture
134995,0.9999,1,1,0.1653,Critical,0.1653,4125.0,1238.0,738.0,Basic,Relationship manager follow-up
134996,0.0,0,0,0.1977,Low,0.0,0.0,0.0,0.0,Basic,Standard retention nurture
134997,0.0,0,0,0.268,Low,0.0,0.0,0.0,0.0,Standard,Standard retention nurture
134998,0.0,0,0,0.4175,Low,0.0,0.0,0.0,0.0,Standard,Standard retention nurture
134999,0.0001,0,0,0.2207,Low,0.0,1.0,0.0,0.0,Basic,Standard retention nurture
135000,0.0041,0,0,0.2448,Low,0.001,35.0,10.0,10.0,Basic,Standard retention nurture
135001,0.9997,1,1,0.3855,Critical,0.3854,10157.0,3047.0,2547.0,Standard,Relationship manager follow-up
135002,0.0088,0,0,0.2184,Low,0.0019,42.0,13.0,13.0,Basic,Standard retention nurture
135003,0.0,0,0,0.5849,Low,0.0,0.0,0.0,0.0,Premium,Standard retention nurture
135004,0.0,0,0,0.1986,Low,0.0,0.0,0.0,0.0,Basic,Standard retention nurture
135005,0.0,0,0,0.7329,Low,0.0,0.0,0.0,0.0,Premium,Standard retention nurture
135006,0.2598,1,0,0.1391,Low,0.0361,1009.0,303.0,-197.0,Basic,Relationship manager follow-up
135007,0.0,0,0,0.2877,Low,0.0,0.0,0.0,0.0,Standard,Standard retention nurture
135008,0.0001,0,0,0.2967,Low,0.0,1.0,0.0,0.0,Standard,Standard retention nurture
135009,0.6893,1,0,0.4259,High,0.2936,13342.0,4003.0,3503.0,Standard,Relationship manager follow-up
135010,0.0,0,0,0.4548,Low,0.0,0.0,0.0,0.0,Standard,Standard retention nurture
135011,0.0,0,0,0.6068,Low,0.0,0.0,0.0,0.0,Premium,Standard retention nurture
135012,0.0,0,0,0.273,Low,0.0,0.0,0.0,0.0,Standard,Standard retention nurture
135013,0.0,0,0,0.4371,Low,0.0,0.0,0.0,0.0,Standard,Standard retention nurture
135014,0.0001,0,0,0.339,Low,0.0,1.0,0.0,0.0,Standard,Standard retention nurture
135015,0.0,0,0,0.5754,Low,0.0,0.0,0.0,0.0,Premium,Standard retention nurture
135016,0.0,0,0,0.5552,Low,0.0,0.0,0.0,0.0,Premium,Standard retention nurture
135017,0.9999,1,1,0.149,Critical,0.149,5341.0,1602.0,1102.0,Basic,Relationship manager follow-up
135018,1.0,1,1,0.0806,Critical,0.0806,3013.0,904.0,404.0,Basic,Relationship manager follow-up
135019,0.0003,0,0,0.6771,Low,0.0002,10.0,3.0,3.0,Premium,Standard retention nurture
135020,0.0,0,0,0.2388,Low,0.0,0.0,0.0,0.0,Basic,Standard retention nurture
135021,0.0,0,0,0.2444,Low,0.0,0.0,0.0,0.0,Basic,Standard retention nurture
135022,0.0,0,0,0.4647,Low,0.0,0.0,0.0,0.0,Standard,Standard retention nurture
135023,0.0,0,0,0.4692,Low,0.0,0.0,0.0,0.0,Standard,Standard retention nurture
135024,0.0,0,0,0.349,Low,0.0,0.0,0.0,0.0,Standard,Standard retention nurture
135025,0.0004,0,0,0.2218,Low,0.0001,2.0,1.0,1.0,Basic,Standard retention nurture
135026,0.0,0,0,0.4659,Low,0.0,0.0,0.0,0.0,Standard,Standard retention nurture
135027,0.0,0,0,0.4254,Low,0.0,0.0,0.0,0.0,Standard,Standard retention nurture
135028,0.0,0,0,0.2053,Low,0.0,0.0,0.0,0.0,Basic,Standard retention nurture
135029,0.0,0,0,0.4034,Low,0.0,0.0,0.0,0.0,Standard,Standard retention nurture
135030,0.0002,0,0,0.1006,Low,0.0,1.0,0.0,0.0,Basic,Standard retention nurture
135031,0.0005,0,0,0.2504,Low,0.0001,6.0,2.0,2.0,Standard,Standard retention nurture
135032,0.0683,0,0,0.3731,Low,0.0255,1024.0,307.0,307.0,Standard,Standard retention nurture
135033,0.9977,1,1,0.3551,Critical,0.3543,7156.0,2147.0,1647.0,Standard,Relationship manager follow-up
135034,0.0,0,0,0.765,Low,0.0,0.0,0.0,0.0,Elite,Standard retention nurture
135035,0.0002,0,0,0.072,Low,0.0,1.0,0.0,0.0,Basic,Standard retention nurture
135036,0.0,0,0,0.2623,Low,0.0,0.0,0.0,0.0,Standard,Standard retention nurture
135037,0.0,0,0,0.3169,Low,0.0,0.0,0.0,0.0,Standard,Standard retention nurture
135038,0.0005,0,0,0.2251,Low,0.0001,2.0,1.0,1.0,Basic,Standard retention nurture
135039,0.0,0,0,0.4056,Low,0.0,0.0,0.0,0.0,Standard,Standard retention nurture
135040,0.0,0,0,0.4994,Low,0.0,0.0,0.0,0.0,Standard,Standard retention nurture
135041,0.0,0,0,0.3291,Low,0.0,0.0,0.0,0.0,Standard,Standard retention nurture
135042,0.0,0,0,0.3981,Low,0.0,0.0,0.0,0.0,Standard,Standard retention nurture
135043,0.6471,1,0,0.2164,High,0.14,3332.0,1000.0,500.0,Basic,Relationship manager follow-up
135044,0.0,0,0,0.4972,Low,0.0,0.0,0.0,0.0,Standard,Standard retention nurture
135045,0.0,0,0,0.2514,Low,0.0,0.0,0.0,0.0,Standard,Standard retention nurture
135046,0.0008,0,0,0.823,Low,0.0007,29.0,9.0,9.0,Elite,Standard retention nurture
135047,0.0,0,0,0.5233,Low,0.0,0.0,0.0,0.0,Premium,Standard retention nurture
135048,0.9988,1,1,0.3226,Critical,0.3222,12383.0,3715.0,3215.0,Standard,Relationship manager follow-up
135049,0.0,0,0,0.497,Low,0.0,0.0,0.0,0.0,Standard,Standard retention nurture
135050,0.9979,1,1,0.3597,Critical,0.3589,9176.0,2753.0,2253.0,Standard,Relationship manager follow-up
135051,0.0,0,0,0.3767,Low,0.0,0.0,0.0,0.0,Standard,Standard retention nurture
135052,0.0001,0,0,0.3574,Low,0.0,1.0,0.0,0.0,Standard,Standard retention nurture
135053,0.0,0,0,0.2703,Low,0.0,0.0,0.0,0.0,Standard,Standard retention nurture
135054,0.0007,0,0,0.1969,Low,0.0001,4.0,1.0,1.0,Basic,Standard retention nurture
135055,0.0,0,0,0.3438,Low,0.0,0.0,0.0,0.0,Standard,Standard retention nurture
135056,0.0,0,0,0.177,Low,0.0,0.0,0.0,0.0,Basic,Standard retention nurture
135057,0.0001,0,0,0.7673,Low,0.0001,4.0,1.0,1.0,Elite,Standard retention nurture
135058,0.0,0,0,0.189,Low,0.0,0.0,0.0,0.0,Basic,Standard retention nurture
135059,0.9996,1,1,0.323,Critical,0.3229,8340.0,2502.0,2002.0,Standard,Relationship manager follow-up
135060,0.0,0,0,0.4158,Low,0.0,0.0,0.0,0.0,Standard,Standard retention nurture
135061,0.0132,0,0,0.2895,Low,0.0038,67.0,20.0,20.0,Standard,Standard retention nurture
135062,0.0,0,0,0.5185,Low,0.0,0.0,0.0,0.0,Premium,Standard retention nurture
135063,0.0001,0,0,0.1549,Low,0.0,0.0,0.0,0.0,Basic,Standard retention nurture
135064,0.0001,0,0,0.5829,Low,0.0001,2.0,1.0,1.0,Premium,Standard retention nurture
135065,0.0,0,0,0.4437,Low,0.0,0.0,0.0,0.0,Standard,Standard retention nurture
135066,0.0,0,0,0.6733,Low,0.0,0.0,0.0,0.0,Premium,Standard retention nurture
135067,0.9884,1,1,0.2475,Critical,0.2446,6221.0,1866.0,1366.0,Basic,Relationship manager follow-up
135068,0.0,0,0,0.2921,Low,0.0,0.0,0.0,0.0,Standard,Standard retention nurture
135069,0.0,0,0,0.2449,Low,0.0,0.0,0.0,0.0,Basic,Standard retention nurture
135070,0.0,0,0,0.2975,Low,0.0,0.0,0.0,0.0,Standard,Standard retention nurture
135071,0.0,0,0,0.3087,Low,0.0,0.0,0.0,0.0,Standard,Standard retention nurture
135072,0.0,0,0,0.4681,Low,0.0,0.0,0.0,0.0,Standard,Standard retention nurture
135073,0.9976,1,1,0.1993,Critical,0.1988,5869.0,1761.0,1261.0,Basic,Relationship manager follow-up
135074,0.0006,0,0,0.1177,Low,0.0001,2.0,1.0,1.0,Basic,Standard retention nurture
135075,0.0014,0,0,0.5185,Low,0.0007,28.0,8.0,8.0,Premium,Standard retention nurture
135076,0.0,0,0,0.4525,Low,0.0,0.0,0.0,0.0,Standard,Standard retention nurture
135077,0.6622,1,1,0.458,High,0.3033,11215.0,3364.0,2864.0,Standard,Relationship manager follow-up
135078,0.0116,0,0,0.1609,Low,0.0019,41.0,12.0,12.0,Basic,Standard retention nurture
135079,0.0,0,0,0.589,Low,0.0,0.0,0.0,0.0,Premium,Standard retention nurture
135080,0.0,0,0,0.3394,Low,0.0,0.0,0.0,0.0,Standard,Standard retention nurture
135081,0.0,0,0,0.5045,Low,0.0,0.0,0.0,0.0,Premium,Standard retention nurture
135082,0.0,0,0,0.3397,Low,0.0,0.0,0.0,0.0,Standard,Standard retention nurture
135083,0.9997,1,1,0.2329,Critical,0.2328,4147.0,1244.0,744.0,Basic,Relationship manager follow-up
135084,0.0,0,0,0.1981,Low,0.0,0.0,0.0,0.0,Basic,Standard retention nurture
135085,0.0,0,0,0.5104,Low,0.0,0.0,0.0,0.0,Premium,Standard retention nurture
135086,0.0,0,0,0.6064,Low,0.0,0.0,0.0,0.0,Premium,Standard retention nurture
135087,0.0539,0,0,0.5024,Low,0.0271,906.0,272.0,272.0,Premium,Standard retention nurture
135088,0.0,0,0,0.7656,Low,0.0,0.0,0.0,0.0,Elite,Standard retention nurture
135089,0.0001,0,0,0.1678,Low,0.0,0.0,0.0,0.0,Basic,Standard retention nurture
135090,0.0001,0,0,0.2891,Low,0.0,1.0,0.0,0.0,Standard,Standard retention nurture
135091,0.9584,1,1,0.1762,Critical,0.1689,3997.0,1199.0,699.0,Basic,Relationship manager follow-up
135092,0.0,0,0,0.2671,Low,0.0,0.0,0.0,0.0,Standard,Standard retention nurture
135093,0.0,0,0,0.3806,Low,0.0,0.0,0.0,0.0,Standard,Standard retention nurture
135094,0.0,0,0,0.3646,Low,0.0,0.0,0.0,0.0,Standard,Standard retention nurture
135095,0.0,0,0,0.1766,Low,0.0,0.0,0.0,0.0,Basic,Standard retention nurture
135096,0.9998,1,1,0.1916,Critical,0.1916,6110.0,1833.0,1333.0,Basic,Relationship manager follow-up
135097,0.0,0,0,0.2591,Low,0.0,0.0,0.0,0.0,Standard,Standard retention nurture
135098,0.0,0,0,0.4589,Low,0.0,0.0,0.0,0.0,Standard,Standard retention nurture
135099,0.9925,1,1,0.2236,Critical,0.2219,5541.0,1662.0,1162.0,Basic,Relationship manager follow-up
135100,0.0,0,0,0.858,Low,0.0,0.0,0.0,0.0,Elite,Standard retention nurture
135101,0.0002,0,0,0.3716,Low,0.0001,4.0,1.0,1.0,Standard,Standard retention nurture
135102,0.9981,1,1,0.1607,Critical,0.1604,6484.0,1945.0,1445.0,Basic,Relationship manager follow-up
135103,0.0147,0,0,0.2754,Low,0.004,138.0,41.0,41.0,Standard,Standard retention nurture
135104,0.9998,1,1,0.0971,Critical,0.0971,2295.0,688.0,188.0,Basic,Relationship manager follow-up
135105,0.0042,0,0,0.2951,Low,0.0012,61.0,18.0,18.0,Standard,Standard retention nurture
135106,0.0,0,0,0.4227,Low,0.0,0.0,0.0,0.0,Standard,Standard retention nurture
135107,0.0,0,0,0.5854,Low,0.0,0.0,0.0,0.0,Premium,Standard retention nurture
135108,0.0005,0,0,0.1668,Low,0.0001,3.0,1.0,1.0,Basic,Standard retention nurture
135109,0.0,0,0,0.5109,Low,0.0,0.0,0.0,0.0,Premium,Standard retention nurture
135110,0.0,0,0,0.5222,Low,0.0,0.0,0.0,0.0,Premium,Standard retention nurture
135111,0.0,0,0,0.225,Low,0.0,0.0,0.0,0.0,Basic,Standard retention nurture
135112,0.011,0,0,0.6182,Low,0.0068,265.0,80.0,80.0,Premium,Standard retention nurture
135113,0.0001,0,0,0.4185,Low,0.0,2.0,1.0,1.0,Standard,Standard retention nurture
135114,0.9999,1,1,0.297,Critical,0.297,5003.0,1501.0,1001.0,Standard,Relationship manager follow-up
135115,0.0,0,0,0.63,Low,0.0,0.0,0.0,0.0,Premium,Standard retention nurture
135116,0.0,0,0,0.3093,Low,0.0,0.0,0.0,0.0,Standard,Standard retention nurture
135117,0.0009,0,0,0.8384,Low,0.0008,33.0,10.0,10.0,Elite,Standard retention nurture
135118,0.0004,0,0,0.6245,Low,0.0002,12.0,4.0,4.0,Premium,Standard retention nurture
135119,0.0,0,0,0.6563,Low,0.0,0.0,0.0,0.0,Premium,Standard retention nurture
135120,0.0004,0,0,0.3078,Low,0.0001,6.0,2.0,2.0,Standard,Standard retention nurture
135121,0.9993,1,1,0.3334,Critical,0.3332,12583.0,3775.0,3275.0,Standard,Relationship manager follow-up
135122,0.0,0,0,0.5922,Low,0.0,0.0,0.0,0.0,Premium,Standard retention nurture
135123,0.0,0,0,0.2729,Low,0.0,0.0,0.0,0.0,Standard,Standard retention nurture
135124,0.0,0,0,0.8131,Low,0.0,0.0,0.0,0.0,Elite,Standard retention nurture
135125,0.0,0,0,0.3299,Low,0.0,0.0,0.0,0.0,Standard,Standard retention nurture
135126,0.0,0,0,0.3334,Low,0.0,0.0,0.0,0.0,Standard,Standard retention nurture
135127,0.9981,1,1,0.3013,Critical,0.3007,9183.0,2755.0,2255.0,Standard,Relationship manager follow-up
135128,0.9997,1,1,0.167,Critical,0.1669,3201.0,960.0,460.0,Basic,Relationship manager follow-up
135129,0.0,0,0,0.3005,Low,0.0,0.0,0.0,0.0,Standard,Standard retention nurture
135130,0.0,0,0,0.4537,Low,0.0,0.0,0.0,0.0,Standard,Standard retention nurture
135131,0.0,0,0,0.2341,Low,0.0,0.0,0.0,0.0,Basic,Standard retention nurture
135132,0.0,0,0,0.3018,Low,0.0,0.0,0.0,0.0,Standard,Standard retention nurture
135133,0.9997,1,1,0.0869,Critical,0.0869,1290.0,387.0,-113.0,Basic,Relationship manager follow-up
135134,0.0005,0,0,0.3467,Low,0.0002,6.0,2.0,2.0,Standard,Standard retention nurture
135135,0.9998,1,1,0.4638,Critical,0.4637,11616.0,3485.0,2985.0,Standard,Relationship manager follow-up
135136,0.0002,0,0,0.8015,Low,0.0002,7.0,2.0,2.0,Elite,Standard retention nurture
135137,0.0,0,0,0.5634,Low,0.0,0.0,0.0,0.0,Premium,Standard retention nurture
135138,0.0001,0,0,0.1759,Low,0.0,0.0,0.0,0.0,Basic,Standard retention nurture
135139,0.0,0,0,0.2292,Low,0.0,0.0,0.0,0.0,Basic,Standard retention nurture
135140,0.9988,1,1,0.676,Critical,0.6752,28594.0,8578.0,8078.0,Premium,Relationship manager follow-up
135141,0.0,0,0,0.6278,Low,0.0,0.0,0.0,0.0,Premium,Standard retention nurture
135142,0.0941,0,0,0.2934,Low,0.0276,615.0,184.0,184.0,Standard,Standard retention nurture
135143,0.9589,1,1,0.2376,Critical,0.2278,4148.0,1244.0,744.0,Basic,Relationship manager follow-up
135144,0.0,0,0,0.2216,Low,0.0,0.0,0.0,0.0,Basic,Standard retention nurture
135145,0.0,0,0,0.2954,Low,0.0,0.0,0.0,0.0,Standard,Standard retention nurture
135146,1.0,1,1,0.0918,Critical,0.0918,4218.0,1265.0,765.0,Basic,Relationship manager follow-up
135147,0.0,0,0,0.2934,Low,0.0,0.0,0.0,0.0,Standard,Standard retention nurture
135148,0.0,0,0,0.2335,Low,0.0,0.0,0.0,0.0,Basic,Standard retention nurture
135149,0.9807,1,1,0.2358,Critical,0.2312,9358.0,2807.0,2307.0,Basic,Relationship manager follow-up
135150,0.0001,0,0,0.3763,Low,0.0,1.0,0.0,0.0,Standard,Standard retention nurture
135151,0.0,0,0,0.2065,Low,0.0,0.0,0.0,0.0,Basic,Standard retention nurture
135152,0.0019,0,0,0.3346,Low,0.0006,27.0,8.0,8.0,Standard,Standard retention nurture
135153,0.001,0,0,0.5294,Low,0.0005,14.0,4.0,4.0,Premium,Standard retention nurture
135154,0.0,0,0,0.2337,Low,0.0,0.0,0.0,0.0,Basic,Standard retention nurture
135155,0.0002,0,0,0.285,Low,0.0001,2.0,1.0,1.0,Standard,Standard retention nurture
135156,0.9994,1,1,0.1213,Critical,0.1212,1668.0,500.0,0.0,Basic,Relationship manager follow-up
135157,0.0,0,0,0.4525,Low,0.0,0.0,0.0,0.0,Standard,Standard retention nurture
135158,0.0,0,0,0.6229,Low,0.0,0.0,0.0,0.0,Premium,Standard retention nurture
135159,0.0,0,0,0.1969,Low,0.0,0.0,0.0,0.0,Basic,Standard retention nurture
135160,0.0,0,0,0.4256,Low,0.0,0.0,0.0,0.0,Standard,Standard retention nurture
135161,0.9997,1,1,0.1243,Critical,0.1243,4014.0,1204.0,704.0,Basic,Relationship manager follow-up
135162,0.405,1,0,0.1827,Medium,0.074,3423.0,1027.0,527.0,Basic,Relationship manager follow-up
135163,0.0,0,0,0.1832,Low,0.0,0.0,0.0,0.0,Basic,Standard retention nurture
135164,0.9997,1,1,0.405,Critical,0.4049,10907.0,3272.0,2772.0,Standard,Relationship manager follow-up
135165,0.0,0,0,0.1962,Low,0.0,0.0,0.0,0.0,Basic,Standard retention nurture
135166,0.746,1,1,0.1447,High,0.1079,2349.0,705.0,205.0,Basic,Relationship manager follow-up
135167,0.0,0,0,0.5242,Low,0.0,0.0,0.0,0.0,Premium,Standard retention nurture
135168,0.4795,1,0,0.6284,Medium,0.3013,15163.0,4549.0,4049.0,Premium,Relationship manager follow-up
135169,0.8644,1,0,0.2935,Critical,0.2537,6594.0,1978.0,1478.0,Standard,Relationship manager follow-up
135170,0.0,0,0,0.3446,Low,0.0,0.0,0.0,0.0,Standard,Standard retention nurture
135171,0.0358,0,0,0.6684,Low,0.0239,1043.0,313.0,313.0,Premium,Standard retention nurture
135172,0.0,0,0,0.7249,Low,0.0,0.0,0.0,0.0,Premium,Standard retention nurture
135173,0.0,0,0,0.5156,Low,0.0,0.0,0.0,0.0,Premium,Standard retention nurture
135174,0.0001,0,0,0.3794,Low,0.0,1.0,0.0,0.0,Standard,Standard retention nurture
135175,0.0004,0,0,0.3072,Low,0.0001,3.0,1.0,1.0,Standard,Standard retention nurture
135176,0.0,0,0,0.36,Low,0.0,0.0,0.0,0.0,Standard,Standard retention nurture
135177,0.0004,0,0,0.3784,Low,0.0002,4.0,1.0,1.0,Standard,Standard retention nurture
135178,0.0036,0,0,0.4709,Low,0.0017,67.0,20.0,20.0,Standard,Standard retention nurture
135179,0.0,0,0,0.1746,Low,0.0,0.0,0.0,0.0,Basic,Standard retention nurture
135180,0.9999,1,1,0.1523,Critical,0.1523,5490.0,1647.0,1147.0,Basic,Relationship manager follow-up
135181,0.0,0,0,0.2575,Low,0.0,0.0,0.0,0.0,Standard,Standard retention nurture
135182,0.0,0,0,0.741,Low,0.0,0.0,0.0,0.0,Premium,Standard retention nurture
135183,0.0023,0,0,0.6443,Low,0.0015,76.0,23.0,23.0,Premium,Standard retention nurture
135184,0.0,0,0,0.6076,Low,0.0,0.0,0.0,0.0,Premium,Standard retention nurture
135185,0.087,0,0,0.7774,Low,0.0676,2243.0,673.0,673.0,Elite,Standard retention nurture
135186,0.9998,1,1,0.3204,Critical,0.3203,10164.0,3049.0,2549.0,Standard,Relationship manager follow-up
135187,0.0,0,0,0.3494,Low,0.0,0.0,0.0,0.0,Standard,Standard retention nurture
135188,1.0,1,1,0.1353,Critical,0.1353,6161.0,1848.0,1348.0,Basic,Relationship manager follow-up
135189,0.0,0,0,0.7166,Low,0.0,0.0,0.0,0.0,Premium,Standard retention nurture
135190,1.0,1,1,0.7049,Critical,0.7049,32431.0,9729.0,9229.0,Premium,Relationship manager follow-up
135191,0.0,0,0,0.8063,Low,0.0,0.0,0.0,0.0,Elite,Standard retention nurture
135192,0.0,0,0,0.8194,Low,0.0,0.0,0.0,0.0,Elite,Standard retention nurture
135193,0.0001,0,0,0.2171,Low,0.0,1.0,0.0,0.0,Basic,Standard retention nurture
135194,0.9995,1,1,0.2192,Critical,0.2191,6192.0,1858.0,1358.0,Basic,Relationship manager follow-up
135195,0.0,0,0,0.4117,Low,0.0,0.0,0.0,0.0,Standard,Standard retention nurture
135196,0.0,0,0,0.6251,Low,0.0,0.0,0.0,0.0,Premium,Standard retention nurture
135197,0.0042,0,0,0.2474,Low,0.001,48.0,14.0,14.0,Basic,Standard retention nurture
135198,0.9816,1,1,0.2114,Critical,0.2075,8990.0,2697.0,2197.0,Basic,Relationship manager follow-up
135199,0.0,0,0,0.2788,Low,0.0,0.0,0.0,0.0,Standard,Standard retention nurture
135200,0.9692,1,1,0.1776,Critical,0.1721,3447.0,1034.0,534.0,Basic,Relationship manager follow-up
135201,0.9998,1,1,0.2549,Critical,0.2548,6338.0,1901.0,1401.0,Standard,Relationship manager follow-up
135202,0.0,0,0,0.2827,Low,0.0,0.0,0.0,0.0,Standard,Standard retention nurture
135203,0.0001,0,0,0.1556,Low,0.0,1.0,0.0,0.0,Basic,Standard retention nurture
135204,0.0002,0,0,0.227,Low,0.0,1.0,0.0,0.0,Basic,Standard retention nurture
135205,0.9998,1,1,0.4449,Critical,0.4448,19093.0,5728.0,5228.0,Standard,Relationship manager follow-up
135206,0.0011,0,0,0.1775,Low,0.0002,8.0,2.0,2.0,Basic,Standard retention nurture
135207,0.0,0,0,0.5567,Low,0.0,0.0,0.0,0.0,Premium,Standard retention nurture
135208,0.0,0,0,0.2532,Low,0.0,0.0,0.0,0.0,Standard,Standard retention nurture
135209,1.0,1,1,0.1167,Critical,0.1167,3620.0,1086.0,586.0,Basic,Relationship manager follow-up
135210,0.0251,0,0,0.3598,Low,0.009,279.0,84.0,84.0,Standard,Standard retention nurture
135211,0.0,0,0,0.4631,Low,0.0,0.0,0.0,0.0,Standard,Standard retention nurture
135212,0.0,0,0,0.4668,Low,0.0,0.0,0.0,0.0,Standard,Standard retention nurture
135213,0.0001,0,0,0.4029,Low,0.0,1.0,0.0,0.0,Standard,Standard retention nurture
135214,0.0309,0,0,0.6521,Low,0.0201,985.0,296.0,296.0,Premium,Standard retention nurture
135215,0.0,0,0,0.2705,Low,0.0,0.0,0.0,0.0,Standard,Standard retention nurture
135216,0.0,0,0,0.3329,Low,0.0,0.0,0.0,0.0,Standard,Standard retention nurture
135217,0.0,0,0,0.1747,Low,0.0,0.0,0.0,0.0,Basic,Standard retention nurture
135218,0.0,0,0,0.8804,Low,0.0,0.0,0.0,0.0,Elite,Standard retention nurture
135219,0.0,0,0,0.5036,Low,0.0,0.0,0.0,0.0,Premium,Standard retention nurture
135220,0.0,0,0,0.4394,Low,0.0,0.0,0.0,0.0,Standard,Standard retention nurture
135221,0.0003,0,0,0.2668,Low,0.0001,3.0,1.0,1.0,Standard,Standard retention nurture
135222,0.0,0,0,0.3215,Low,0.0,0.0,0.0,0.0,Standard,Standard retention nurture
135223,0.0001,0,0,0.3779,Low,0.0,1.0,0.0,0.0,Standard,Standard retention nurture
135224,0.0,0,0,0.1359,Low,0.0,0.0,0.0,0.0,Basic,Standard retention nurture
135225,0.0,0,0,0.3342,Low,0.0,0.0,0.0,0.0,Standard,Standard retention nurture
135226,0.0,0,0,0.5423,Low,0.0,0.0,0.0,0.0,Premium,Standard retention nurture
135227,0.0078,0,0,0.5985,Low,0.0047,229.0,69.0,69.0,Premium,Standard retention nurture
135228,0.0016,0,0,0.2722,Low,0.0004,13.0,4.0,4.0,Standard,Standard retention nurture
135229,0.0,0,0,0.1952,Low,0.0,0.0,0.0,0.0,Basic,Standard retention nurture
135230,0.0002,0,0,0.3673,Low,0.0001,2.0,1.0,1.0,Standard,Standard retention nurture
135231,0.0,0,0,0.2798,Low,0.0,0.0,0.0,0.0,Standard,Standard retention nurture
135232,0.9998,1,1,0.2759,Critical,0.2758,10359.0,3108.0,2608.0,Standard,Relationship manager follow-up
135233,0.0,0,0,0.2549,Low,0.0,0.0,0.0,0.0,Standard,Standard retention nurture
135234,0.0,0,0,0.284,Low,0.0,0.0,0.0,0.0,Standard,Standard retention nurture
135235,0.989,1,1,0.0592,Critical,0.0585,2537.0,761.0,261.0,Basic,Relationship manager follow-up
135236,0.0001,0,0,0.3311,Low,0.0,1.0,0.0,0.0,Standard,Standard retention nurture
135237,0.0001,0,0,0.3024,Low,0.0,2.0,1.0,1.0,Standard,Standard retention nurture
135238,0.0,0,0,0.716,Low,0.0,0.0,0.0,0.0,Premium,Standard retention nurture
135239,0.0,0,0,0.3455,Low,0.0,0.0,0.0,0.0,Standard,Standard retention nurture
135240,0.0018,0,0,0.7369,Low,0.0013,66.0,20.0,20.0,Premium,Standard retention nurture
135241,0.0,0,0,0.2661,Low,0.0,0.0,0.0,0.0,Standard,Standard retention nurture
135242,0.0,0,0,0.3653,Low,0.0,0.0,0.0,0.0,Standard,Standard retention nurture
135243,0.0026,0,0,0.2881,Low,0.0007,32.0,10.0,10.0,Standard,Standard retention nurture
135244,0.0,0,0,0.6038,Low,0.0,0.0,0.0,0.0,Premium,Standard retention nurture
135245,0.003,0,0,0.2157,Low,0.0006,15.0,4.0,4.0,Basic,Standard retention nurture
135246,0.0,0,0,0.4642,Low,0.0,0.0,0.0,0.0,Standard,Standard retention nurture
135247,0.9999,1,1,0.2437,Critical,0.2437,5908.0,1772.0,1272.0,Basic,Relationship manager follow-up
135248,0.0,0,0,0.2272,Low,0.0,0.0,0.0,0.0,Basic,Standard retention nurture
135249,0.0,0,0,0.7314,Low,0.0,0.0,0.0,0.0,Premium,Standard retention nurture
135250,0.0,0,0,0.1503,Low,0.0,0.0,0.0,0.0,Basic,Standard retention nurture
135251,0.0,0,0,0.4489,Low,0.0,0.0,0.0,0.0,Standard,Standard retention nurture
135252,0.0,0,0,0.2622,Low,0.0,0.0,0.0,0.0,Standard,Standard retention nurture
135253,0.009,0,0,0.3814,Low,0.0034,149.0,45.0,45.0,Standard,Standard retention nurture
135254,0.9866,1,1,0.0581,Critical,0.0573,1053.0,316.0,-184.0,Basic,Relationship manager follow-up
135255,0.0001,0,0,0.4506,Low,0.0,2.0,1.0,1.0,Standard,Standard retention nurture
135256,0.0,0,0,0.2505,Low,0.0,0.0,0.0,0.0,Standard,Standard retention nurture
135257,0.9977,1,1,0.1201,Critical,0.1198,4797.0,1439.0,939.0,Basic,Relationship manager follow-up
135258,0.0,0,0,0.3074,Low,0.0,0.0,0.0,0.0,Standard,Standard retention nurture
135259,0.0,0,0,0.2989,Low,0.0,0.0,0.0,0.0,Standard,Standard retention nurture
135260,0.0001,0,0,0.2937,Low,0.0,1.0,0.0,0.0,Standard,Standard retention nurture
135261,0.0003,0,0,0.234,Low,0.0001,2.0,1.0,1.0,Basic,Standard retention nurture
135262,0.0,0,0,0.3506,Low,0.0,0.0,0.0,0.0,Standard,Standard retention nurture
135263,0.0,0,0,0.306,Low,0.0,0.0,0.0,0.0,Standard,Standard retention nurture
135264,0.0009,0,0,0.2338,Low,0.0002,8.0,2.0,2.0,Basic,Standard retention nurture
135265,0.0054,0,0,0.5081,Low,0.0027,157.0,47.0,47.0,Premium,Standard retention nurture
135266,0.0,0,0,0.2938,Low,0.0,0.0,0.0,0.0,Standard,Standard retention nurture
135267,0.9993,1,1,0.1184,Critical,0.1183,2363.0,709.0,209.0,Basic,Relationship manager follow-up
135268,0.0,0,0,0.8522,Low,0.0,0.0,0.0,0.0,Elite,Standard retention nurture
135269,0.0,0,0,0.7582,Low,0.0,0.0,0.0,0.0,Elite,Standard retention nurture
135270,0.0005,0,0,0.3536,Low,0.0002,6.0,2.0,2.0,Standard,Standard retention nurture
135271,0.4004,1,0,0.2185,Medium,0.0875,3317.0,995.0,495.0,Basic,Relationship manager follow-up
135272,0.0,0,0,0.6209,Low,0.0,0.0,0.0,0.0,Premium,Standard retention nurture
135273,0.0,0,0,0.3305,Low,0.0,0.0,0.0,0.0,Standard,Standard retention nurture
135274,0.0,0,0,0.4793,Low,0.0,0.0,0.0,0.0,Standard,Standard retention nurture
135275,0.0,0,0,0.4121,Low,0.0,0.0,0.0,0.0,Standard,Standard retention nurture
135276,0.0004,0,0,0.1808,Low,0.0001,3.0,1.0,1.0,Basic,Standard retention nurture
135277,0.0001,0,0,0.3007,Low,0.0,2.0,1.0,1.0,Standard,Standard retention nurture
135278,0.0,0,0,0.2675,Low,0.0,0.0,0.0,0.0,Standard,Standard retention nurture
135279,0.0,0,0,0.6232,Low,0.0,0.0,0.0,0.0,Premium,Standard retention nurture
135280,0.0,0,0,0.3607,Low,0.0,0.0,0.0,0.0,Standard,Standard retention nurture
135281,0.0,0,0,0.4688,Low,0.0,0.0,0.0,0.0,Standard,Standard retention nurture
135282,0.0,0,0,0.9603,Low,0.0,0.0,0.0,0.0,Elite,Standard retention nurture
135283,0.0,0,0,0.5368,Low,0.0,0.0,0.0,0.0,Premium,Standard retention nurture
135284,0.0,0,0,0.6773,Low,0.0,0.0,0.0,0.0,Premium,Standard retention nurture
135285,0.0003,0,0,0.165,Low,0.0,1.0,0.0,0.0,Basic,Standard retention nurture
135286,0.0,0,0,0.791,Low,0.0,0.0,0.0,0.0,Elite,Standard retention nurture
135287,0.9508,1,1,0.2036,Critical,0.1936,3711.0,1113.0,613.0,Basic,Relationship manager follow-up
135288,0.0,0,0,0.9247,Low,0.0,0.0,0.0,0.0,Elite,Standard retention nurture
135289,0.0,0,0,0.373,Low,0.0,0.0,0.0,0.0,Standard,Standard retention nurture
135290,0.0001,0,0,0.226,Low,0.0,1.0,0.0,0.0,Basic,Standard retention nurture
135291,0.0,0,0,0.5243,Low,0.0,0.0,0.0,0.0,Premium,Standard retention nurture
135292,0.0074,0,0,0.2492,Low,0.0018,58.0,17.0,17.0,Basic,Standard retention nurture
135293,0.0,0,0,0.955,Low,0.0,0.0,0.0,0.0,Elite,Standard retention nurture
135294,0.0,0,0,0.5048,Low,0.0,0.0,0.0,0.0,Premium,Standard retention nurture
135295,0.0,0,0,0.2327,Low,0.0,0.0,0.0,0.0,Basic,Standard retention nurture
135296,0.0121,0,0,0.238,Low,0.0029,142.0,43.0,43.0,Basic,Standard retention nurture
135297,0.0012,0,0,0.1263,Low,0.0002,4.0,1.0,1.0,Basic,Standard retention nurture
135298,1.0,1,1,0.2797,Critical,0.2797,6995.0,2098.0,1598.0,Standard,Relationship manager follow-up
135299,0.0003,0,0,0.2587,Low,0.0001,3.0,1.0,1.0,Standard,Standard retention nurture
135300,0.0,0,0,0.2417,Low,0.0,0.0,0.0,0.0,Basic,Standard retention nurture
135301,0.0001,0,0,0.2991,Low,0.0,1.0,0.0,0.0,Standard,Standard retention nurture
135302,0.0,0,0,0.2067,Low,0.0,0.0,0.0,0.0,Basic,Standard retention nurture
135303,0.0786,0,0,0.4567,Low,0.0359,1169.0,351.0,351.0,Standard,Standard retention nurture
135304,0.0,0,0,0.4083,Low,0.0,0.0,0.0,0.0,Standard,Standard retention nurture
135305,0.0007,0,0,0.604,Low,0.0004,16.0,5.0,5.0,Premium,Standard retention nurture
135306,0.0001,0,0,0.1633,Low,0.0,0.0,0.0,0.0,Basic,Standard retention nurture
135307,0.0051,0,0,0.6709,Low,0.0034,155.0,46.0,46.0,Premium,Standard retention nurture
135308,0.0022,0,0,0.5455,Low,0.0012,54.0,16.0,16.0,Premium,Standard retention nurture
135309,0.0029,0,0,0.7914,Low,0.0023,106.0,32.0,32.0,Elite,Standard retention nurture
135310,0.0002,0,0,0.4451,Low,0.0001,2.0,1.0,1.0,Standard,Standard retention nurture
135311,0.9978,1,1,0.1662,Critical,0.1658,6483.0,1945.0,1445.0,Basic,Relationship manager follow-up
135312,0.0,0,0,0.4853,Low,0.0,0.0,0.0,0.0,Standard,Standard retention nurture
135313,0.007,0,0,0.1591,Low,0.0011,22.0,7.0,7.0,Basic,Standard retention nurture
135314,0.0,0,0,0.5528,Low,0.0,0.0,0.0,0.0,Premium,Standard retention nurture
135315,0.0005,0,0,0.512,Low,0.0003,10.0,3.0,3.0,Premium,Standard retention nurture
135316,0.0004,0,0,0.1931,Low,0.0001,2.0,1.0,1.0,Basic,Standard retention nurture
135317,0.0,0,0,0.507,Low,0.0,0.0,0.0,0.0,Premium,Standard retention nurture
135318,1.0,1,1,0.1808,Critical,0.1808,4078.0,1223.0,723.0,Basic,Relationship manager follow-up
135319,0.0,0,0,0.354,Low,0.0,0.0,0.0,0.0,Standard,Standard retention nurture
135320,0.9996,1,1,0.321,Critical,0.3209,11960.0,3588.0,3088.0,Standard,Relationship manager follow-up
135321,0.9996,1,1,0.249,Critical,0.2489,11728.0,3518.0,3018.0,Basic,Relationship manager follow-up
135322,0.0,0,0,0.3865,Low,0.0,0.0,0.0,0.0,Standard,Standard retention nurture
135323,0.0,0,0,0.1536,Low,0.0,0.0,0.0,0.0,Basic,Standard retention nurture
135324,0.0,0,0,0.4997,Low,0.0,0.0,0.0,0.0,Standard,Standard retention nurture
135325,0.0,0,0,0.4869,Low,0.0,0.0,0.0,0.0,Standard,Standard retention nurture
135326,0.0,0,0,0.5468,Low,0.0,0.0,0.0,0.0,Premium,Standard retention nurture
135327,0.0,0,0,0.4933,Low,0.0,0.0,0.0,0.0,Standard,Standard retention nurture
135328,0.9974,1,1,0.2808,Critical,0.2801,7744.0,2323.0,1823.0,Standard,Relationship manager follow-up
135329,0.8099,1,1,0.0884,Critical,0.0716,2230.0,669.0,169.0,Basic,Relationship manager follow-up
135330,0.0,0,0,0.4743,Low,0.0,0.0,0.0,0.0,Standard,Standard retention nurture
135331,0.0,0,0,0.3172,Low,0.0,0.0,0.0,0.0,Standard,Standard retention nurture
135332,0.0461,0,0,0.3204,Low,0.0148,595.0,178.0,178.0,Standard,Standard retention nurture
135333,0.0,0,0,0.8045,Low,0.0,0.0,0.0,0.0,Elite,Standard retention nurture
135334,0.0,0,0,0.3818,Low,0.0,0.0,0.0,0.0,Standard,Standard retention nurture
135335,0.0,0,0,0.5386,Low,0.0,0.0,0.0,0.0,Premium,Standard retention nurture
135336,0.0,0,0,0.6042,Low,0.0,0.0,0.0,0.0,Premium,Standard retention nurture
135337,0.0012,0,0,0.1818,Low,0.0002,7.0,2.0,2.0,Basic,Standard retention nurture
135338,0.0001,0,0,0.3367,Low,0.0,1.0,0.0,0.0,Standard,Standard retention nurture
135339,0.0,0,0,0.3795,Low,0.0,0.0,0.0,0.0,Standard,Standard retention nurture
135340,0.0,0,0,0.2689,Low,0.0,0.0,0.0,0.0,Standard,Standard retention nurture
135341,0.0,0,0,0.4092,Low,0.0,0.0,0.0,0.0,Standard,Standard retention nurture
135342,0.0,0,0,0.2398,Low,0.0,0.0,0.0,0.0,Basic,Standard retention nurture
135343,1.0,1,1,0.2389,Critical,0.2389,6863.0,2059.0,1559.0,Basic,Relationship manager follow-up
135344,0.0,0,0,0.3855,Low,0.0,0.0,0.0,0.0,Standard,Standard retention nurture
135345,0.0003,0,0,0.1651,Low,0.0,2.0,1.0,1.0,Basic,Standard retention nurture
135346,0.0,0,0,0.7793,Low,0.0,0.0,0.0,0.0,Elite,Standard retention nurture
135347,0.0001,0,0,0.5212,Low,0.0001,2.0,1.0,1.0,Premium,Standard retention nurture
135348,0.0005,0,0,0.2773,Low,0.0001,7.0,2.0,2.0,Standard,Standard retention nurture
135349,0.0001,0,0,0.5321,Low,0.0001,2.0,1.0,1.0,Premium,Standard retention nurture
135350,0.0,0,0,0.2711,Low,0.0,0.0,0.0,0.0,Standard,Standard retention nurture
135351,0.0,0,0,0.5774,Low,0.0,0.0,0.0,0.0,Premium,Standard retention nurture
135352,0.0049,0,0,0.5554,Low,0.0027,137.0,41.0,41.0,Premium,Standard retention nurture
135353,0.0004,0,0,0.3919,Low,0.0002,5.0,2.0,2.0,Standard,Standard retention nurture
135354,0.0,0,0,0.7981,Low,0.0,0.0,0.0,0.0,Elite,Standard retention nurture
135355,0.0001,0,0,0.1515,Low,0.0,0.0,0.0,0.0,Basic,Standard retention nurture
135356,0.9958,1,1,0.2541,Critical,0.253,10946.0,3284.0,2784.0,Standard,Relationship manager follow-up
135357,0.0,0,0,0.1981,Low,0.0,0.0,0.0,0.0,Basic,Standard retention nurture
135358,0.0001,0,0,0.6344,Low,0.0001,3.0,1.0,1.0,Premium,Standard retention nurture
135359,0.0001,0,0,0.1721,Low,0.0,1.0,0.0,0.0,Basic,Standard retention nurture
135360,0.0001,0,0,0.7945,Low,0.0001,4.0,1.0,1.0,Elite,Standard retention nurture
135361,0.0,0,0,0.3105,Low,0.0,0.0,0.0,0.0,Standard,Standard retention nurture
135362,0.0,0,0,0.3229,Low,0.0,0.0,0.0,0.0,Standard,Standard retention nurture
135363,0.9999,1,1,0.1314,Critical,0.1314,3548.0,1064.0,564.0,Basic,Relationship manager follow-up
135364,0.0,0,0,0.5104,Low,0.0,0.0,0.0,0.0,Premium,Standard retention nurture
135365,0.0,0,0,0.1979,Low,0.0,0.0,0.0,0.0,Basic,Standard retention nurture
135366,0.014,0,0,0.4236,Low,0.0059,183.0,55.0,55.0,Standard,Standard retention nurture
135367,0.0051,0,0,0.2098,Low,0.0011,38.0,11.0,11.0,Basic,Standard retention nurture
135368,0.0005,0,0,0.3615,Low,0.0002,9.0,3.0,3.0,Standard,Standard retention nurture
135369,0.0,0,0,0.4117,Low,0.0,0.0,0.0,0.0,Standard,Standard retention nurture
135370,0.006,0,0,0.1794,Low,0.0011,50.0,15.0,15.0,Basic,Standard retention nurture
135371,0.0013,0,0,0.2763,Low,0.0004,14.0,4.0,4.0,Standard,Standard retention nurture
135372,0.0,0,0,0.6231,Low,0.0,0.0,0.0,0.0,Premium,Standard retention nurture
135373,0.0,0,0,0.5866,Low,0.0,0.0,0.0,0.0,Premium,Standard retention nurture
135374,0.0,0,0,0.7341,Low,0.0,0.0,0.0,0.0,Premium,Standard retention nurture
135375,0.0001,0,0,0.2637,Low,0.0,0.0,0.0,0.0,Standard,Standard retention nurture
135376,0.0015,0,0,0.6706,Low,0.001,55.0,16.0,16.0,Premium,Standard retention nurture
135377,0.0,0,0,0.4614,Low,0.0,0.0,0.0,0.0,Standard,Standard retention nurture
135378,0.0012,0,0,0.3213,Low,0.0004,15.0,4.0,4.0,Standard,Standard retention nurture
135379,0.0,0,0,0.1798,Low,0.0,0.0,0.0,0.0,Basic,Standard retention nurture
135380,0.0007,0,0,0.1644,Low,0.0001,4.0,1.0,1.0,Basic,Standard retention nurture
135381,0.0,0,0,0.3525,Low,0.0,0.0,0.0,0.0,Standard,Standard retention nurture
135382,0.2188,1,0,0.1774,Low,0.0388,856.0,257.0,-243.0,Basic,Relationship manager follow-up
135383,0.0001,0,0,0.1973,Low,0.0,1.0,0.0,0.0,Basic,Standard retention nurture
135384,0.0,0,0,0.2277,Low,0.0,0.0,0.0,0.0,Basic,Standard retention nurture
135385,0.0,0,0,0.2506,Low,0.0,0.0,0.0,0.0,Standard,Standard retention nurture
135386,0.0,0,0,0.3962,Low,0.0,0.0,0.0,0.0,Standard,Standard retention nurture
135387,0.0,0,0,0.6431,Low,0.0,0.0,0.0,0.0,Premium,Standard retention nurture
135388,0.0011,0,0,0.2005,Low,0.0002,5.0,2.0,2.0,Basic,Standard retention nurture
135389,0.0,0,0,0.1436,Low,0.0,0.0,0.0,0.0,Basic,Standard retention nurture
135390,0.9996,1,1,0.111,Critical,0.111,1441.0,432.0,-68.0,Basic,Relationship manager follow-up
135391,0.0,0,0,0.6233,Low,0.0,0.0,0.0,0.0,Premium,Standard retention nurture
135392,0.0,0,0,0.8206,Low,0.0,0.0,0.0,0.0,Elite,Standard retention nurture
135393,0.0,0,0,0.3685,Low,0.0,0.0,0.0,0.0,Standard,Standard retention nurture
135394,0.0,0,0,0.416,Low,0.0,0.0,0.0,0.0,Standard,Standard retention nurture
135395,0.0021,0,0,0.3435,Low,0.0007,31.0,9.0,9.0,Standard,Standard retention nurture
135396,0.9896,1,1,0.0973,Critical,0.0963,2380.0,714.0,214.0,Basic,Relationship manager follow-up
135397,0.0001,0,0,0.3698,Low,0.0,1.0,0.0,0.0,Standard,Standard retention nurture
135398,0.0008,0,0,0.1542,Low,0.0001,5.0,2.0,2.0,Basic,Standard retention nurture
135399,0.0,0,0,0.3949,Low,0.0,0.0,0.0,0.0,Standard,Standard retention nurture
135400,0.0,0,0,0.424,Low,0.0,0.0,0.0,0.0,Standard,Standard retention nurture
135401,0.0002,0,0,0.2783,Low,0.0001,2.0,1.0,1.0,Standard,Standard retention nurture
135402,0.0,0,0,0.6694,Low,0.0,0.0,0.0,0.0,Premium,Standard retention nurture
135403,0.0004,0,0,0.209,Low,0.0001,2.0,1.0,1.0,Basic,Standard retention nurture
135404,0.0,0,0,0.3736,Low,0.0,0.0,0.0,0.0,Standard,Standard retention nurture
135405,0.0002,0,0,0.34,Low,0.0001,4.0,1.0,1.0,Standard,Standard retention nurture
135406,0.999,1,1,0.3088,Critical,0.3085,7495.0,2248.0,1748.0,Standard,Relationship manager follow-up
135407,0.0,0,0,0.5457,Low,0.0,0.0,0.0,0.0,Premium,Standard retention nurture
135408,0.0,0,0,0.6375,Low,0.0,0.0,0.0,0.0,Premium,Standard retention nurture
135409,0.0,0,0,0.5859,Low,0.0,0.0,0.0,0.0,Premium,Standard retention nurture
135410,0.0033,0,0,0.4299,Low,0.0014,43.0,13.0,13.0,Standard,Standard retention nurture
135411,0.0003,0,0,0.4145,Low,0.0001,4.0,1.0,1.0,Standard,Standard retention nurture
135412,0.0001,0,0,0.3578,Low,0.0,1.0,0.0,0.0,Standard,Standard retention nurture
135413,0.0,0,0,0.4598,Low,0.0,0.0,0.0,0.0,Standard,Standard retention nurture
135414,0.0,0,0,0.2307,Low,0.0,0.0,0.0,0.0,Basic,Standard retention nurture
135415,0.0,0,0,0.2345,Low,0.0,0.0,0.0,0.0,Basic,Standard retention nurture
135416,0.0,0,0,0.4151,Low,0.0,0.0,0.0,0.0,Standard,Standard retention nurture
135417,0.0001,0,0,0.5208,Low,0.0001,2.0,1.0,1.0,Premium,Standard retention nurture
135418,0.0,0,0,0.2266,Low,0.0,0.0,0.0,0.0,Basic,Standard retention nurture
135419,0.0,0,0,0.7765,Low,0.0,0.0,0.0,0.0,Elite,Standard retention nurture
135420,1.0,1,1,0.1627,Critical,0.1627,4475.0,1342.0,842.0,Basic,Relationship manager follow-up
135421,0.0,0,0,0.3627,Low,0.0,0.0,0.0,0.0,Standard,Standard retention nurture
135422,0.0013,0,0,0.357,Low,0.0005,13.0,4.0,4.0,Standard,Standard retention nurture
135423,0.0,0,0,0.3324,Low,0.0,0.0,0.0,0.0,Standard,Standard retention nurture
135424,0.9988,1,1,0.1907,Critical,0.1905,6712.0,2014.0,1514.0,Basic,Relationship manager follow-up
135425,0.7934,1,1,0.1295,Critical,0.1027,1559.0,468.0,-32.0,Basic,Relationship manager follow-up
135426,0.9999,1,1,0.1141,Critical,0.1141,3069.0,921.0,421.0,Basic,Relationship manager follow-up
135427,0.0001,0,0,0.3781,Low,0.0,1.0,0.0,0.0,Standard,Standard retention nurture
135428,0.0,0,0,0.456,Low,0.0,0.0,0.0,0.0,Standard,Standard retention nurture
135429,0.0001,0,0,0.1746,Low,0.0,0.0,0.0,0.0,Basic,Standard retention nurture
135430,0.0,0,0,0.2462,Low,0.0,0.0,0.0,0.0,Basic,Standard retention nurture
135431,0.0187,0,0,0.354,Low,0.0066,324.0,97.0,97.0,Standard,Standard retention nurture
135432,0.9747,1,1,0.1183,Critical,0.1153,748.0,224.0,-276.0,Basic,Relationship manager follow-up
135433,0.0,0,0,0.1175,Low,0.0,0.0,0.0,0.0,Basic,Standard retention nurture
135434,0.0,0,0,0.4735,Low,0.0,0.0,0.0,0.0,Standard,Standard retention nurture
135435,0.9024,1,1,0.2239,Critical,0.202,1554.0,466.0,-34.0,Basic,Relationship manager follow-up
135436,0.0004,0,0,0.5528,Low,0.0002,7.0,2.0,2.0,Premium,Standard retention nurture
135437,0.0,0,0,0.2219,Low,0.0,0.0,0.0,0.0,Basic,Standard retention nurture
135438,0.0,0,0,0.396,Low,0.0,0.0,0.0,0.0,Standard,Standard retention nurture
135439,0.0,0,0,0.6877,Low,0.0,0.0,0.0,0.0,Premium,Standard retention nurture
135440,0.0,0,0,0.3783,Low,0.0,0.0,0.0,0.0,Standard,Standard retention nurture
135441,0.9995,1,1,0.2198,Critical,0.2197,5622.0,1687.0,1187.0,Basic,Relationship manager follow-up
135442,0.9948,1,1,0.1382,Critical,0.1375,6058.0,1817.0,1317.0,Basic,Relationship manager follow-up
135443,1.0,1,1,0.243,Critical,0.243,10869.0,3261.0,2761.0,Basic,Relationship manager follow-up
135444,0.0,0,0,0.3521,Low,0.0,0.0,0.0,0.0,Standard,Standard retention nurture
135445,0.9985,1,1,0.1536,Critical,0.1534,1895.0,568.0,68.0,Basic,Relationship manager follow-up
135446,0.0,0,0,0.3019,Low,0.0,0.0,0.0,0.0,Standard,Standard retention nurture
135447,0.0005,0,0,0.4301,Low,0.0002,9.0,3.0,3.0,Standard,Standard retention nurture
135448,0.0003,0,0,0.5727,Low,0.0002,7.0,2.0,2.0,Premium,Standard retention nurture
135449,0.0001,0,0,0.183,Low,0.0,0.0,0.0,0.0,Basic,Standard retention nurture
135450,0.0,0,0,0.2263,Low,0.0,0.0,0.0,0.0,Basic,Standard retention nurture
135451,0.9999,1,1,0.3052,Critical,0.3052,11273.0,3382.0,2882.0,Standard,Relationship manager follow-up
135452,0.9998,1,1,0.0391,Critical,0.0391,2264.0,679.0,179.0,Basic,Relationship manager follow-up
135453,0.9998,1,1,0.6303,Critical,0.6302,26663.0,7999.0,7499.0,Premium,Relationship manager follow-up
135454,0.002,0,0,0.2643,Low,0.0005,19.0,6.0,6.0,Standard,Standard retention nurture
135455,0.0002,0,0,0.6973,Low,0.0001,7.0,2.0,2.0,Premium,Standard retention nurture
135456,0.8119,1,1,0.4291,Critical,0.3484,12091.0,3627.0,3127.0,Standard,Relationship manager follow-up
135457,0.0002,0,0,0.2604,Low,0.0001,1.0,0.0,0.0,Standard,Standard retention nurture
135458,0.0,0,0,0.4546,Low,0.0,0.0,0.0,0.0,Standard,Standard retention nurture
135459,0.0037,0,0,0.7335,Low,0.0027,135.0,40.0,40.0,Premium,Standard retention nurture
135460,0.0,0,0,0.3021,Low,0.0,0.0,0.0,0.0,Standard,Standard retention nurture
135461,0.0001,0,0,0.437,Low,0.0,1.0,0.0,0.0,Standard,Standard retention nurture
135462,0.0005,0,0,0.4727,Low,0.0002,9.0,3.0,3.0,Standard,Standard retention nurture
135463,0.0027,0,0,0.1467,Low,0.0004,8.0,2.0,2.0,Basic,Standard retention nurture
135464,0.0,0,0,0.3417,Low,0.0,0.0,0.0,0.0,Standard,Standard retention nurture
135465,0.0001,0,0,0.3709,Low,0.0,1.0,0.0,0.0,Standard,Standard retention nurture
135466,0.0001,0,0,0.6799,Low,0.0001,3.0,1.0,1.0,Premium,Standard retention nurture
135467,0.0007,0,0,0.4076,Low,0.0003,10.0,3.0,3.0,Standard,Standard retention nurture
135468,0.001,0,0,0.2271,Low,0.0002,8.0,2.0,2.0,Basic,Standard retention nurture
135469,0.0,0,0,0.2705,Low,0.0,0.0,0.0,0.0,Standard,Standard retention nurture
135470,0.0,0,0,0.1488,Low,0.0,0.0,0.0,0.0,Basic,Standard retention nurture
135471,0.0,0,0,0.3637,Low,0.0,0.0,0.0,0.0,Standard,Standard retention nurture
135472,0.0,0,0,0.6981,Low,0.0,0.0,0.0,0.0,Premium,Standard retention nurture
135473,0.0,0,0,0.3812,Low,0.0,0.0,0.0,0.0,Standard,Standard retention nurture
135474,0.0001,0,0,0.406,Low,0.0,1.0,0.0,0.0,Standard,Standard retention nurture
135475,0.0,0,0,0.2482,Low,0.0,0.0,0.0,0.0,Basic,Standard retention nurture
135476,0.0016,0,0,0.3508,Low,0.0006,15.0,4.0,4.0,Standard,Standard retention nurture
135477,0.9997,1,1,0.1417,Critical,0.1417,2320.0,696.0,196.0,Basic,Relationship manager follow-up
135478,0.0045,0,0,0.7482,Low,0.0034,145.0,44.0,44.0,Premium,Standard retention nurture
135479,0.0,0,0,0.2445,Low,0.0,0.0,0.0,0.0,Basic,Standard retention nurture
135480,0.0017,0,0,0.3915,Low,0.0007,20.0,6.0,6.0,Standard,Standard retention nurture
135481,0.0029,0,0,0.4652,Low,0.0013,53.0,16.0,16.0,Standard,Standard retention nurture
135482,0.0,0,0,0.3803,Low,0.0,0.0,0.0,0.0,Standard,Standard retention nurture
135483,0.0,0,0,0.3714,Low,0.0,0.0,0.0,0.0,Standard,Standard retention nurture
135484,0.0,0,0,0.523,Low,0.0,0.0,0.0,0.0,Premium,Standard retention nurture
135485,1.0,1,1,0.1412,Critical,0.1412,5970.0,1791.0,1291.0,Basic,Relationship manager follow-up
135486,0.0,0,0,0.2635,Low,0.0,0.0,0.0,0.0,Standard,Standard retention nurture
135487,0.9997,1,1,0.6574,Critical,0.6572,26849.0,8055.0,7555.0,Premium,Relationship manager follow-up
135488,0.0,0,0,0.212,Low,0.0,0.0,0.0,0.0,Basic,Standard retention nurture
135489,0.9983,1,1,0.2224,Critical,0.222,9751.0,2925.0,2425.0,Basic,Relationship manager follow-up
135490,0.0001,0,0,0.2342,Low,0.0,1.0,0.0,0.0,Basic,Standard retention nurture
135491,0.0001,0,0,0.3208,Low,0.0,1.0,0.0,0.0,Standard,Standard retention nurture
135492,0.0,0,0,0.446,Low,0.0,0.0,0.0,0.0,Standard,Standard retention nurture
135493,0.982,1,1,0.3388,Critical,0.3327,10498.0,3149.0,2649.0,Standard,Relationship manager follow-up
135494,0.9999,1,1,0.2401,Critical,0.2401,6441.0,1932.0,1432.0,Basic,Relationship manager follow-up
135495,0.0001,0,0,0.4027,Low,0.0,2.0,1.0,1.0,Standard,Standard retention nurture
135496,0.0007,0,0,0.1881,Low,0.0001,2.0,1.0,1.0,Basic,Standard retention nurture
135497,0.9986,1,1,0.208,Critical,0.2077,5997.0,1799.0,1299.0,Basic,Relationship manager follow-up
135498,0.8197,1,1,0.3091,Critical,0.2534,7726.0,2318.0,1818.0,Standard,Relationship manager follow-up
135499,0.0,0,0,0.6028,Low,0.0,0.0,0.0,0.0,Premium,Standard retention nurture
135500,0.0,0,0,0.3127,Low,0.0,0.0,0.0,0.0,Standard,Standard retention nurture
135501,0.0001,0,0,0.2955,Low,0.0,1.0,0.0,0.0,Standard,Standard retention nurture
135502,0.0,0,0,0.3747,Low,0.0,0.0,0.0,0.0,Standard,Standard retention nurture
135503,0.0,0,0,0.8055,Low,0.0,0.0,0.0,0.0,Elite,Standard retention nurture
135504,0.0028,0,0,0.347,Low,0.001,46.0,14.0,14.0,Standard,Standard retention nurture
135505,0.0,0,0,0.2822,Low,0.0,0.0,0.0,0.0,Standard,Standard retention nurture
135506,0.0,0,0,0.8614,Low,0.0,0.0,0.0,0.0,Elite,Standard retention nurture
135507,0.0002,0,0,0.3343,Low,0.0001,1.0,0.0,0.0,Standard,Standard retention nurture
135508,0.0008,0,0,0.2549,Low,0.0002,7.0,2.0,2.0,Standard,Standard retention nurture
135509,0.0,0,0,0.5149,Low,0.0,0.0,0.0,0.0,Premium,Standard retention nurture
135510,0.9873,1,1,0.4437,Critical,0.4381,11151.0,3345.0,2845.0,Standard,Relationship manager follow-up
135511,0.0001,0,0,0.82,Low,0.0001,3.0,1.0,1.0,Elite,Standard retention nurture
135512,0.0003,0,0,0.4863,Low,0.0001,5.0,2.0,2.0,Standard,Standard retention nurture
135513,0.0056,0,0,0.7725,Low,0.0043,205.0,62.0,62.0,Elite,Standard retention nurture
135514,0.0,0,0,0.2972,Low,0.0,0.0,0.0,0.0,Standard,Standard retention nurture
135515,0.9997,1,1,0.2993,Critical,0.2992,8448.0,2534.0,2034.0,Standard,Relationship manager follow-up
135516,0.014,0,0,0.2699,Low,0.0038,122.0,37.0,37.0,Standard,Standard retention nurture
135517,0.0005,0,0,0.2775,Low,0.0001,7.0,2.0,2.0,Standard,Standard retention nurture
135518,0.0,0,0,0.422,Low,0.0,0.0,0.0,0.0,Standard,Standard retention nurture
135519,0.9998,1,1,0.3885,Critical,0.3884,10278.0,3083.0,2583.0,Standard,Relationship manager follow-up
135520,0.0,0,0,0.7162,Low,0.0,0.0,0.0,0.0,Premium,Standard retention nurture
135521,0.9997,1,1,0.4606,Critical,0.4605,15616.0,4685.0,4185.0,Standard,Relationship manager follow-up
135522,0.0001,0,0,0.4891,Low,0.0,2.0,1.0,1.0,Standard,Standard retention nurture
135523,0.0,0,0,0.3223,Low,0.0,0.0,0.0,0.0,Standard,Standard retention nurture
135524,0.0,0,0,0.5471,Low,0.0,0.0,0.0,0.0,Premium,Standard retention nurture
135525,0.0043,0,0,0.2245,Low,0.001,33.0,10.0,10.0,Basic,Standard retention nurture
135526,0.0,0,0,0.5304,Low,0.0,0.0,0.0,0.0,Premium,Standard retention nurture
135527,0.0,0,0,0.3788,Low,0.0,0.0,0.0,0.0,Standard,Standard retention nurture
135528,0.0,0,0,0.143,Low,0.0,0.0,0.0,0.0,Basic,Standard retention nurture
135529,0.0117,0,0,0.7626,Low,0.0089,428.0,128.0,128.0,Elite,Standard retention nurture
135530,0.0,0,0,0.2753,Low,0.0,0.0,0.0,0.0,Standard,Standard retention nurture
135531,0.0003,0,0,0.5051,Low,0.0002,6.0,2.0,2.0,Premium,Standard retention nurture
135532,0.0,0,0,0.3209,Low,0.0,0.0,0.0,0.0,Standard,Standard retention nurture
135533,0.0001,0,0,0.119,Low,0.0,0.0,0.0,0.0,Basic,Standard retention nurture
135534,0.0004,0,0,0.3684,Low,0.0001,5.0,2.0,2.0,Standard,Standard retention nurture
135535,0.0,0,0,0.163,Low,0.0,0.0,0.0,0.0,Basic,Standard retention nurture
135536,0.0,0,0,0.5863,Low,0.0,0.0,0.0,0.0,Premium,Standard retention nurture
135537,0.0,0,0,0.4028,Low,0.0,0.0,0.0,0.0,Standard,Standard retention nurture
135538,0.0,0,0,0.5039,Low,0.0,0.0,0.0,0.0,Premium,Standard retention nurture
135539,0.0028,0,0,0.2852,Low,0.0008,25.0,8.0,8.0,Standard,Standard retention nurture
135540,0.0,0,0,0.2616,Low,0.0,0.0,0.0,0.0,Standard,Standard retention nurture
135541,1.0,1,1,0.1375,Critical,0.1375,3622.0,1087.0,587.0,Basic,Relationship manager follow-up
135542,0.9998,1,1,0.2302,Critical,0.2302,4144.0,1243.0,743.0,Basic,Relationship manager follow-up
135543,0.0001,0,0,0.7975,Low,0.0001,4.0,1.0,1.0,Elite,Standard retention nurture
135544,0.0,0,0,0.4345,Low,0.0,0.0,0.0,0.0,Standard,Standard retention nurture
135545,0.0004,0,0,0.7151,Low,0.0003,12.0,4.0,4.0,Premium,Standard retention nurture
135546,0.0,0,0,0.7407,Low,0.0,0.0,0.0,0.0,Premium,Standard retention nurture
135547,0.9953,1,1,0.349,Critical,0.3474,10399.0,3120.0,2620.0,Standard,Relationship manager follow-up
135548,0.0052,0,0,0.2799,Low,0.0015,44.0,13.0,13.0,Standard,Standard retention nurture
135549,0.0027,0,0,0.3794,Low,0.001,39.0,12.0,12.0,Standard,Standard retention nurture
135550,0.0,0,0,0.3916,Low,0.0,0.0,0.0,0.0,Standard,Standard retention nurture
135551,0.0001,0,0,0.2613,Low,0.0,1.0,0.0,0.0,Standard,Standard retention nurture
135552,0.9989,1,1,0.2301,Critical,0.2298,9608.0,2882.0,2382.0,Basic,Relationship manager follow-up
135553,1.0,1,1,0.2796,Critical,0.2796,6660.0,1998.0,1498.0,Standard,Relationship manager follow-up
135554,0.0,0,0,0.5214,Low,0.0,0.0,0.0,0.0,Premium,Standard retention nurture
135555,0.0,0,0,0.4343,Low,0.0,0.0,0.0,0.0,Standard,Standard retention nurture
135556,0.0017,0,0,0.2324,Low,0.0004,12.0,4.0,4.0,Basic,Standard retention nurture
135557,0.0,0,0,0.2672,Low,0.0,0.0,0.0,0.0,Standard,Standard retention nurture
135558,0.0,0,0,0.3516,Low,0.0,0.0,0.0,0.0,Standard,Standard retention nurture
135559,0.0,0,0,0.5155,Low,0.0,0.0,0.0,0.0,Premium,Standard retention nurture
135560,0.0,0,0,0.3244,Low,0.0,0.0,0.0,0.0,Standard,Standard retention nurture
135561,0.0,0,0,0.2607,Low,0.0,0.0,0.0,0.0,Standard,Standard retention nurture
135562,0.0001,0,0,0.1815,Low,0.0,1.0,0.0,0.0,Basic,Standard retention nurture
135563,0.0,0,0,0.2643,Low,0.0,0.0,0.0,0.0,Standard,Standard retention nurture
135564,0.0,0,0,0.5399,Low,0.0,0.0,0.0,0.0,Premium,Standard retention nurture
135565,0.0,0,0,0.1345,Low,0.0,0.0,0.0,0.0,Basic,Standard retention nurture
135566,0.0007,0,0,0.8296,Low,0.0006,26.0,8.0,8.0,Elite,Standard retention nurture
135567,0.0,0,0,0.8371,Low,0.0,0.0,0.0,0.0,Elite,Standard retention nurture
135568,0.0,0,0,0.3135,Low,0.0,0.0,0.0,0.0,Standard,Standard retention nurture
135569,0.0,0,0,0.2883,Low,0.0,0.0,0.0,0.0,Standard,Standard retention nurture
135570,0.0,0,0,0.146,Low,0.0,0.0,0.0,0.0,Basic,Standard retention nurture
135571,0.0006,0,0,0.8179,Low,0.0005,21.0,6.0,6.0,Elite,Standard retention nurture
135572,0.0001,0,0,0.3932,Low,0.0,2.0,1.0,1.0,Standard,Standard retention nurture
135573,0.0003,0,0,0.2998,Low,0.0001,3.0,1.0,1.0,Standard,Standard retention nurture
135574,0.0,0,0,0.572,Low,0.0,0.0,0.0,0.0,Premium,Standard retention nurture
135575,0.0,0,0,0.314,Low,0.0,0.0,0.0,0.0,Standard,Standard retention nurture
135576,0.001,0,0,0.3757,Low,0.0004,14.0,4.0,4.0,Standard,Standard retention nurture
135577,0.0001,0,0,0.1877,Low,0.0,1.0,0.0,0.0,Basic,Standard retention nurture
135578,0.0,0,0,0.7701,Low,0.0,0.0,0.0,0.0,Elite,Standard retention nurture
135579,0.0,0,0,0.6114,Low,0.0,0.0,0.0,0.0,Premium,Standard retention nurture
135580,0.9359,1,1,0.7772,Critical,0.7274,34273.0,10282.0,9782.0,Elite,Relationship manager follow-up
135581,0.0,0,0,0.2301,Low,0.0,0.0,0.0,0.0,Basic,Standard retention nurture
135582,0.0,0,0,0.4464,Low,0.0,0.0,0.0,0.0,Standard,Standard retention nurture
135583,0.0,0,0,0.434,Low,0.0,0.0,0.0,0.0,Standard,Standard retention nurture
135584,0.0,0,0,0.5265,Low,0.0,0.0,0.0,0.0,Premium,Standard retention nurture
135585,0.0,0,0,0.2017,Low,0.0,0.0,0.0,0.0,Basic,Standard retention nurture
135586,0.0,0,0,0.3945,Low,0.0,0.0,0.0,0.0,Standard,Standard retention nurture
135587,0.0,0,0,0.4229,Low,0.0,0.0,0.0,0.0,Standard,Standard retention nurture
135588,0.0,0,0,0.6799,Low,0.0,0.0,0.0,0.0,Premium,Standard retention nurture
135589,0.008,0,0,0.3033,Low,0.0024,124.0,37.0,37.0,Standard,Standard retention nurture
135590,0.0,0,0,0.4447,Low,0.0,0.0,0.0,0.0,Standard,Standard retention nurture
135591,0.0001,0,0,0.6208,Low,0.0001,2.0,1.0,1.0,Premium,Standard retention nurture
135592,0.9991,1,1,0.0442,Critical,0.0442,1798.0,539.0,39.0,Basic,Relationship manager follow-up
135593,0.0049,0,0,0.0887,Low,0.0004,23.0,7.0,7.0,Basic,Standard retention nurture
135594,0.0,0,0,0.6498,Low,0.0,0.0,0.0,0.0,Premium,Standard retention nurture
135595,0.0,0,0,0.5007,Low,0.0,0.0,0.0,0.0,Premium,Standard retention nurture
135596,0.0,0,0,0.4193,Low,0.0,0.0,0.0,0.0,Standard,Standard retention nurture
135597,0.0,0,0,0.4157,Low,0.0,0.0,0.0,0.0,Standard,Standard retention nurture
135598,1.0,1,1,0.4365,Critical,0.4365,14935.0,4480.0,3980.0,Standard,Relationship manager follow-up
135599,0.0,0,0,0.4869,Low,0.0,0.0,0.0,0.0,Standard,Standard retention nurture
135600,0.0,0,0,0.1817,Low,0.0,0.0,0.0,0.0,Basic,Standard retention nurture
135601,0.0001,0,0,0.7621,Low,0.0001,4.0,1.0,1.0,Elite,Standard retention nurture
135602,0.0,0,0,0.2005,Low,0.0,0.0,0.0,0.0,Basic,Standard retention nurture
135603,0.9994,1,1,0.1399,Critical,0.1398,4220.0,1266.0,766.0,Basic,Relationship manager follow-up
135604,0.0,0,0,0.426,Low,0.0,0.0,0.0,0.0,Standard,Standard retention nurture
135605,0.1097,0,0,0.26,Low,0.0285,1096.0,329.0,329.0,Standard,Standard retention nurture
135606,0.0003,0,0,0.3437,Low,0.0001,2.0,1.0,1.0,Standard,Standard retention nurture
135607,0.0,0,0,0.2873,Low,0.0,0.0,0.0,0.0,Standard,Standard retention nurture
135608,0.0098,0,0,0.6368,Low,0.0062,230.0,69.0,69.0,Premium,Standard retention nurture
135609,0.0,0,0,0.1903,Low,0.0,0.0,0.0,0.0,Basic,Standard retention nurture
135610,0.0,0,0,0.4111,Low,0.0,0.0,0.0,0.0,Standard,Standard retention nurture
135611,0.0,0,0,0.3637,Low,0.0,0.0,0.0,0.0,Standard,Standard retention nurture
135612,0.0,0,0,0.3878,Low,0.0,0.0,0.0,0.0,Standard,Standard retention nurture
135613,0.0,0,0,0.221,Low,0.0,0.0,0.0,0.0,Basic,Standard retention nurture
135614,0.0,0,0,0.615,Low,0.0,0.0,0.0,0.0,Premium,Standard retention nurture
135615,0.0,0,0,0.4468,Low,0.0,0.0,0.0,0.0,Standard,Standard retention nurture
135616,0.0,0,0,0.4823,Low,0.0,0.0,0.0,0.0,Standard,Standard retention nurture
135617,0.0,0,0,0.4088,Low,0.0,0.0,0.0,0.0,Standard,Standard retention nurture
135618,0.0,0,0,0.8873,Low,0.0,0.0,0.0,0.0,Elite,Standard retention nurture
135619,0.0,0,0,0.2629,Low,0.0,0.0,0.0,0.0,Standard,Standard retention nurture
135620,0.0013,0,0,0.1785,Low,0.0002,6.0,2.0,2.0,Basic,Standard retention nurture
135621,0.0,0,0,0.8126,Low,0.0,0.0,0.0,0.0,Elite,Standard retention nurture
135622,0.0,0,0,0.2009,Low,0.0,0.0,0.0,0.0,Basic,Standard retention nurture
135623,0.0001,0,0,0.1734,Low,0.0,1.0,0.0,0.0,Basic,Standard retention nurture
135624,0.0584,0,0,0.1146,Low,0.0067,268.0,80.0,80.0,Basic,Standard retention nurture
135625,0.0004,0,0,0.3722,Low,0.0001,6.0,2.0,2.0,Standard,Standard retention nurture
135626,0.0,0,0,0.5616,Low,0.0,0.0,0.0,0.0,Premium,Standard retention nurture
135627,0.0,0,0,0.3131,Low,0.0,0.0,0.0,0.0,Standard,Standard retention nurture
135628,0.0001,0,0,0.2393,Low,0.0,1.0,0.0,0.0,Basic,Standard retention nurture
135629,0.0001,0,0,0.3196,Low,0.0,2.0,1.0,1.0,Standard,Standard retention nurture
135630,0.0,0,0,0.6413,Low,0.0,0.0,0.0,0.0,Premium,Standard retention nurture
135631,0.0,0,0,0.2269,Low,0.0,0.0,0.0,0.0,Basic,Standard retention nurture
135632,0.0002,0,0,0.3103,Low,0.0001,2.0,1.0,1.0,Standard,Standard retention nurture
135633,0.0,0,0,0.5886,Low,0.0,0.0,0.0,0.0,Premium,Standard retention nurture
135634,0.9363,1,1,0.3032,Critical,0.2839,8117.0,2435.0,1935.0,Standard,Relationship manager follow-up
135635,0.0,0,0,0.3903,Low,0.0,0.0,0.0,0.0,Standard,Standard retention nurture
135636,0.0001,0,0,0.1662,Low,0.0,1.0,0.0,0.0,Basic,Standard retention nurture
135637,0.0,0,0,0.295,Low,0.0,0.0,0.0,0.0,Standard,Standard retention nurture
135638,0.0036,0,0,0.1388,Low,0.0005,16.0,5.0,5.0,Basic,Standard retention nurture
135639,0.0,0,0,0.3565,Low,0.0,0.0,0.0,0.0,Standard,Standard retention nurture
135640,0.0,0,0,0.4824,Low,0.0,0.0,0.0,0.0,Standard,Standard retention nurture
135641,0.8775,1,1,0.374,Critical,0.3282,11108.0,3332.0,2832.0,Standard,Relationship manager follow-up
135642,0.998,1,1,0.5731,Critical,0.572,17895.0,5368.0,4868.0,Premium,Relationship manager follow-up
135643,0.0001,0,0,0.4998,Low,0.0,1.0,0.0,0.0,Standard,Standard retention nurture
135644,0.0,0,0,0.9103,Low,0.0,0.0,0.0,0.0,Elite,Standard retention nurture
135645,0.0,0,0,0.3188,Low,0.0,0.0,0.0,0.0,Standard,Standard retention nurture
135646,0.0001,0,0,0.4133,Low,0.0,2.0,1.0,1.0,Standard,Standard retention nurture
135647,0.0093,0,0,0.1199,Low,0.0011,55.0,16.0,16.0,Basic,Standard retention nurture
135648,0.0216,0,0,0.2221,Low,0.0048,75.0,22.0,22.0,Basic,Standard retention nurture
135649,0.0327,0,0,0.3492,Low,0.0114,423.0,127.0,127.0,Standard,Standard retention nurture
135650,0.0043,0,0,0.3291,Low,0.0014,57.0,17.0,17.0,Standard,Standard retention nurture
135651,0.0302,0,0,0.442,Low,0.0133,760.0,228.0,228.0,Standard,Standard retention nurture
135652,0.0,0,0,0.7496,Low,0.0,0.0,0.0,0.0,Premium,Standard retention nurture
135653,0.0,0,0,0.3214,Low,0.0,0.0,0.0,0.0,Standard,Standard retention nurture
135654,0.0,0,0,0.4649,Low,0.0,0.0,0.0,0.0,Standard,Standard retention nurture
135655,0.9984,1,1,0.146,Critical,0.1458,4752.0,1426.0,926.0,Basic,Relationship manager follow-up
135656,0.0009,0,0,0.2874,Low,0.0003,12.0,4.0,4.0,Standard,Standard retention nurture
135657,0.0021,0,0,0.1761,Low,0.0004,11.0,3.0,3.0,Basic,Standard retention nurture
135658,0.0002,0,0,0.159,Low,0.0,1.0,0.0,0.0,Basic,Standard retention nurture
135659,0.0006,0,0,0.2434,Low,0.0001,5.0,2.0,2.0,Basic,Standard retention nurture
135660,0.0001,0,0,0.2112,Low,0.0,1.0,0.0,0.0,Basic,Standard retention nurture
135661,0.0071,0,0,0.2154,Low,0.0015,39.0,12.0,12.0,Basic,Standard retention nurture
135662,0.0001,0,0,0.4931,Low,0.0,2.0,1.0,1.0,Standard,Standard retention nurture
135663,0.0,0,0,0.3387,Low,0.0,0.0,0.0,0.0,Standard,Standard retention nurture
135664,0.9861,1,1,0.1632,Critical,0.1609,5308.0,1592.0,1092.0,Basic,Relationship manager follow-up
135665,0.0,0,0,0.9661,Low,0.0,0.0,0.0,0.0,Elite,Standard retention nurture
135666,0.0,0,0,0.3109,Low,0.0,0.0,0.0,0.0,Standard,Standard retention nurture
135667,0.0,0,0,0.351,Low,0.0,0.0,0.0,0.0,Standard,Standard retention nurture
135668,1.0,1,1,0.195,Critical,0.195,5930.0,1779.0,1279.0,Basic,Relationship manager follow-up
135669,0.0,0,0,0.4902,Low,0.0,0.0,0.0,0.0,Standard,Standard retention nurture
135670,0.0,0,0,0.2811,Low,0.0,0.0,0.0,0.0,Standard,Standard retention nurture
135671,0.0,0,0,0.3198,Low,0.0,0.0,0.0,0.0,Standard,Standard retention nurture
135672,0.0047,0,0,0.3072,Low,0.0014,67.0,20.0,20.0,Standard,Standard retention nurture
135673,0.0005,0,0,0.1886,Low,0.0001,1.0,0.0,0.0,Basic,Standard retention nurture
135674,0.0,0,0,0.2151,Low,0.0,0.0,0.0,0.0,Basic,Standard retention nurture
135675,1.0,1,1,0.1315,Critical,0.1315,3984.0,1195.0,695.0,Basic,Relationship manager follow-up
135676,0.0,0,0,0.281,Low,0.0,0.0,0.0,0.0,Standard,Standard retention nurture
135677,0.0,0,0,0.4489,Low,0.0,0.0,0.0,0.0,Standard,Standard retention nurture
135678,0.0,0,0,0.2553,Low,0.0,0.0,0.0,0.0,Standard,Standard retention nurture
135679,0.0,0,0,0.3809,Low,0.0,0.0,0.0,0.0,Standard,Standard retention nurture
135680,0.0006,0,0,0.2058,Low,0.0001,3.0,1.0,1.0,Basic,Standard retention nurture
135681,0.0166,0,0,0.4456,Low,0.0074,270.0,81.0,81.0,Standard,Standard retention nurture
135682,0.0007,0,0,0.2752,Low,0.0002,4.0,1.0,1.0,Standard,Standard retention nurture
135683,1.0,1,1,0.1291,Critical,0.1291,2901.0,870.0,370.0,Basic,Relationship manager follow-up
135684,0.0,0,0,0.5246,Low,0.0,0.0,0.0,0.0,Premium,Standard retention nurture
135685,0.0,0,0,0.2972,Low,0.0,0.0,0.0,0.0,Standard,Standard retention nurture
135686,0.0,0,0,0.3327,Low,0.0,0.0,0.0,0.0,Standard,Standard retention nurture
135687,0.0,0,0,0.263,Low,0.0,0.0,0.0,0.0,Standard,Standard retention nurture
135688,0.0,0,0,0.525,Low,0.0,0.0,0.0,0.0,Premium,Standard retention nurture
135689,0.0,0,0,0.2967,Low,0.0,0.0,0.0,0.0,Standard,Standard retention nurture
135690,0.0,0,0,0.3995,Low,0.0,0.0,0.0,0.0,Standard,Standard retention nurture
135691,0.9995,1,1,0.2347,Critical,0.2346,4648.0,1394.0,894.0,Basic,Relationship manager follow-up
135692,0.0,0,0,0.2726,Low,0.0,0.0,0.0,0.0,Standard,Standard retention nurture
135693,0.0002,0,0,0.1524,Low,0.0,1.0,0.0,0.0,Basic,Standard retention nurture
135694,0.0,0,0,0.5329,Low,0.0,0.0,0.0,0.0,Premium,Standard retention nurture
135695,0.2923,1,1,0.4464,Low,0.1305,5516.0,1655.0,1155.0,Standard,Relationship manager follow-up
135696,0.0,0,0,0.446,Low,0.0,0.0,0.0,0.0,Standard,Standard retention nurture
135697,0.834,1,1,0.1614,Critical,0.1346,4499.0,1350.0,850.0,Basic,Relationship manager follow-up
135698,0.0,0,0,0.1963,Low,0.0,0.0,0.0,0.0,Basic,Standard retention nurture
135699,0.0,0,0,0.4663,Low,0.0,0.0,0.0,0.0,Standard,Standard retention nurture
135700,0.0,0,0,0.3436,Low,0.0,0.0,0.0,0.0,Standard,Standard retention nurture
135701,0.0042,0,0,0.274,Low,0.0012,27.0,8.0,8.0,Standard,Standard retention nurture
135702,0.0008,0,0,0.3063,Low,0.0002,11.0,3.0,3.0,Standard,Standard retention nurture
135703,0.0,0,0,0.3173,Low,0.0,0.0,0.0,0.0,Standard,Standard retention nurture
135704,0.0,0,0,0.2686,Low,0.0,0.0,0.0,0.0,Standard,Standard retention nurture
135705,0.0,0,0,0.2959,Low,0.0,0.0,0.0,0.0,Standard,Standard retention nurture
135706,0.0,0,0,0.474,Low,0.0,0.0,0.0,0.0,Standard,Standard retention nurture
135707,0.0193,0,0,0.2443,Low,0.0047,93.0,28.0,28.0,Basic,Standard retention nurture
135708,0.0,0,0,0.4578,Low,0.0,0.0,0.0,0.0,Standard,Standard retention nurture
135709,0.0,0,0,0.7445,Low,0.0,0.0,0.0,0.0,Premium,Standard retention nurture
135710,1.0,1,1,0.3315,Critical,0.3315,5670.0,1701.0,1201.0,Standard,Relationship manager follow-up
135711,0.0001,0,0,0.484,Low,0.0,2.0,1.0,1.0,Standard,Standard retention nurture
135712,0.0,0,0,0.5165,Low,0.0,0.0,0.0,0.0,Premium,Standard retention nurture
135713,0.002,0,0,0.1696,Low,0.0003,6.0,2.0,2.0,Basic,Standard retention nurture
135714,0.0,0,0,0.2603,Low,0.0,0.0,0.0,0.0,Standard,Standard retention nurture
135715,0.9965,1,1,0.0853,Critical,0.085,3396.0,1019.0,519.0,Basic,Relationship manager follow-up
135716,0.0,0,0,0.3304,Low,0.0,0.0,0.0,0.0,Standard,Standard retention nurture
135717,0.0,0,0,0.6028,Low,0.0,0.0,0.0,0.0,Premium,Standard retention nurture
135718,0.0007,0,0,0.624,Low,0.0004,18.0,5.0,5.0,Premium,Standard retention nurture
135719,0.0005,0,0,0.226,Low,0.0001,3.0,1.0,1.0,Basic,Standard retention nurture
135720,0.0001,0,0,0.8105,Low,0.0001,4.0,1.0,1.0,Elite,Standard retention nurture
135721,0.0,0,0,0.585,Low,0.0,0.0,0.0,0.0,Premium,Standard retention nurture
135722,0.0,0,0,0.2652,Low,0.0,0.0,0.0,0.0,Standard,Standard retention nurture
135723,1.0,1,1,0.1816,Critical,0.1816,6191.0,1857.0,1357.0,Basic,Relationship manager follow-up
135724,0.02,0,0,0.1563,Low,0.0031,126.0,38.0,38.0,Basic,Standard retention nurture
135725,0.0,0,0,0.5466,Low,0.0,0.0,0.0,0.0,Premium,Standard retention nurture
135726,0.008,0,0,0.398,Low,0.0032,113.0,34.0,34.0,Standard,Standard retention nurture
135727,0.0,0,0,0.4578,Low,0.0,0.0,0.0,0.0,Standard,Standard retention nurture
135728,0.0007,0,0,0.319,Low,0.0002,3.0,1.0,1.0,Standard,Standard retention nurture
135729,0.9989,1,1,0.1733,Critical,0.1731,8385.0,2516.0,2016.0,Basic,Relationship manager follow-up
135730,0.0029,0,0,0.3263,Low,0.0009,14.0,4.0,4.0,Standard,Standard retention nurture
135731,0.0,0,0,0.7843,Low,0.0,0.0,0.0,0.0,Elite,Standard retention nurture
135732,0.0,0,0,0.8158,Low,0.0,0.0,0.0,0.0,Elite,Standard retention nurture
135733,0.0,0,0,0.6307,Low,0.0,0.0,0.0,0.0,Premium,Standard retention nurture
135734,0.0,0,0,0.3938,Low,0.0,0.0,0.0,0.0,Standard,Standard retention nurture
135735,0.0002,0,0,0.2437,Low,0.0,1.0,0.0,0.0,Basic,Standard retention nurture
135736,0.0028,0,0,0.737,Low,0.0021,100.0,30.0,30.0,Premium,Standard retention nurture
135737,0.0041,0,0,0.3334,Low,0.0014,66.0,20.0,20.0,Standard,Standard retention nurture
135738,0.0,0,0,0.4222,Low,0.0,0.0,0.0,0.0,Standard,Standard retention nurture
135739,0.0,0,0,0.6757,Low,0.0,0.0,0.0,0.0,Premium,Standard retention nurture
135740,0.0,0,0,0.2242,Low,0.0,0.0,0.0,0.0,Basic,Standard retention nurture
135741,0.0,0,0,0.1698,Low,0.0,0.0,0.0,0.0,Basic,Standard retention nurture
135742,0.0,0,0,0.6133,Low,0.0,0.0,0.0,0.0,Premium,Standard retention nurture
135743,1.0,1,1,0.2238,Critical,0.2238,6803.0,2041.0,1541.0,Basic,Relationship manager follow-up
135744,0.0001,0,0,0.4775,Low,0.0,2.0,1.0,1.0,Standard,Standard retention nurture
135745,0.0,0,0,0.5257,Low,0.0,0.0,0.0,0.0,Premium,Standard retention nurture
135746,0.0,0,0,0.5211,Low,0.0,0.0,0.0,0.0,Premium,Standard retention nurture
135747,0.0,0,0,0.23,Low,0.0,0.0,0.0,0.0,Basic,Standard retention nurture
135748,0.0,0,0,0.4205,Low,0.0,0.0,0.0,0.0,Standard,Standard retention nurture
135749,0.0004,0,0,0.4148,Low,0.0002,7.0,2.0,2.0,Standard,Standard retention nurture
135750,0.9999,1,1,0.2262,Critical,0.2262,8667.0,2600.0,2100.0,Basic,Relationship manager follow-up
135751,0.0046,0,0,0.5326,Low,0.0024,135.0,40.0,40.0,Premium,Standard retention nurture
135752,0.0,0,0,0.5761,Low,0.0,0.0,0.0,0.0,Premium,Standard retention nurture
135753,0.0,0,0,0.268,Low,0.0,0.0,0.0,0.0,Standard,Standard retention nurture
135754,0.0,0,0,0.6812,Low,0.0,0.0,0.0,0.0,Premium,Standard retention nurture
135755,0.0,0,0,0.4905,Low,0.0,0.0,0.0,0.0,Standard,Standard retention nurture
135756,0.0,0,0,0.1762,Low,0.0,0.0,0.0,0.0,Basic,Standard retention nurture
135757,0.1043,0,0,0.1729,Low,0.018,617.0,185.0,185.0,Basic,Standard retention nurture
135758,0.0,0,0,0.2689,Low,0.0,0.0,0.0,0.0,Standard,Standard retention nurture
135759,0.0,0,0,0.4254,Low,0.0,0.0,0.0,0.0,Standard,Standard retention nurture
135760,0.9242,1,1,0.3765,Critical,0.348,13931.0,4179.0,3679.0,Standard,Relationship manager follow-up
135761,0.0,0,0,0.2934,Low,0.0,0.0,0.0,0.0,Standard,Standard retention nurture
135762,0.0,0,0,0.3237,Low,0.0,0.0,0.0,0.0,Standard,Standard retention nurture
135763,0.9921,1,1,0.4867,Critical,0.4829,15550.0,4665.0,4165.0,Standard,Relationship manager follow-up
135764,0.0003,0,0,0.3061,Low,0.0001,4.0,1.0,1.0,Standard,Standard retention nurture
135765,0.0003,0,0,0.4242,Low,0.0001,6.0,2.0,2.0,Standard,Standard retention nurture
135766,0.9999,1,1,0.2457,Critical,0.2457,8682.0,2605.0,2105.0,Basic,Relationship manager follow-up
135767,0.0023,0,0,0.2013,Low,0.0005,25.0,8.0,8.0,Basic,Standard retention nurture
135768,0.0,0,0,0.2167,Low,0.0,0.0,0.0,0.0,Basic,Standard retention nurture
135769,0.0203,0,0,0.2977,Low,0.006,210.0,63.0,63.0,Standard,Standard retention nurture
135770,0.0001,0,0,0.5544,Low,0.0001,2.0,1.0,1.0,Premium,Standard retention nurture
135771,0.0092,0,0,0.2967,Low,0.0027,113.0,34.0,34.0,Standard,Standard retention nurture
135772,0.0,0,0,0.4134,Low,0.0,0.0,0.0,0.0,Standard,Standard retention nurture
135773,0.0,0,0,0.1368,Low,0.0,0.0,0.0,0.0,Basic,Standard retention nurture
135774,1.0,1,1,0.1353,Critical,0.1353,3925.0,1178.0,678.0,Basic,Relationship manager follow-up
135775,0.0,0,0,0.5223,Low,0.0,0.0,0.0,0.0,Premium,Standard retention nurture
135776,0.0,0,0,0.3302,Low,0.0,0.0,0.0,0.0,Standard,Standard retention nurture
135777,0.9931,1,1,0.3858,Critical,0.3831,15642.0,4693.0,4193.0,Standard,Relationship manager follow-up
135778,0.9945,1,1,0.3877,Critical,0.3856,14487.0,4346.0,3846.0,Standard,Relationship manager follow-up
135779,0.9806,1,1,0.0986,Critical,0.0967,862.0,259.0,-241.0,Basic,Relationship manager follow-up
135780,0.0003,0,0,0.5035,Low,0.0002,7.0,2.0,2.0,Premium,Standard retention nurture
135781,1.0,1,1,0.2715,Critical,0.2715,10052.0,3016.0,2516.0,Standard,Relationship manager follow-up
135782,0.0,0,0,0.5248,Low,0.0,0.0,0.0,0.0,Premium,Standard retention nurture
135783,0.0,0,0,0.1812,Low,0.0,0.0,0.0,0.0,Basic,Standard retention nurture
135784,0.0014,0,0,0.4509,Low,0.0006,17.0,5.0,5.0,Standard,Standard retention nurture
135785,0.9999,1,1,0.1751,Critical,0.1751,2923.0,877.0,377.0,Basic,Relationship manager follow-up
135786,0.0,0,0,0.2102,Low,0.0,0.0,0.0,0.0,Basic,Standard retention nurture
135787,0.007,0,0,0.3553,Low,0.0025,99.0,30.0,30.0,Standard,Standard retention nurture
135788,0.0,0,0,0.3046,Low,0.0,0.0,0.0,0.0,Standard,Standard retention nurture
135789,0.0,0,0,0.3658,Low,0.0,0.0,0.0,0.0,Standard,Standard retention nurture
135790,0.001,0,0,0.1297,Low,0.0001,3.0,1.0,1.0,Basic,Standard retention nurture
135791,0.1222,1,0,0.1269,Low,0.0155,536.0,161.0,-339.0,Basic,Relationship manager follow-up
135792,0.0,0,0,0.2633,Low,0.0,0.0,0.0,0.0,Standard,Standard retention nurture
135793,0.0026,0,0,0.1705,Low,0.0004,12.0,4.0,4.0,Basic,Standard retention nurture
135794,0.0006,0,0,0.1371,Low,0.0001,2.0,1.0,1.0,Basic,Standard retention nurture
135795,0.0,0,0,0.3243,Low,0.0,0.0,0.0,0.0,Standard,Standard retention nurture
135796,0.0091,0,0,0.1492,Low,0.0014,32.0,10.0,10.0,Basic,Standard retention nurture
135797,0.0,0,0,0.2728,Low,0.0,0.0,0.0,0.0,Standard,Standard retention nurture
135798,0.0,0,0,0.4387,Low,0.0,0.0,0.0,0.0,Standard,Standard retention nurture
135799,0.0012,0,0,0.2148,Low,0.0003,5.0,2.0,2.0,Basic,Standard retention nurture
135800,0.0,0,0,0.8584,Low,0.0,0.0,0.0,0.0,Elite,Standard retention nurture
135801,0.0035,0,0,0.3973,Low,0.0014,69.0,21.0,21.0,Standard,Standard retention nurture
135802,0.9995,1,1,0.3734,Critical,0.3732,7469.0,2241.0,1741.0,Standard,Relationship manager follow-up
135803,0.0,0,0,0.2839,Low,0.0,0.0,0.0,0.0,Standard,Standard retention nurture
135804,0.0,0,0,0.5211,Low,0.0,0.0,0.0,0.0,Premium,Standard retention nurture
135805,0.0,0,0,0.2828,Low,0.0,0.0,0.0,0.0,Standard,Standard retention nurture
135806,0.047,0,0,0.2433,Low,0.0114,410.0,123.0,123.0,Basic,Standard retention nurture
135807,0.0,0,0,0.6026,Low,0.0,0.0,0.0,0.0,Premium,Standard retention nurture
135808,0.0,0,0,0.2098,Low,0.0,0.0,0.0,0.0,Basic,Standard retention nurture
135809,0.0,0,0,0.3235,Low,0.0,0.0,0.0,0.0,Standard,Standard retention nurture
135810,0.0003,0,0,0.4871,Low,0.0001,7.0,2.0,2.0,Standard,Standard retention nurture
135811,0.0,0,0,0.1963,Low,0.0,0.0,0.0,0.0,Basic,Standard retention nurture
135812,0.0,0,0,0.448,Low,0.0,0.0,0.0,0.0,Standard,Standard retention nurture
135813,0.0,0,0,0.2809,Low,0.0,0.0,0.0,0.0,Standard,Standard retention nurture
135814,0.0,0,0,0.2358,Low,0.0,0.0,0.0,0.0,Basic,Standard retention nurture
135815,0.0,0,0,0.536,Low,0.0,0.0,0.0,0.0,Premium,Standard retention nurture
135816,0.0,0,0,0.5255,Low,0.0,0.0,0.0,0.0,Premium,Standard retention nurture
135817,0.0,0,0,0.5803,Low,0.0,0.0,0.0,0.0,Premium,Standard retention nurture
135818,0.0,0,0,0.2382,Low,0.0,0.0,0.0,0.0,Basic,Standard retention nurture
135819,0.0025,0,0,0.5902,Low,0.0015,79.0,24.0,24.0,Premium,Standard retention nurture
135820,0.0,0,0,0.247,Low,0.0,0.0,0.0,0.0,Basic,Standard retention nurture
135821,0.0002,0,0,0.297,Low,0.0001,2.0,1.0,1.0,Standard,Standard retention nurture
135822,0.0,0,0,0.3101,Low,0.0,0.0,0.0,0.0,Standard,Standard retention nurture
135823,0.0,0,0,0.4587,Low,0.0,0.0,0.0,0.0,Standard,Standard retention nurture
135824,0.0,0,0,0.502,Low,0.0,0.0,0.0,0.0,Premium,Standard retention nurture
135825,0.0,0,0,0.5844,Low,0.0,0.0,0.0,0.0,Premium,Standard retention nurture
135826,0.0,0,0,0.3412,Low,0.0,0.0,0.0,0.0,Standard,Standard retention nurture
135827,0.0004,0,0,0.3182,Low,0.0001,2.0,1.0,1.0,Standard,Standard retention nurture
135828,0.0,0,0,0.4076,Low,0.0,0.0,0.0,0.0,Standard,Standard retention nurture
135829,0.0005,0,0,0.5397,Low,0.0003,10.0,3.0,3.0,Premium,Standard retention nurture
135830,0.014,0,0,0.1726,Low,0.0024,59.0,18.0,18.0,Basic,Standard retention nurture
135831,1.0,1,1,0.1142,Critical,0.1142,2495.0,748.0,248.0,Basic,Relationship manager follow-up
135832,0.0328,0,0,0.4313,Low,0.0141,460.0,138.0,138.0,Standard,Standard retention nurture
135833,0.9974,1,1,0.0813,Critical,0.0811,3129.0,939.0,439.0,Basic,Relationship manager follow-up
135834,0.0,0,0,0.2803,Low,0.0,0.0,0.0,0.0,Standard,Standard retention nurture
135835,0.9952,1,1,0.1721,Critical,0.1713,1449.0,435.0,-65.0,Basic,Relationship manager follow-up
135836,0.0007,0,0,0.5943,Low,0.0004,17.0,5.0,5.0,Premium,Standard retention nurture
135837,0.0,0,0,0.2932,Low,0.0,0.0,0.0,0.0,Standard,Standard retention nurture
135838,0.0089,0,0,0.3032,Low,0.0027,105.0,32.0,32.0,Standard,Standard retention nurture
135839,0.0,0,0,0.2985,Low,0.0,0.0,0.0,0.0,Standard,Standard retention nurture
135840,0.0,0,0,0.2009,Low,0.0,0.0,0.0,0.0,Basic,Standard retention nurture
135841,0.0068,0,0,0.2974,Low,0.002,25.0,8.0,8.0,Standard,Standard retention nurture
135842,0.0,0,0,0.1755,Low,0.0,0.0,0.0,0.0,Basic,Standard retention nurture
135843,0.0,0,0,0.2849,Low,0.0,0.0,0.0,0.0,Standard,Standard retention nurture
135844,1.0,1,1,0.1769,Critical,0.1769,5236.0,1571.0,1071.0,Basic,Relationship manager follow-up
135845,0.0,0,0,0.5127,Low,0.0,0.0,0.0,0.0,Premium,Standard retention nurture
135846,0.0,0,0,0.167,Low,0.0,0.0,0.0,0.0,Basic,Standard retention nurture
135847,0.0,0,0,0.1943,Low,0.0,0.0,0.0,0.0,Basic,Standard retention nurture
135848,0.0023,0,0,0.6209,Low,0.0014,70.0,21.0,21.0,Premium,Standard retention nurture
135849,0.9353,1,1,0.4379,Critical,0.4096,15246.0,4574.0,4074.0,Standard,Relationship manager follow-up
135850,0.0,0,0,0.2861,Low,0.0,0.0,0.0,0.0,Standard,Standard retention nurture
135851,0.0,0,0,0.3562,Low,0.0,0.0,0.0,0.0,Standard,Standard retention nurture
135852,0.0002,0,0,0.2371,Low,0.0,1.0,0.0,0.0,Basic,Standard retention nurture
135853,0.0019,0,0,0.1787,Low,0.0003,4.0,1.0,1.0,Basic,Standard retention nurture
135854,0.0,0,0,0.44,Low,0.0,0.0,0.0,0.0,Standard,Standard retention nurture
135855,0.0,0,0,0.5385,Low,0.0,0.0,0.0,0.0,Premium,Standard retention nurture
135856,0.0,0,0,0.2273,Low,0.0,0.0,0.0,0.0,Basic,Standard retention nurture
135857,1.0,1,1,0.0789,Critical,0.0789,4082.0,1225.0,725.0,Basic,Relationship manager follow-up
135858,0.0018,0,0,0.3233,Low,0.0006,22.0,7.0,7.0,Standard,Standard retention nurture
135859,0.0,0,0,0.2891,Low,0.0,0.0,0.0,0.0,Standard,Standard retention nurture
135860,1.0,1,1,0.0995,Critical,0.0995,2077.0,623.0,123.0,Basic,Relationship manager follow-up
135861,0.0,0,0,0.7885,Low,0.0,0.0,0.0,0.0,Elite,Standard retention nurture
135862,0.0244,0,0,0.1614,Low,0.0039,233.0,70.0,70.0,Basic,Standard retention nurture
135863,0.0,0,0,0.4797,Low,0.0,0.0,0.0,0.0,Standard,Standard retention nurture
135864,0.0001,0,0,0.1967,Low,0.0,1.0,0.0,0.0,Basic,Standard retention nurture
135865,1.0,1,1,0.0558,Critical,0.0558,2231.0,669.0,169.0,Basic,Relationship manager follow-up
135866,0.0,0,0,0.4079,Low,0.0,0.0,0.0,0.0,Standard,Standard retention nurture
135867,0.0,0,0,0.3043,Low,0.0,0.0,0.0,0.0,Standard,Standard retention nurture
135868,0.0,0,0,0.3726,Low,0.0,0.0,0.0,0.0,Standard,Standard retention nurture
135869,0.0015,0,0,0.1906,Low,0.0003,6.0,2.0,2.0,Basic,Standard retention nurture
135870,0.0002,0,0,0.3946,Low,0.0001,2.0,1.0,1.0,Standard,Standard retention nurture
135871,0.0003,0,0,0.1645,Low,0.0,1.0,0.0,0.0,Basic,Standard retention nurture
135872,0.0,0,0,0.2983,Low,0.0,0.0,0.0,0.0,Standard,Standard retention nurture
135873,0.0,0,0,0.3749,Low,0.0,0.0,0.0,0.0,Standard,Standard retention nurture
135874,0.0,0,0,0.2449,Low,0.0,0.0,0.0,0.0,Basic,Standard retention nurture
135875,0.9998,1,1,0.1584,Critical,0.1584,5656.0,1697.0,1197.0,Basic,Relationship manager follow-up
135876,0.0,0,0,0.3851,Low,0.0,0.0,0.0,0.0,Standard,Standard retention nurture
135877,0.9995,1,1,0.1456,Critical,0.1455,3091.0,927.0,427.0,Basic,Relationship manager follow-up
135878,0.0201,0,0,0.3524,Low,0.0071,330.0,99.0,99.0,Standard,Standard retention nurture
135879,0.0,0,0,0.8271,Low,0.0,0.0,0.0,0.0,Elite,Standard retention nurture
135880,0.935,1,1,0.1173,Critical,0.1097,1539.0,462.0,-38.0,Basic,Relationship manager follow-up
135881,0.0,0,0,0.3775,Low,0.0,0.0,0.0,0.0,Standard,Standard retention nurture
135882,0.0001,0,0,0.2862,Low,0.0,1.0,0.0,0.0,Standard,Standard retention nurture
135883,0.0,0,0,0.9811,Low,0.0,0.0,0.0,0.0,Elite,Standard retention nurture
135884,0.0,0,0,0.243,Low,0.0,0.0,0.0,0.0,Basic,Standard retention nurture
135885,0.0,0,0,0.3011,Low,0.0,0.0,0.0,0.0,Standard,Standard retention nurture
135886,0.0,0,0,0.3346,Low,0.0,0.0,0.0,0.0,Standard,Standard retention nurture
135887,0.0,0,0,0.5039,Low,0.0,0.0,0.0,0.0,Premium,Standard retention nurture
135888,0.0001,0,0,0.1666,Low,0.0,1.0,0.0,0.0,Basic,Standard retention nurture
135889,0.0,0,0,0.3323,Low,0.0,0.0,0.0,0.0,Standard,Standard retention nurture
135890,0.0001,0,0,0.8723,Low,0.0001,4.0,1.0,1.0,Elite,Standard retention nurture
135891,0.0001,0,0,0.1603,Low,0.0,0.0,0.0,0.0,Basic,Standard retention nurture
135892,0.0,0,0,0.5705,Low,0.0,0.0,0.0,0.0,Premium,Standard retention nurture
135893,0.9999,1,1,0.2388,Critical,0.2388,1825.0,548.0,48.0,Basic,Relationship manager follow-up
135894,0.9999,1,1,0.4693,Critical,0.4693,18497.0,5549.0,5049.0,Standard,Relationship manager follow-up
135895,1.0,1,1,0.2066,Critical,0.2066,6987.0,2096.0,1596.0,Basic,Relationship manager follow-up
135896,0.0847,0,0,0.5114,Low,0.0433,1786.0,536.0,536.0,Premium,Standard retention nurture
135897,0.9992,1,1,0.2051,Critical,0.2049,3988.0,1196.0,696.0,Basic,Relationship manager follow-up
135898,0.0,0,0,0.5519,Low,0.0,0.0,0.0,0.0,Premium,Standard retention nurture
135899,0.0,0,0,0.3477,Low,0.0,0.0,0.0,0.0,Standard,Standard retention nurture
135900,0.0001,0,0,0.1736,Low,0.0,0.0,0.0,0.0,Basic,Standard retention nurture
135901,0.0,0,0,0.1782,Low,0.0,0.0,0.0,0.0,Basic,Standard retention nurture
135902,0.0001,0,0,0.6703,Low,0.0001,4.0,1.0,1.0,Premium,Standard retention nurture
135903,0.0,0,0,0.4262,Low,0.0,0.0,0.0,0.0,Standard,Standard retention nurture
135904,0.9968,1,1,0.3704,Critical,0.3692,8659.0,2598.0,2098.0,Standard,Relationship manager follow-up
135905,0.0,0,0,0.2054,Low,0.0,0.0,0.0,0.0,Basic,Standard retention nurture
135906,0.0,0,0,0.3604,Low,0.0,0.0,0.0,0.0,Standard,Standard retention nurture
135907,0.0,0,0,0.3496,Low,0.0,0.0,0.0,0.0,Standard,Standard retention nurture
135908,0.0,0,0,0.323,Low,0.0,0.0,0.0,0.0,Standard,Standard retention nurture
135909,0.0,0,0,0.525,Low,0.0,0.0,0.0,0.0,Premium,Standard retention nurture
135910,0.9581,1,1,0.5424,Critical,0.5197,8469.0,2541.0,2041.0,Premium,Relationship manager follow-up
135911,0.0,0,0,0.1885,Low,0.0,0.0,0.0,0.0,Basic,Standard retention nurture
135912,0.0,0,0,0.3619,Low,0.0,0.0,0.0,0.0,Standard,Standard retention nurture
135913,0.9996,1,1,0.1245,Critical,0.1245,4774.0,1432.0,932.0,Basic,Relationship manager follow-up
135914,0.0005,0,0,0.1609,Low,0.0001,3.0,1.0,1.0,Basic,Standard retention nurture
135915,0.0001,0,0,0.3441,Low,0.0,1.0,0.0,0.0,Standard,Standard retention nurture
135916,0.0,0,0,0.3401,Low,0.0,0.0,0.0,0.0,Standard,Standard retention nurture
135917,0.0,0,0,0.2221,Low,0.0,0.0,0.0,0.0,Basic,Standard retention nurture
135918,0.0005,0,0,0.4908,Low,0.0002,5.0,2.0,2.0,Standard,Standard retention nurture
135919,0.0,0,0,0.3824,Low,0.0,0.0,0.0,0.0,Standard,Standard retention nurture
135920,0.0,0,0,0.3705,Low,0.0,0.0,0.0,0.0,Standard,Standard retention nurture
135921,0.0,0,0,0.4162,Low,0.0,0.0,0.0,0.0,Standard,Standard retention nurture
135922,0.0,0,0,0.1992,Low,0.0,0.0,0.0,0.0,Basic,Standard retention nurture
135923,0.0,0,0,0.2988,Low,0.0,0.0,0.0,0.0,Standard,Standard retention nurture
135924,0.5926,1,0,0.208,High,0.1233,3839.0,1152.0,652.0,Basic,Relationship manager follow-up
135925,0.0,0,0,0.7509,Low,0.0,0.0,0.0,0.0,Elite,Standard retention nurture
135926,0.0,0,0,0.5318,Low,0.0,0.0,0.0,0.0,Premium,Standard retention nurture
135927,0.0005,0,0,0.275,Low,0.0001,3.0,1.0,1.0,Standard,Standard retention nurture
135928,0.0,0,0,0.6582,Low,0.0,0.0,0.0,0.0,Premium,Standard retention nurture
135929,0.0,0,0,0.1923,Low,0.0,0.0,0.0,0.0,Basic,Standard retention nurture
135930,1.0,1,1,0.1891,Critical,0.1891,3937.0,1181.0,681.0,Basic,Relationship manager follow-up
135931,0.9983,1,1,0.1367,Critical,0.1365,3025.0,908.0,408.0,Basic,Relationship manager follow-up
135932,0.0001,0,0,0.825,Low,0.0001,4.0,1.0,1.0,Elite,Standard retention nurture
135933,0.0,0,0,0.3761,Low,0.0,0.0,0.0,0.0,Standard,Standard retention nurture
135934,0.0,0,0,0.3456,Low,0.0,0.0,0.0,0.0,Standard,Standard retention nurture
135935,0.0001,0,0,0.3213,Low,0.0,2.0,1.0,1.0,Standard,Standard retention nurture
135936,0.0,0,0,0.5847,Low,0.0,0.0,0.0,0.0,Premium,Standard retention nurture
135937,0.0,0,0,0.6105,Low,0.0,0.0,0.0,0.0,Premium,Standard retention nurture
135938,0.0088,0,0,0.2525,Low,0.0022,82.0,25.0,25.0,Standard,Standard retention nurture
135939,0.0002,0,0,0.1569,Low,0.0,1.0,0.0,0.0,Basic,Standard retention nurture
135940,0.0,0,0,0.3122,Low,0.0,0.0,0.0,0.0,Standard,Standard retention nurture
135941,0.0,0,0,0.3098,Low,0.0,0.0,0.0,0.0,Standard,Standard retention nurture
135942,0.0028,0,0,0.1204,Low,0.0003,8.0,2.0,2.0,Basic,Standard retention nurture
135943,0.9898,1,1,0.3729,Critical,0.3691,10339.0,3102.0,2602.0,Standard,Relationship manager follow-up
135944,0.0001,0,0,0.6225,Low,0.0001,3.0,1.0,1.0,Premium,Standard retention nurture
135945,0.0,0,0,0.2378,Low,0.0,0.0,0.0,0.0,Basic,Standard retention nurture
135946,0.0,0,0,0.5785,Low,0.0,0.0,0.0,0.0,Premium,Standard retention nurture
135947,0.0,0,0,0.1832,Low,0.0,0.0,0.0,0.0,Basic,Standard retention nurture
135948,0.0,0,0,0.3372,Low,0.0,0.0,0.0,0.0,Standard,Standard retention nurture
135949,0.0,0,0,0.4182,Low,0.0,0.0,0.0,0.0,Standard,Standard retention nurture
135950,0.0,0,0,0.3202,Low,0.0,0.0,0.0,0.0,Standard,Standard retention nurture
135951,0.0,0,0,0.2886,Low,0.0,0.0,0.0,0.0,Standard,Standard retention nurture
135952,0.0001,0,0,0.1864,Low,0.0,0.0,0.0,0.0,Basic,Standard retention nurture
135953,0.0048,0,0,0.5568,Low,0.0027,118.0,35.0,35.0,Premium,Standard retention nurture
135954,1.0,1,1,0.2998,Critical,0.2998,10101.0,3030.0,2530.0,Standard,Relationship manager follow-up
135955,1.0,1,1,0.3391,Critical,0.3391,8379.0,2514.0,2014.0,Standard,Relationship manager follow-up
135956,0.0,0,0,0.8418,Low,0.0,0.0,0.0,0.0,Elite,Standard retention nurture
135957,0.0,0,0,0.3073,Low,0.0,0.0,0.0,0.0,Standard,Standard retention nurture
135958,0.0,0,0,0.5538,Low,0.0,0.0,0.0,0.0,Premium,Standard retention nurture
135959,0.0,0,0,0.3851,Low,0.0,0.0,0.0,0.0,Standard,Standard retention nurture
135960,0.0002,0,0,0.3926,Low,0.0001,3.0,1.0,1.0,Standard,Standard retention nurture
135961,0.0,0,0,0.198,Low,0.0,0.0,0.0,0.0,Basic,Standard retention nurture
135962,0.9998,1,1,0.1647,Critical,0.1647,4408.0,1322.0,822.0,Basic,Relationship manager follow-up
135963,0.0,0,0,0.3749,Low,0.0,0.0,0.0,0.0,Standard,Standard retention nurture
135964,0.0,0,0,0.8153,Low,0.0,0.0,0.0,0.0,Elite,Standard retention nurture
135965,0.0,0,0,0.2662,Low,0.0,0.0,0.0,0.0,Standard,Standard retention nurture
135966,0.0,0,0,0.2992,Low,0.0,0.0,0.0,0.0,Standard,Standard retention nurture
135967,0.0,0,0,0.1937,Low,0.0,0.0,0.0,0.0,Basic,Standard retention nurture
135968,0.0,0,0,0.4934,Low,0.0,0.0,0.0,0.0,Standard,Standard retention nurture
135969,0.9998,1,1,0.2226,Critical,0.2226,6264.0,1879.0,1379.0,Basic,Relationship manager follow-up
135970,0.0014,0,0,0.827,Low,0.0012,51.0,15.0,15.0,Elite,Standard retention nurture
135971,0.5551,1,0,0.2402,High,0.1333,1838.0,551.0,51.0,Basic,Relationship manager follow-up
135972,0.0013,0,0,0.5921,Low,0.0008,33.0,10.0,10.0,Premium,Standard retention nurture
135973,0.9994,1,1,0.1332,Critical,0.1331,802.0,241.0,-259.0,Basic,Relationship manager follow-up
135974,0.0,0,0,0.1073,Low,0.0,0.0,0.0,0.0,Basic,Standard retention nurture
135975,0.0,0,0,0.1481,Low,0.0,0.0,0.0,0.0,Basic,Standard retention nurture
135976,0.9655,1,1,0.3967,Critical,0.383,11823.0,3547.0,3047.0,Standard,Relationship manager follow-up
135977,0.0,0,0,0.4477,Low,0.0,0.0,0.0,0.0,Standard,Standard retention nurture
135978,0.0004,0,0,0.2527,Low,0.0001,4.0,1.0,1.0,Standard,Standard retention nurture
135979,0.0001,0,0,0.3595,Low,0.0,1.0,0.0,0.0,Standard,Standard retention nurture
135980,0.9996,1,1,0.1865,Critical,0.1864,6684.0,2005.0,1505.0,Basic,Relationship manager follow-up
135981,1.0,1,1,0.1484,Critical,0.1484,3359.0,1008.0,508.0,Basic,Relationship manager follow-up
135982,0.0005,0,0,0.3,Low,0.0001,6.0,2.0,2.0,Standard,Standard retention nurture
135983,0.0,0,0,0.5432,Low,0.0,0.0,0.0,0.0,Premium,Standard retention nurture
135984,0.0002,0,0,0.4245,Low,0.0001,3.0,1.0,1.0,Standard,Standard retention nurture
135985,0.0001,0,0,0.8139,Low,0.0001,4.0,1.0,1.0,Elite,Standard retention nurture
135986,0.0,0,0,0.3411,Low,0.0,0.0,0.0,0.0,Standard,Standard retention nurture
135987,0.9997,1,1,0.146,Critical,0.146,3516.0,1055.0,555.0,Basic,Relationship manager follow-up
135988,0.0,0,0,0.7246,Low,0.0,0.0,0.0,0.0,Premium,Standard retention nurture
135989,0.0,0,0,0.3015,Low,0.0,0.0,0.0,0.0,Standard,Standard retention nurture
135990,0.9984,1,1,0.2706,Critical,0.2702,7773.0,2332.0,1832.0,Standard,Relationship manager follow-up
135991,0.0,0,0,0.3031,Low,0.0,0.0,0.0,0.0,Standard,Standard retention nurture
135992,0.0003,0,0,0.6736,Low,0.0002,10.0,3.0,3.0,Premium,Standard retention nurture
135993,0.0,0,0,0.1699,Low,0.0,0.0,0.0,0.0,Basic,Standard retention nurture
135994,0.0,0,0,0.246,Low,0.0,0.0,0.0,0.0,Basic,Standard retention nurture
135995,0.9999,1,1,0.2539,Critical,0.2539,9300.0,2790.0,2290.0,Standard,Relationship manager follow-up
135996,0.062,0,0,0.6911,Low,0.0428,2270.0,681.0,681.0,Premium,Standard retention nurture
135997,0.0005,0,0,0.8295,Low,0.0004,18.0,5.0,5.0,Elite,Standard retention nurture
135998,0.0,0,0,0.3843,Low,0.0,0.0,0.0,0.0,Standard,Standard retention nurture
135999,0.0,0,0,0.3107,Low,0.0,0.0,0.0,0.0,Standard,Standard retention nurture
136000,0.0001,0,0,0.4321,Low,0.0,2.0,1.0,1.0,Standard,Standard retention nurture
136001,0.9998,1,1,0.1854,Critical,0.1854,5095.0,1528.0,1028.0,Basic,Relationship manager follow-up
136002,0.0001,0,0,0.6737,Low,0.0001,3.0,1.0,1.0,Premium,Standard retention nurture
136003,0.0,0,0,0.2321,Low,0.0,0.0,0.0,0.0,Basic,Standard retention nurture
136004,0.0,0,0,0.4049,Low,0.0,0.0,0.0,0.0,Standard,Standard retention nurture
136005,0.0001,0,0,0.4056,Low,0.0,2.0,1.0,1.0,Standard,Standard retention nurture
136006,0.0,0,0,0.7041,Low,0.0,0.0,0.0,0.0,Premium,Standard retention nurture
136007,0.0,0,0,0.2853,Low,0.0,0.0,0.0,0.0,Standard,Standard retention nurture
136008,0.0,0,0,0.466,Low,0.0,0.0,0.0,0.0,Standard,Standard retention nurture
136009,0.0003,0,0,0.1837,Low,0.0001,2.0,1.0,1.0,Basic,Standard retention nurture
136010,0.9997,1,1,0.1526,Critical,0.1526,2686.0,806.0,306.0,Basic,Relationship manager follow-up
136011,0.0002,0,0,0.4785,Low,0.0001,2.0,1.0,1.0,Standard,Standard retention nurture
136012,0.0,0,0,0.4319,Low,0.0,0.0,0.0,0.0,Standard,Standard retention nurture
136013,0.0,0,0,0.5006,Low,0.0,0.0,0.0,0.0,Premium,Standard retention nurture
136014,0.0,0,0,0.5455,Low,0.0,0.0,0.0,0.0,Premium,Standard retention nurture
136015,0.0,0,0,0.962,Low,0.0,0.0,0.0,0.0,Elite,Standard retention nurture
136016,0.0002,0,0,0.2662,Low,0.0001,2.0,1.0,1.0,Standard,Standard retention nurture
136017,0.0,0,0,0.3919,Low,0.0,0.0,0.0,0.0,Standard,Standard retention nurture
136018,0.0,0,0,0.4824,Low,0.0,0.0,0.0,0.0,Standard,Standard retention nurture
136019,0.0,0,0,0.4911,Low,0.0,0.0,0.0,0.0,Standard,Standard retention nurture
136020,0.3633,1,0,0.2121,Medium,0.0771,1543.0,463.0,-37.0,Basic,Relationship manager follow-up
136021,0.0003,0,0,0.7876,Low,0.0002,8.0,2.0,2.0,Elite,Standard retention nurture
136022,0.0072,0,0,0.0939,Low,0.0007,44.0,13.0,13.0,Basic,Standard retention nurture
136023,0.0,0,0,0.3218,Low,0.0,0.0,0.0,0.0,Standard,Standard retention nurture
136024,0.0,0,0,0.2624,Low,0.0,0.0,0.0,0.0,Standard,Standard retention nurture
136025,0.0001,0,0,0.3418,Low,0.0,1.0,0.0,0.0,Standard,Standard retention nurture
136026,0.0406,0,0,0.5072,Low,0.0206,1083.0,325.0,325.0,Premium,Standard retention nurture
136027,0.0501,0,0,0.5019,Low,0.0251,1067.0,320.0,320.0,Premium,Standard retention nurture
136028,0.0,0,0,0.5783,Low,0.0,0.0,0.0,0.0,Premium,Standard retention nurture
136029,0.9976,1,1,0.3028,Critical,0.3021,10937.0,3281.0,2781.0,Standard,Relationship manager follow-up
136030,0.9996,1,1,0.1549,Critical,0.1548,3187.0,956.0,456.0,Basic,Relationship manager follow-up
136031,0.0035,0,0,0.6608,Low,0.0023,98.0,29.0,29.0,Premium,Standard retention nurture
136032,0.0,0,0,0.3851,Low,0.0,0.0,0.0,0.0,Standard,Standard retention nurture
136033,0.0,0,0,0.4572,Low,0.0,0.0,0.0,0.0,Standard,Standard retention nurture
136034,0.9985,1,1,0.1724,Critical,0.1721,3227.0,968.0,468.0,Basic,Relationship manager follow-up
136035,0.0039,0,0,0.2468,Low,0.001,35.0,10.0,10.0,Basic,Standard retention nurture
136036,0.9695,1,1,0.2335,Critical,0.2264,9401.0,2820.0,2320.0,Basic,Relationship manager follow-up
136037,0.0,0,0,0.4541,Low,0.0,0.0,0.0,0.0,Standard,Standard retention nurture
136038,0.0,0,0,0.2013,Low,0.0,0.0,0.0,0.0,Basic,Standard retention nurture
136039,0.0,0,0,0.3896,Low,0.0,0.0,0.0,0.0,Standard,Standard retention nurture
136040,0.0022,0,0,0.2796,Low,0.0006,27.0,8.0,8.0,Standard,Standard retention nurture
136041,0.9979,1,1,0.368,Critical,0.3672,7982.0,2395.0,1895.0,Standard,Relationship manager follow-up
136042,0.0,0,0,0.2246,Low,0.0,0.0,0.0,0.0,Basic,Standard retention nurture
136043,0.0,0,0,0.357,Low,0.0,0.0,0.0,0.0,Standard,Standard retention nurture
136044,0.0,0,0,0.5298,Low,0.0,0.0,0.0,0.0,Premium,Standard retention nurture
136045,0.9996,1,1,0.2212,Critical,0.2211,4913.0,1474.0,974.0,Basic,Relationship manager follow-up
136046,0.9993,1,1,0.3689,Critical,0.3686,18759.0,5628.0,5128.0,Standard,Relationship manager follow-up
136047,0.0,0,0,0.3149,Low,0.0,0.0,0.0,0.0,Standard,Standard retention nurture
136048,0.0,0,0,0.4421,Low,0.0,0.0,0.0,0.0,Standard,Standard retention nurture
136049,0.0001,0,0,0.3196,Low,0.0,1.0,0.0,0.0,Standard,Standard retention nurture
136050,0.0,0,0,0.574,Low,0.0,0.0,0.0,0.0,Premium,Standard retention nurture
136051,0.0,0,0,0.5639,Low,0.0,0.0,0.0,0.0,Premium,Standard retention nurture
136052,0.0009,0,0,0.337,Low,0.0003,16.0,5.0,5.0,Standard,Standard retention nurture
136053,0.0,0,0,0.2205,Low,0.0,0.0,0.0,0.0,Basic,Standard retention nurture
136054,0.0,0,0,0.2348,Low,0.0,0.0,0.0,0.0,Basic,Standard retention nurture
136055,0.9986,1,1,0.0954,Critical,0.0953,2067.0,620.0,120.0,Basic,Relationship manager follow-up
136056,0.0001,0,0,0.6926,Low,0.0001,4.0,1.0,1.0,Premium,Standard retention nurture
136057,0.0,0,0,0.3258,Low,0.0,0.0,0.0,0.0,Standard,Standard retention nurture
136058,0.0068,0,0,0.2188,Low,0.0015,52.0,16.0,16.0,Basic,Standard retention nurture
136059,0.0,0,0,0.3795,Low,0.0,0.0,0.0,0.0,Standard,Standard retention nurture
136060,0.0001,0,0,0.8067,Low,0.0001,3.0,1.0,1.0,Elite,Standard retention nurture
136061,0.0001,0,0,0.1655,Low,0.0,1.0,0.0,0.0,Basic,Standard retention nurture
136062,0.0,0,0,0.1933,Low,0.0,0.0,0.0,0.0,Basic,Standard retention nurture
136063,0.0,0,0,0.2578,Low,0.0,0.0,0.0,0.0,Standard,Standard retention nurture
136064,0.9999,1,1,0.1565,Critical,0.1565,2413.0,724.0,224.0,Basic,Relationship manager follow-up
136065,0.0,0,0,0.2944,Low,0.0,0.0,0.0,0.0,Standard,Standard retention nurture
136066,0.0,0,0,0.5283,Low,0.0,0.0,0.0,0.0,Premium,Standard retention nurture
136067,0.0001,0,0,0.3943,Low,0.0,1.0,0.0,0.0,Standard,Standard retention nurture
136068,0.0,0,0,0.8174,Low,0.0,0.0,0.0,0.0,Elite,Standard retention nurture
136069,0.0002,0,0,0.3771,Low,0.0001,3.0,1.0,1.0,Standard,Standard retention nurture
136070,0.0,0,0,0.2235,Low,0.0,0.0,0.0,0.0,Basic,Standard retention nurture
136071,0.0,0,0,0.8106,Low,0.0,0.0,0.0,0.0,Elite,Standard retention nurture
136072,0.0,0,0,0.2282,Low,0.0,0.0,0.0,0.0,Basic,Standard retention nurture
136073,0.0,0,0,0.2716,Low,0.0,0.0,0.0,0.0,Standard,Standard retention nurture
136074,1.0,1,1,0.1328,Critical,0.1328,3971.0,1191.0,691.0,Basic,Relationship manager follow-up
136075,0.0006,0,0,0.184,Low,0.0001,3.0,1.0,1.0,Basic,Standard retention nurture
136076,0.0136,0,0,0.6399,Low,0.0087,244.0,73.0,73.0,Premium,Standard retention nurture
136077,0.0001,0,0,0.2259,Low,0.0,1.0,0.0,0.0,Basic,Standard retention nurture
136078,0.0,0,0,0.3383,Low,0.0,0.0,0.0,0.0,Standard,Standard retention nurture
136079,0.0,0,0,0.2653,Low,0.0,0.0,0.0,0.0,Standard,Standard retention nurture
136080,0.0007,0,0,0.246,Low,0.0002,5.0,2.0,2.0,Basic,Standard retention nurture
136081,0.0,0,0,0.6117,Low,0.0,0.0,0.0,0.0,Premium,Standard retention nurture
136082,0.0,0,0,0.4789,Low,0.0,0.0,0.0,0.0,Standard,Standard retention nurture
136083,0.0001,0,0,0.8165,Low,0.0001,3.0,1.0,1.0,Elite,Standard retention nurture
136084,0.0,0,0,0.2403,Low,0.0,0.0,0.0,0.0,Basic,Standard retention nurture
136085,0.0,0,0,0.8207,Low,0.0,0.0,0.0,0.0,Elite,Standard retention nurture
136086,0.0,0,0,0.3134,Low,0.0,0.0,0.0,0.0,Standard,Standard retention nurture
136087,0.0,0,0,0.3497,Low,0.0,0.0,0.0,0.0,Standard,Standard retention nurture
136088,0.0007,0,0,0.2543,Low,0.0002,4.0,1.0,1.0,Standard,Standard retention nurture
136089,0.0,0,0,0.2037,Low,0.0,0.0,0.0,0.0,Basic,Standard retention nurture
136090,0.9996,1,1,0.1355,Critical,0.1354,4197.0,1259.0,759.0,Basic,Relationship manager follow-up
136091,0.0356,0,0,0.4395,Low,0.0156,699.0,210.0,210.0,Standard,Standard retention nurture
136092,0.0006,0,0,0.3702,Low,0.0002,7.0,2.0,2.0,Standard,Standard retention nurture
136093,0.0,0,0,0.2249,Low,0.0,0.0,0.0,0.0,Basic,Standard retention nurture
136094,0.9998,1,1,0.1769,Critical,0.1769,5910.0,1773.0,1273.0,Basic,Relationship manager follow-up
136095,0.0,0,0,0.2695,Low,0.0,0.0,0.0,0.0,Standard,Standard retention nurture
136096,0.001,0,0,0.754,Low,0.0008,28.0,8.0,8.0,Elite,Standard retention nurture
136097,0.0,0,0,0.3828,Low,0.0,0.0,0.0,0.0,Standard,Standard retention nurture
136098,0.0,0,0,0.2704,Low,0.0,0.0,0.0,0.0,Standard,Standard retention nurture
136099,0.0,0,0,0.3786,Low,0.0,0.0,0.0,0.0,Standard,Standard retention nurture
136100,0.0,0,0,0.4209,Low,0.0,0.0,0.0,0.0,Standard,Standard retention nurture
136101,0.9938,1,1,0.2277,Critical,0.2263,4032.0,1210.0,710.0,Basic,Relationship manager follow-up
136102,0.0,0,0,0.534,Low,0.0,0.0,0.0,0.0,Premium,Standard retention nurture
136103,0.0,0,0,0.4178,Low,0.0,0.0,0.0,0.0,Standard,Standard retention nurture
136104,0.0173,0,0,0.2286,Low,0.004,169.0,51.0,51.0,Basic,Standard retention nurture
136105,0.9942,1,1,0.2769,Critical,0.2753,3789.0,1137.0,637.0,Standard,Relationship manager follow-up
136106,0.0,0,0,0.2827,Low,0.0,0.0,0.0,0.0,Standard,Standard retention nurture
136107,0.0,0,0,0.4607,Low,0.0,0.0,0.0,0.0,Standard,Standard retention nurture
136108,0.0,0,0,0.2783,Low,0.0,0.0,0.0,0.0,Standard,Standard retention nurture
136109,0.0,0,0,0.1765,Low,0.0,0.0,0.0,0.0,Basic,Standard retention nurture
136110,0.0815,0,0,0.5873,Low,0.0479,1496.0,449.0,449.0,Premium,Standard retention nurture
136111,0.0001,0,0,0.1525,Low,0.0,1.0,0.0,0.0,Basic,Standard retention nurture
136112,0.9823,1,1,0.1175,Critical,0.1154,4132.0,1240.0,740.0,Basic,Relationship manager follow-up
136113,0.0001,0,0,0.4598,Low,0.0,2.0,1.0,1.0,Standard,Standard retention nurture
136114,0.9952,1,1,0.2618,Critical,0.2605,7497.0,2249.0,1749.0,Standard,Relationship manager follow-up
136115,0.0483,0,0,0.1449,Low,0.007,134.0,40.0,40.0,Basic,Standard retention nurture
136116,0.0,0,0,0.5176,Low,0.0,0.0,0.0,0.0,Premium,Standard retention nurture
136117,0.0,0,0,0.3399,Low,0.0,0.0,0.0,0.0,Standard,Standard retention nurture
136118,0.0,0,0,0.7637,Low,0.0,0.0,0.0,0.0,Elite,Standard retention nurture
136119,0.0,0,0,0.2073,Low,0.0,0.0,0.0,0.0,Basic,Standard retention nurture
136120,0.0,0,0,0.2548,Low,0.0,0.0,0.0,0.0,Standard,Standard retention nurture
136121,1.0,1,1,0.2192,Critical,0.2192,11167.0,3350.0,2850.0,Basic,Relationship manager follow-up
136122,0.0,0,0,0.219,Low,0.0,0.0,0.0,0.0,Basic,Standard retention nurture
136123,0.0,0,0,0.3953,Low,0.0,0.0,0.0,0.0,Standard,Standard retention nurture
136124,0.0004,0,0,0.5038,Low,0.0002,8.0,2.0,2.0,Premium,Standard retention nurture
136125,0.0,0,0,0.4857,Low,0.0,0.0,0.0,0.0,Standard,Standard retention nurture
136126,0.0,0,0,0.1435,Low,0.0,0.0,0.0,0.0,Basic,Standard retention nurture
136127,0.0,0,0,0.4345,Low,0.0,0.0,0.0,0.0,Standard,Standard retention nurture
136128,0.0455,0,0,0.3232,Low,0.0147,506.0,152.0,152.0,Standard,Standard retention nurture
136129,0.0001,0,0,0.5192,Low,0.0001,1.0,0.0,0.0,Premium,Standard retention nurture
136130,0.0,0,0,0.3428,Low,0.0,0.0,0.0,0.0,Standard,Standard retention nurture
136131,0.0,0,0,0.5516,Low,0.0,0.0,0.0,0.0,Premium,Standard retention nurture
136132,0.0,0,0,0.5104,Low,0.0,0.0,0.0,0.0,Premium,Standard retention nurture
136133,0.0,0,0,0.4272,Low,0.0,0.0,0.0,0.0,Standard,Standard retention nurture
136134,0.0,0,0,0.4716,Low,0.0,0.0,0.0,0.0,Standard,Standard retention nurture
136135,0.0,0,0,0.554,Low,0.0,0.0,0.0,0.0,Premium,Standard retention nurture
136136,0.0,0,0,0.6001,Low,0.0,0.0,0.0,0.0,Premium,Standard retention nurture
136137,0.0001,0,0,0.1371,Low,0.0,1.0,0.0,0.0,Basic,Standard retention nurture
136138,0.0,0,0,0.3787,Low,0.0,0.0,0.0,0.0,Standard,Standard retention nurture
136139,0.0001,0,0,0.1729,Low,0.0,1.0,0.0,0.0,Basic,Standard retention nurture
136140,0.0,0,0,0.31,Low,0.0,0.0,0.0,0.0,Standard,Standard retention nurture
136141,0.0,0,0,0.2159,Low,0.0,0.0,0.0,0.0,Basic,Standard retention nurture
136142,0.0,0,0,0.5489,Low,0.0,0.0,0.0,0.0,Premium,Standard retention nurture
136143,0.0001,0,0,0.7085,Low,0.0001,3.0,1.0,1.0,Premium,Standard retention nurture
136144,0.0,0,0,0.2821,Low,0.0,0.0,0.0,0.0,Standard,Standard retention nurture
136145,0.0,0,0,0.2762,Low,0.0,0.0,0.0,0.0,Standard,Standard retention nurture
136146,0.0,0,0,0.2803,Low,0.0,0.0,0.0,0.0,Standard,Standard retention nurture
136147,0.9933,1,1,0.1197,Critical,0.1189,4282.0,1285.0,785.0,Basic,Relationship manager follow-up
136148,0.0,0,0,0.3609,Low,0.0,0.0,0.0,0.0,Standard,Standard retention nurture
136149,0.0,0,0,0.4572,Low,0.0,0.0,0.0,0.0,Standard,Standard retention nurture
136150,0.0,0,0,0.3463,Low,0.0,0.0,0.0,0.0,Standard,Standard retention nurture
136151,0.0,0,0,0.2348,Low,0.0,0.0,0.0,0.0,Basic,Standard retention nurture
136152,0.8195,1,0,0.122,Critical,0.1,2891.0,867.0,367.0,Basic,Relationship manager follow-up
136153,0.0,0,0,0.6249,Low,0.0,0.0,0.0,0.0,Premium,Standard retention nurture
136154,0.0,0,0,0.2973,Low,0.0,0.0,0.0,0.0,Standard,Standard retention nurture
136155,0.0,0,0,0.2637,Low,0.0,0.0,0.0,0.0,Standard,Standard retention nurture
136156,0.0001,0,0,0.4071,Low,0.0,2.0,1.0,1.0,Standard,Standard retention nurture
136157,0.0,0,0,0.3765,Low,0.0,0.0,0.0,0.0,Standard,Standard retention nurture
136158,0.0,0,0,0.258,Low,0.0,0.0,0.0,0.0,Standard,Standard retention nurture
136159,0.0,0,0,0.3894,Low,0.0,0.0,0.0,0.0,Standard,Standard retention nurture
136160,0.0024,0,0,0.2653,Low,0.0006,13.0,4.0,4.0,Standard,Standard retention nurture
136161,1.0,1,1,0.1232,Critical,0.1232,1819.0,546.0,46.0,Basic,Relationship manager follow-up
136162,0.0,0,0,0.1998,Low,0.0,0.0,0.0,0.0,Basic,Standard retention nurture
136163,0.9782,1,1,0.1507,Critical,0.1474,3047.0,914.0,414.0,Basic,Relationship manager follow-up
136164,0.0,0,0,0.5054,Low,0.0,0.0,0.0,0.0,Premium,Standard retention nurture
136165,0.0,0,0,0.5277,Low,0.0,0.0,0.0,0.0,Premium,Standard retention nurture
136166,0.0,0,0,0.218,Low,0.0,0.0,0.0,0.0,Basic,Standard retention nurture
136167,0.0,0,0,0.2563,Low,0.0,0.0,0.0,0.0,Standard,Standard retention nurture
136168,0.0001,0,0,0.6204,Low,0.0001,3.0,1.0,1.0,Premium,Standard retention nurture
136169,0.0,0,0,0.4775,Low,0.0,0.0,0.0,0.0,Standard,Standard retention nurture
136170,0.0003,0,0,0.2487,Low,0.0001,3.0,1.0,1.0,Basic,Standard retention nurture
136171,0.0,0,0,0.4036,Low,0.0,0.0,0.0,0.0,Standard,Standard retention nurture
136172,0.0,0,0,0.2309,Low,0.0,0.0,0.0,0.0,Basic,Standard retention nurture
136173,1.0,1,1,0.3575,Critical,0.3575,11554.0,3466.0,2966.0,Standard,Relationship manager follow-up
136174,0.9967,1,1,0.469,Critical,0.4675,14135.0,4240.0,3740.0,Standard,Relationship manager follow-up
136175,0.9942,1,1,0.1759,Critical,0.1749,2582.0,775.0,275.0,Basic,Relationship manager follow-up
136176,0.0,0,0,0.5045,Low,0.0,0.0,0.0,0.0,Premium,Standard retention nurture
136177,0.9999,1,1,0.155,Critical,0.155,2915.0,874.0,374.0,Basic,Relationship manager follow-up
136178,0.0,0,0,0.4874,Low,0.0,0.0,0.0,0.0,Standard,Standard retention nurture
136179,0.0837,0,0,0.164,Low,0.0137,482.0,145.0,145.0,Basic,Standard retention nurture
136180,0.0001,0,0,0.5854,Low,0.0001,3.0,1.0,1.0,Premium,Standard retention nurture
136181,0.9949,1,1,0.0978,Critical,0.0973,4235.0,1270.0,770.0,Basic,Relationship manager follow-up
136182,0.9997,1,1,0.2921,Critical,0.292,8132.0,2440.0,1940.0,Standard,Relationship manager follow-up
136183,0.0008,0,0,0.4669,Low,0.0004,15.0,4.0,4.0,Standard,Standard retention nurture
136184,0.9835,1,1,0.5251,Critical,0.5164,18008.0,5402.0,4902.0,Premium,Relationship manager follow-up
136185,0.0006,0,0,0.5077,Low,0.0003,13.0,4.0,4.0,Premium,Standard retention nurture
136186,1.0,1,1,0.1646,Critical,0.1646,3893.0,1168.0,668.0,Basic,Relationship manager follow-up
136187,0.9977,1,1,0.5287,Critical,0.5275,16413.0,4924.0,4424.0,Premium,Relationship manager follow-up
136188,0.0,0,0,0.3974,Low,0.0,0.0,0.0,0.0,Standard,Standard retention nurture
136189,0.0009,0,0,0.4252,Low,0.0004,15.0,4.0,4.0,Standard,Standard retention nurture
136190,0.0,0,0,0.2537,Low,0.0,0.0,0.0,0.0,Standard,Standard retention nurture
136191,0.0,0,0,0.2224,Low,0.0,0.0,0.0,0.0,Basic,Standard retention nurture
136192,0.0,0,0,0.3959,Low,0.0,0.0,0.0,0.0,Standard,Standard retention nurture
136193,0.0001,0,0,0.4483,Low,0.0,1.0,0.0,0.0,Standard,Standard retention nurture
136194,0.0,0,0,0.3642,Low,0.0,0.0,0.0,0.0,Standard,Standard retention nurture
136195,0.0,0,0,0.3257,Low,0.0,0.0,0.0,0.0,Standard,Standard retention nurture
136196,0.0,0,0,0.3787,Low,0.0,0.0,0.0,0.0,Standard,Standard retention nurture
136197,0.0,0,0,0.4323,Low,0.0,0.0,0.0,0.0,Standard,Standard retention nurture
136198,0.0043,0,0,0.2493,Low,0.0011,44.0,13.0,13.0,Basic,Standard retention nurture
136199,0.0,0,0,0.2622,Low,0.0,0.0,0.0,0.0,Standard,Standard retention nurture
136200,0.9999,1,1,0.0406,Critical,0.0406,3441.0,1032.0,532.0,Basic,Relationship manager follow-up
136201,0.0,0,0,0.3163,Low,0.0,0.0,0.0,0.0,Standard,Standard retention nurture
136202,0.0,0,0,0.6902,Low,0.0,0.0,0.0,0.0,Premium,Standard retention nurture
136203,0.0,0,0,0.6059,Low,0.0,0.0,0.0,0.0,Premium,Standard retention nurture
136204,0.0,0,0,0.4949,Low,0.0,0.0,0.0,0.0,Standard,Standard retention nurture
136205,0.0,0,0,0.1895,Low,0.0,0.0,0.0,0.0,Basic,Standard retention nurture
136206,0.0,0,0,0.2694,Low,0.0,0.0,0.0,0.0,Standard,Standard retention nurture
136207,0.0,0,0,0.4378,Low,0.0,0.0,0.0,0.0,Standard,Standard retention nurture
136208,0.0,0,0,0.4324,Low,0.0,0.0,0.0,0.0,Standard,Standard retention nurture
136209,1.0,1,1,0.0538,Critical,0.0538,2402.0,721.0,221.0,Basic,Relationship manager follow-up
136210,0.9999,1,1,0.2146,Critical,0.2146,7504.0,2251.0,1751.0,Basic,Relationship manager follow-up
136211,0.0001,0,0,0.4001,Low,0.0,1.0,0.0,0.0,Standard,Standard retention nurture
136212,0.0003,0,0,0.2773,Low,0.0001,3.0,1.0,1.0,Standard,Standard retention nurture
136213,0.0001,0,0,0.425,Low,0.0,1.0,0.0,0.0,Standard,Standard retention nurture
136214,0.0,0,0,0.98,Low,0.0,0.0,0.0,0.0,Elite,Standard retention nurture
136215,0.0002,0,0,0.4358,Low,0.0001,2.0,1.0,1.0,Standard,Standard retention nurture
136216,0.0,0,0,0.7481,Low,0.0,0.0,0.0,0.0,Premium,Standard retention nurture
136217,0.9994,1,1,0.2194,Critical,0.2193,6009.0,1803.0,1303.0,Basic,Relationship manager follow-up
136218,0.9982,1,1,0.1452,Critical,0.1449,1722.0,517.0,17.0,Basic,Relationship manager follow-up
136219,0.0002,0,0,0.4703,Low,0.0001,4.0,1.0,1.0,Standard,Standard retention nurture
136220,1.0,1,1,0.0561,Critical,0.0561,3293.0,988.0,488.0,Basic,Relationship manager follow-up
136221,0.0,0,0,0.2416,Low,0.0,0.0,0.0,0.0,Basic,Standard retention nurture
136222,0.6686,1,1,0.1079,High,0.0721,1255.0,376.0,-124.0,Basic,Relationship manager follow-up
136223,0.0,0,0,0.4113,Low,0.0,0.0,0.0,0.0,Standard,Standard retention nurture
136224,0.0002,0,0,0.5517,Low,0.0001,5.0,2.0,2.0,Premium,Standard retention nurture
136225,0.0,0,0,0.5505,Low,0.0,0.0,0.0,0.0,Premium,Standard retention nurture
136226,0.0001,0,0,0.0972,Low,0.0,0.0,0.0,0.0,Basic,Standard retention nurture
136227,0.9999,1,1,0.1751,Critical,0.1751,2313.0,694.0,194.0,Basic,Relationship manager follow-up
136228,0.0,0,0,0.8765,Low,0.0,0.0,0.0,0.0,Elite,Standard retention nurture
136229,0.0,0,0,0.8031,Low,0.0,0.0,0.0,0.0,Elite,Standard retention nurture
136230,0.9999,1,1,0.2032,Critical,0.2032,10813.0,3244.0,2744.0,Basic,Relationship manager follow-up
136231,0.0,0,0,0.2286,Low,0.0,0.0,0.0,0.0,Basic,Standard retention nurture
136232,0.0,0,0,0.2381,Low,0.0,0.0,0.0,0.0,Basic,Standard retention nurture
136233,0.0001,0,0,0.1999,Low,0.0,1.0,0.0,0.0,Basic,Standard retention nurture
136234,0.0,0,0,0.4746,Low,0.0,0.0,0.0,0.0,Standard,Standard retention nurture
136235,0.9999,1,1,0.0907,Critical,0.0907,2742.0,823.0,323.0,Basic,Relationship manager follow-up
136236,0.0,0,0,0.9131,Low,0.0,0.0,0.0,0.0,Elite,Standard retention nurture
136237,0.999,1,1,0.1233,Critical,0.1232,1578.0,473.0,-27.0,Basic,Relationship manager follow-up
136238,0.0001,0,0,0.4209,Low,0.0,1.0,0.0,0.0,Standard,Standard retention nurture
136239,0.0,0,0,0.5867,Low,0.0,0.0,0.0,0.0,Premium,Standard retention nurture
136240,0.0,0,0,0.2371,Low,0.0,0.0,0.0,0.0,Basic,Standard retention nurture
136241,0.0022,0,0,0.1222,Low,0.0003,7.0,2.0,2.0,Basic,Standard retention nurture
136242,0.0,0,0,0.3658,Low,0.0,0.0,0.0,0.0,Standard,Standard retention nurture
136243,0.0,0,0,0.2914,Low,0.0,0.0,0.0,0.0,Standard,Standard retention nurture
136244,0.0004,0,0,0.5189,Low,0.0002,7.0,2.0,2.0,Premium,Standard retention nurture
136245,0.0358,0,0,0.0913,Low,0.0033,106.0,32.0,32.0,Basic,Standard retention nurture
136246,0.9999,1,1,0.4453,Critical,0.4453,20670.0,6201.0,5701.0,Standard,Relationship manager follow-up
136247,0.0012,0,0,0.2964,Low,0.0004,12.0,4.0,4.0,Standard,Standard retention nurture
136248,0.0001,0,0,0.6113,Low,0.0001,2.0,1.0,1.0,Premium,Standard retention nurture
136249,0.0003,0,0,0.312,Low,0.0001,3.0,1.0,1.0,Standard,Standard retention nurture
136250,0.0,0,0,0.1642,Low,0.0,0.0,0.0,0.0,Basic,Standard retention nurture
136251,0.0,0,0,0.6386,Low,0.0,0.0,0.0,0.0,Premium,Standard retention nurture
136252,0.0,0,0,0.3146,Low,0.0,0.0,0.0,0.0,Standard,Standard retention nurture
136253,0.0,0,0,0.7605,Low,0.0,0.0,0.0,0.0,Elite,Standard retention nurture
136254,0.0001,0,0,0.5095,Low,0.0001,2.0,1.0,1.0,Premium,Standard retention nurture
136255,0.0147,0,0,0.3776,Low,0.0056,244.0,73.0,73.0,Standard,Standard retention nurture
136256,0.0,0,0,0.3207,Low,0.0,0.0,0.0,0.0,Standard,Standard retention nurture
136257,0.0,0,0,0.186,Low,0.0,0.0,0.0,0.0,Basic,Standard retention nurture
136258,0.0,0,0,0.2418,Low,0.0,0.0,0.0,0.0,Basic,Standard retention nurture
136259,0.0002,0,0,0.2966,Low,0.0001,1.0,0.0,0.0,Standard,Standard retention nurture
136260,0.0039,0,0,0.3026,Low,0.0012,25.0,8.0,8.0,Standard,Standard retention nurture
136261,0.0051,0,0,0.2981,Low,0.0015,18.0,5.0,5.0,Standard,Standard retention nurture
136262,0.0007,0,0,0.2088,Low,0.0001,7.0,2.0,2.0,Basic,Standard retention nurture
136263,0.0,0,0,0.1886,Low,0.0,0.0,0.0,0.0,Basic,Standard retention nurture
136264,0.0005,0,0,0.222,Low,0.0001,4.0,1.0,1.0,Basic,Standard retention nurture
136265,0.0,0,0,0.4441,Low,0.0,0.0,0.0,0.0,Standard,Standard retention nurture
136266,0.0,0,0,0.2019,Low,0.0,0.0,0.0,0.0,Basic,Standard retention nurture
136267,0.0101,0,0,0.2359,Low,0.0024,62.0,19.0,19.0,Basic,Standard retention nurture
136268,0.0001,0,0,0.2534,Low,0.0,1.0,0.0,0.0,Standard,Standard retention nurture
136269,0.0,0,0,0.4206,Low,0.0,0.0,0.0,0.0,Standard,Standard retention nurture
136270,0.0,0,0,0.1461,Low,0.0,0.0,0.0,0.0,Basic,Standard retention nurture
136271,0.0,0,0,0.3669,Low,0.0,0.0,0.0,0.0,Standard,Standard retention nurture
136272,0.0,0,0,0.2771,Low,0.0,0.0,0.0,0.0,Standard,Standard retention nurture
136273,1.0,1,1,0.7409,Critical,0.7409,36620.0,10986.0,10486.0,Premium,Relationship manager follow-up
136274,0.0001,0,0,0.3026,Low,0.0,1.0,0.0,0.0,Standard,Standard retention nurture
136275,0.0023,0,0,0.3353,Low,0.0008,21.0,6.0,6.0,Standard,Standard retention nurture
136276,0.0336,0,0,0.4022,Low,0.0135,592.0,178.0,178.0,Standard,Standard retention nurture
136277,0.9999,1,1,0.1007,Critical,0.1007,1926.0,578.0,78.0,Basic,Relationship manager follow-up
136278,0.0,0,0,0.2771,Low,0.0,0.0,0.0,0.0,Standard,Standard retention nurture
136279,0.0008,0,0,0.1694,Low,0.0001,4.0,1.0,1.0,Basic,Standard retention nurture
136280,0.0001,0,0,0.2377,Low,0.0,0.0,0.0,0.0,Basic,Standard retention nurture
136281,0.0,0,0,0.4278,Low,0.0,0.0,0.0,0.0,Standard,Standard retention nurture
136282,0.0,0,0,0.3054,Low,0.0,0.0,0.0,0.0,Standard,Standard retention nurture
136283,0.0,0,0,0.5887,Low,0.0,0.0,0.0,0.0,Premium,Standard retention nurture
136284,0.0061,0,0,0.3586,Low,0.0022,50.0,15.0,15.0,Standard,Standard retention nurture
136285,0.0,0,0,0.2649,Low,0.0,0.0,0.0,0.0,Standard,Standard retention nurture
136286,0.0055,0,0,0.6987,Low,0.0038,174.0,52.0,52.0,Premium,Standard retention nurture
136287,0.0002,0,0,0.0999,Low,0.0,1.0,0.0,0.0,Basic,Standard retention nurture
136288,0.0,0,0,0.4848,Low,0.0,0.0,0.0,0.0,Standard,Standard retention nurture
136289,0.0,0,0,0.2905,Low,0.0,0.0,0.0,0.0,Standard,Standard retention nurture
136290,0.0075,0,0,0.1825,Low,0.0014,67.0,20.0,20.0,Basic,Standard retention nurture
136291,0.0,0,0,0.3402,Low,0.0,0.0,0.0,0.0,Standard,Standard retention nurture
136292,0.0002,0,0,0.6422,Low,0.0001,5.0,2.0,2.0,Premium,Standard retention nurture
136293,0.0,0,0,0.3356,Low,0.0,0.0,0.0,0.0,Standard,Standard retention nurture
136294,0.0002,0,0,0.2609,Low,0.0001,2.0,1.0,1.0,Standard,Standard retention nurture
136295,0.0,0,0,0.3,Low,0.0,0.0,0.0,0.0,Standard,Standard retention nurture
136296,0.0,0,0,0.3273,Low,0.0,0.0,0.0,0.0,Standard,Standard retention nurture
136297,0.0,0,0,0.4106,Low,0.0,0.0,0.0,0.0,Standard,Standard retention nurture
136298,0.0,0,0,0.5389,Low,0.0,0.0,0.0,0.0,Premium,Standard retention nurture
136299,0.9951,1,1,0.2174,Critical,0.2163,6609.0,1983.0,1483.0,Basic,Relationship manager follow-up
136300,0.0,0,0,0.9857,Low,0.0,0.0,0.0,0.0,Elite,Standard retention nurture
136301,0.0002,0,0,0.3944,Low,0.0001,2.0,1.0,1.0,Standard,Standard retention nurture
136302,0.0,0,0,0.1903,Low,0.0,0.0,0.0,0.0,Basic,Standard retention nurture
136303,0.9999,1,1,0.1288,Critical,0.1288,4388.0,1316.0,816.0,Basic,Relationship manager follow-up
136304,0.0,0,0,0.6558,Low,0.0,0.0,0.0,0.0,Premium,Standard retention nurture
136305,0.0,0,0,0.728,Low,0.0,0.0,0.0,0.0,Premium,Standard retention nurture
136306,0.0509,0,0,0.6038,Low,0.0307,1569.0,471.0,471.0,Premium,Standard retention nurture
136307,0.9859,1,1,0.3344,Critical,0.3297,8622.0,2587.0,2087.0,Standard,Relationship manager follow-up
136308,0.0,0,0,0.2362,Low,0.0,0.0,0.0,0.0,Basic,Standard retention nurture
136309,0.0,0,0,0.3013,Low,0.0,0.0,0.0,0.0,Standard,Standard retention nurture
136310,0.0091,0,0,0.6378,Low,0.0058,332.0,100.0,100.0,Premium,Standard retention nurture
136311,0.9707,1,1,0.3356,Critical,0.3258,7808.0,2342.0,1842.0,Standard,Relationship manager follow-up
136312,0.0,0,0,0.4475,Low,0.0,0.0,0.0,0.0,Standard,Standard retention nurture
136313,0.5415,1,0,0.3398,Medium,0.184,5491.0,1647.0,1147.0,Standard,Relationship manager follow-up
136314,0.255,1,0,0.6634,Low,0.1692,8787.0,2636.0,2136.0,Premium,Relationship manager follow-up
136315,0.0,0,0,0.2572,Low,0.0,0.0,0.0,0.0,Standard,Standard retention nurture
136316,0.9766,1,1,0.5085,Critical,0.4966,16951.0,5085.0,4585.0,Premium,Relationship manager follow-up
136317,0.9998,1,1,0.2087,Critical,0.2087,5227.0,1568.0,1068.0,Basic,Relationship manager follow-up
136318,0.0,0,0,0.3745,Low,0.0,0.0,0.0,0.0,Standard,Standard retention nurture
136319,0.0,0,0,0.174,Low,0.0,0.0,0.0,0.0,Basic,Standard retention nurture
136320,0.0004,0,0,0.6566,Low,0.0003,9.0,3.0,3.0,Premium,Standard retention nurture
136321,0.9971,1,1,0.1199,Critical,0.1196,1693.0,508.0,8.0,Basic,Relationship manager follow-up
136322,0.0026,0,0,0.2891,Low,0.0008,27.0,8.0,8.0,Standard,Standard retention nurture
136323,0.0,0,0,0.2968,Low,0.0,0.0,0.0,0.0,Standard,Standard retention nurture
136324,0.0,0,0,0.2293,Low,0.0,0.0,0.0,0.0,Basic,Standard retention nurture
136325,0.0054,0,0,0.6186,Low,0.0033,141.0,42.0,42.0,Premium,Standard retention nurture
136326,0.0001,0,0,0.4962,Low,0.0,2.0,1.0,1.0,Standard,Standard retention nurture
136327,0.0,0,0,0.2184,Low,0.0,0.0,0.0,0.0,Basic,Standard retention nurture
136328,0.9999,1,1,0.2822,Critical,0.2822,9952.0,2986.0,2486.0,Standard,Relationship manager follow-up
136329,0.0006,0,0,0.5701,Low,0.0003,15.0,4.0,4.0,Premium,Standard retention nurture
136330,0.0,0,0,0.3399,Low,0.0,0.0,0.0,0.0,Standard,Standard retention nurture
136331,0.0164,0,0,0.4379,Low,0.0072,136.0,41.0,41.0,Standard,Standard retention nurture
136332,0.0,0,0,0.7588,Low,0.0,0.0,0.0,0.0,Elite,Standard retention nurture
136333,0.9986,1,1,0.2833,Critical,0.2829,5996.0,1799.0,1299.0,Standard,Relationship manager follow-up
136334,0.0669,0,0,0.2381,Low,0.0159,705.0,212.0,212.0,Basic,Standard retention nurture
136335,0.0,0,0,0.5217,Low,0.0,0.0,0.0,0.0,Premium,Standard retention nurture
136336,0.0065,0,0,0.135,Low,0.0009,16.0,5.0,5.0,Basic,Standard retention nurture
136337,0.0001,0,0,0.3763,Low,0.0,1.0,0.0,0.0,Standard,Standard retention nurture
136338,0.0,0,0,0.2391,Low,0.0,0.0,0.0,0.0,Basic,Standard retention nurture
136339,0.0087,0,0,0.2948,Low,0.0026,99.0,30.0,30.0,Standard,Standard retention nurture
136340,1.0,1,1,0.2105,Critical,0.2105,6056.0,1817.0,1317.0,Basic,Relationship manager follow-up
136341,0.0,0,0,0.2627,Low,0.0,0.0,0.0,0.0,Standard,Standard retention nurture
136342,0.0,0,0,0.6283,Low,0.0,0.0,0.0,0.0,Premium,Standard retention nurture
136343,0.0,0,0,0.7221,Low,0.0,0.0,0.0,0.0,Premium,Standard retention nurture
136344,0.0011,0,0,0.4949,Low,0.0005,24.0,7.0,7.0,Standard,Standard retention nurture
136345,0.0,0,0,0.2167,Low,0.0,0.0,0.0,0.0,Basic,Standard retention nurture
136346,0.0,0,0,0.3761,Low,0.0,0.0,0.0,0.0,Standard,Standard retention nurture
136347,0.0,0,0,0.5529,Low,0.0,0.0,0.0,0.0,Premium,Standard retention nurture
136348,0.0,0,0,0.7462,Low,0.0,0.0,0.0,0.0,Premium,Standard retention nurture
136349,0.0,0,0,0.3514,Low,0.0,0.0,0.0,0.0,Standard,Standard retention nurture
136350,0.2164,1,0,0.1906,Low,0.0412,1297.0,389.0,-111.0,Basic,Relationship manager follow-up
136351,0.0147,0,0,0.1554,Low,0.0023,58.0,17.0,17.0,Basic,Standard retention nurture
136352,0.0006,0,0,0.6948,Low,0.0004,15.0,4.0,4.0,Premium,Standard retention nurture
136353,0.0,0,0,0.6908,Low,0.0,0.0,0.0,0.0,Premium,Standard retention nurture
136354,0.0,0,0,0.2813,Low,0.0,0.0,0.0,0.0,Standard,Standard retention nurture
136355,0.0,0,0,0.2706,Low,0.0,0.0,0.0,0.0,Standard,Standard retention nurture
136356,0.0,0,0,0.3344,Low,0.0,0.0,0.0,0.0,Standard,Standard retention nurture
136357,0.0,0,0,0.2779,Low,0.0,0.0,0.0,0.0,Standard,Standard retention nurture
136358,0.0,0,0,0.4778,Low,0.0,0.0,0.0,0.0,Standard,Standard retention nurture
136359,0.3626,1,0,0.1622,Medium,0.0588,2933.0,880.0,380.0,Basic,Relationship manager follow-up
136360,0.0,0,0,0.81,Low,0.0,0.0,0.0,0.0,Elite,Standard retention nurture
136361,0.002,0,0,0.1199,Low,0.0002,9.0,3.0,3.0,Basic,Standard retention nurture
136362,0.0,0,0,0.2574,Low,0.0,0.0,0.0,0.0,Standard,Standard retention nurture
136363,0.0,0,0,0.271,Low,0.0,0.0,0.0,0.0,Standard,Standard retention nurture
136364,0.0,0,0,0.148,Low,0.0,0.0,0.0,0.0,Basic,Standard retention nurture
136365,0.0,0,0,0.235,Low,0.0,0.0,0.0,0.0,Basic,Standard retention nurture
136366,0.0356,0,0,0.2904,Low,0.0103,548.0,164.0,164.0,Standard,Standard retention nurture
136367,0.1473,1,0,0.5963,Low,0.0878,4061.0,1218.0,718.0,Premium,Relationship manager follow-up
136368,1.0,1,1,0.2185,Critical,0.2185,4048.0,1214.0,714.0,Basic,Relationship manager follow-up
136369,0.9993,1,1,0.1543,Critical,0.1542,5784.0,1735.0,1235.0,Basic,Relationship manager follow-up
136370,0.0,0,0,0.2662,Low,0.0,0.0,0.0,0.0,Standard,Standard retention nurture
136371,0.9911,1,1,0.0852,Critical,0.0844,3308.0,992.0,492.0,Basic,Relationship manager follow-up
136372,0.2346,1,1,0.3188,Low,0.0748,2666.0,800.0,300.0,Standard,Relationship manager follow-up
136373,0.0,0,0,0.7018,Low,0.0,0.0,0.0,0.0,Premium,Standard retention nurture
136374,0.0195,0,0,0.1802,Low,0.0035,49.0,15.0,15.0,Basic,Standard retention nurture
136375,0.0,0,0,0.4705,Low,0.0,0.0,0.0,0.0,Standard,Standard retention nurture
136376,0.0,0,0,0.1758,Low,0.0,0.0,0.0,0.0,Basic,Standard retention nurture
136377,0.9999,1,1,0.1604,Critical,0.1604,4445.0,1334.0,834.0,Basic,Relationship manager follow-up
136378,0.0003,0,0,0.6189,Low,0.0002,6.0,2.0,2.0,Premium,Standard retention nurture
136379,0.0,0,0,0.2428,Low,0.0,0.0,0.0,0.0,Basic,Standard retention nurture
136380,0.0,0,0,0.7766,Low,0.0,0.0,0.0,0.0,Elite,Standard retention nurture
136381,0.0296,0,0,0.34,Low,0.0101,109.0,33.0,33.0,Standard,Standard retention nurture
136382,0.0,0,0,0.1059,Low,0.0,0.0,0.0,0.0,Basic,Standard retention nurture
136383,1.0,1,1,0.1427,Critical,0.1427,2133.0,640.0,140.0,Basic,Relationship manager follow-up
136384,0.0,0,0,0.6326,Low,0.0,0.0,0.0,0.0,Premium,Standard retention nurture
136385,0.0003,0,0,0.1693,Low,0.0001,1.0,0.0,0.0,Basic,Standard retention nurture
136386,1.0,1,1,0.2194,Critical,0.2194,6835.0,2050.0,1550.0,Basic,Relationship manager follow-up
136387,0.0,0,0,0.4249,Low,0.0,0.0,0.0,0.0,Standard,Standard retention nurture
136388,0.0,0,0,0.6767,Low,0.0,0.0,0.0,0.0,Premium,Standard retention nurture
136389,0.0,0,0,0.2868,Low,0.0,0.0,0.0,0.0,Standard,Standard retention nurture
136390,0.0,0,0,0.4182,Low,0.0,0.0,0.0,0.0,Standard,Standard retention nurture
136391,0.0,0,0,0.4955,Low,0.0,0.0,0.0,0.0,Standard,Standard retention nurture
136392,0.0,0,0,0.4695,Low,0.0,0.0,0.0,0.0,Standard,Standard retention nurture
136393,0.0001,0,0,0.2263,Low,0.0,1.0,0.0,0.0,Basic,Standard retention nurture
136394,0.0004,0,0,0.1994,Low,0.0001,3.0,1.0,1.0,Basic,Standard retention nurture
136395,0.0,0,0,0.2701,Low,0.0,0.0,0.0,0.0,Standard,Standard retention nurture
136396,0.0,0,0,0.5443,Low,0.0,0.0,0.0,0.0,Premium,Standard retention nurture
136397,0.0,0,0,0.1531,Low,0.0,0.0,0.0,0.0,Basic,Standard retention nurture
136398,0.0001,0,0,0.284,Low,0.0,1.0,0.0,0.0,Standard,Standard retention nurture
136399,0.0001,0,0,0.1544,Low,0.0,1.0,0.0,0.0,Basic,Standard retention nurture
136400,0.0002,0,0,0.1192,Low,0.0,1.0,0.0,0.0,Basic,Standard retention nurture
136401,0.0,0,0,0.2081,Low,0.0,0.0,0.0,0.0,Basic,Standard retention nurture
136402,0.0,0,0,0.7814,Low,0.0,0.0,0.0,0.0,Elite,Standard retention nurture
136403,0.8621,1,1,0.4825,Critical,0.416,16898.0,5069.0,4569.0,Standard,Relationship manager follow-up
136404,0.0,0,0,0.2838,Low,0.0,0.0,0.0,0.0,Standard,Standard retention nurture
136405,0.0,0,0,0.4095,Low,0.0,0.0,0.0,0.0,Standard,Standard retention nurture
136406,0.0,0,0,0.6593,Low,0.0,0.0,0.0,0.0,Premium,Standard retention nurture
136407,0.0,0,0,0.2377,Low,0.0,0.0,0.0,0.0,Basic,Standard retention nurture
136408,1.0,1,1,0.4656,Critical,0.4656,15383.0,4615.0,4115.0,Standard,Relationship manager follow-up
136409,0.9995,1,1,0.2028,Critical,0.2027,6473.0,1942.0,1442.0,Basic,Relationship manager follow-up
136410,0.9907,1,1,0.171,Critical,0.1694,2318.0,695.0,195.0,Basic,Relationship manager follow-up
136411,0.0003,0,0,0.5738,Low,0.0002,8.0,2.0,2.0,Premium,Standard retention nurture
136412,0.0,0,0,0.1964,Low,0.0,0.0,0.0,0.0,Basic,Standard retention nurture
136413,0.0,0,0,0.4731,Low,0.0,0.0,0.0,0.0,Standard,Standard retention nurture
136414,0.0016,0,0,0.6276,Low,0.001,45.0,14.0,14.0,Premium,Standard retention nurture
136415,0.0,0,0,0.1918,Low,0.0,0.0,0.0,0.0,Basic,Standard retention nurture
136416,0.0007,0,0,0.4699,Low,0.0003,14.0,4.0,4.0,Standard,Standard retention nurture
136417,0.0001,0,0,0.6181,Low,0.0001,3.0,1.0,1.0,Premium,Standard retention nurture
136418,0.0025,0,0,0.2583,Low,0.0006,20.0,6.0,6.0,Standard,Standard retention nurture
136419,1.0,1,1,0.1018,Critical,0.1018,2306.0,692.0,192.0,Basic,Relationship manager follow-up
136420,0.0,0,0,0.4439,Low,0.0,0.0,0.0,0.0,Standard,Standard retention nurture
136421,0.0,0,0,0.2153,Low,0.0,0.0,0.0,0.0,Basic,Standard retention nurture
136422,0.0001,0,0,0.8297,Low,0.0001,4.0,1.0,1.0,Elite,Standard retention nurture
136423,0.0,0,0,0.3312,Low,0.0,0.0,0.0,0.0,Standard,Standard retention nurture
136424,0.0,0,0,0.3256,Low,0.0,0.0,0.0,0.0,Standard,Standard retention nurture
136425,0.0,0,0,0.245,Low,0.0,0.0,0.0,0.0,Basic,Standard retention nurture
136426,0.0,0,0,0.5004,Low,0.0,0.0,0.0,0.0,Premium,Standard retention nurture
136427,0.0002,0,0,0.5733,Low,0.0001,5.0,2.0,2.0,Premium,Standard retention nurture
136428,0.0,0,0,0.2969,Low,0.0,0.0,0.0,0.0,Standard,Standard retention nurture
136429,0.9996,1,1,0.1588,Critical,0.1587,3573.0,1072.0,572.0,Basic,Relationship manager follow-up
136430,0.0,0,0,0.3583,Low,0.0,0.0,0.0,0.0,Standard,Standard retention nurture
136431,0.0001,0,0,0.8805,Low,0.0001,4.0,1.0,1.0,Elite,Standard retention nurture
136432,0.0,0,0,0.3118,Low,0.0,0.0,0.0,0.0,Standard,Standard retention nurture
136433,0.0,0,0,0.4225,Low,0.0,0.0,0.0,0.0,Standard,Standard retention nurture
136434,0.0,0,0,0.4285,Low,0.0,0.0,0.0,0.0,Standard,Standard retention nurture
136435,0.9999,1,1,0.0879,Critical,0.0879,2331.0,699.0,199.0,Basic,Relationship manager follow-up
136436,0.0,0,0,0.4221,Low,0.0,0.0,0.0,0.0,Standard,Standard retention nurture
136437,0.0,0,0,0.432,Low,0.0,0.0,0.0,0.0,Standard,Standard retention nurture
136438,0.0027,0,0,0.2558,Low,0.0007,38.0,11.0,11.0,Standard,Standard retention nurture
136439,0.0,0,0,0.255,Low,0.0,0.0,0.0,0.0,Standard,Standard retention nurture
136440,0.0,0,0,0.4641,Low,0.0,0.0,0.0,0.0,Standard,Standard retention nurture
136441,0.0021,0,0,0.1649,Low,0.0003,15.0,4.0,4.0,Basic,Standard retention nurture
136442,0.0,0,0,0.7187,Low,0.0,0.0,0.0,0.0,Premium,Standard retention nurture
136443,0.0004,0,0,0.5669,Low,0.0002,10.0,3.0,3.0,Premium,Standard retention nurture
136444,0.0,0,0,0.3856,Low,0.0,0.0,0.0,0.0,Standard,Standard retention nurture
136445,0.0001,0,0,0.2335,Low,0.0,0.0,0.0,0.0,Basic,Standard retention nurture
136446,0.0,0,0,0.3533,Low,0.0,0.0,0.0,0.0,Standard,Standard retention nurture
136447,0.0002,0,0,0.1744,Low,0.0,1.0,0.0,0.0,Basic,Standard retention nurture
136448,0.0,0,0,0.4471,Low,0.0,0.0,0.0,0.0,Standard,Standard retention nurture
136449,0.0,0,0,0.1991,Low,0.0,0.0,0.0,0.0,Basic,Standard retention nurture
136450,0.0,0,0,0.4429,Low,0.0,0.0,0.0,0.0,Standard,Standard retention nurture
136451,0.0,0,0,0.3886,Low,0.0,0.0,0.0,0.0,Standard,Standard retention nurture
136452,0.0,0,0,0.7481,Low,0.0,0.0,0.0,0.0,Premium,Standard retention nurture
136453,1.0,1,1,0.135,Critical,0.135,2403.0,721.0,221.0,Basic,Relationship manager follow-up
136454,0.0001,0,0,0.445,Low,0.0,2.0,1.0,1.0,Standard,Standard retention nurture
136455,0.9999,1,1,0.224,Critical,0.224,8907.0,2672.0,2172.0,Basic,Relationship manager follow-up
136456,0.0,0,0,0.134,Low,0.0,0.0,0.0,0.0,Basic,Standard retention nurture
136457,0.0003,0,0,0.2018,Low,0.0001,2.0,1.0,1.0,Basic,Standard retention nurture
136458,1.0,1,1,0.1526,Critical,0.1526,3687.0,1106.0,606.0,Basic,Relationship manager follow-up
136459,0.9997,1,1,0.2145,Critical,0.2144,4593.0,1378.0,878.0,Basic,Relationship manager follow-up
136460,0.0,0,0,0.4376,Low,0.0,0.0,0.0,0.0,Standard,Standard retention nurture
136461,0.9655,1,1,0.7014,Critical,0.6772,27795.0,8338.0,7838.0,Premium,Relationship manager follow-up
136462,0.0001,0,0,0.2598,Low,0.0,1.0,0.0,0.0,Standard,Standard retention nurture
136463,0.0103,0,0,0.1906,Low,0.002,77.0,23.0,23.0,Basic,Standard retention nurture
136464,0.0,0,0,0.531,Low,0.0,0.0,0.0,0.0,Premium,Standard retention nurture
136465,0.0,0,0,0.2983,Low,0.0,0.0,0.0,0.0,Standard,Standard retention nurture
136466,0.0064,0,0,0.3166,Low,0.002,63.0,19.0,19.0,Standard,Standard retention nurture
136467,0.0,0,0,0.3254,Low,0.0,0.0,0.0,0.0,Standard,Standard retention nurture
136468,0.9994,1,1,0.2188,Critical,0.2187,8395.0,2518.0,2018.0,Basic,Relationship manager follow-up
136469,0.0,0,0,0.1982,Low,0.0,0.0,0.0,0.0,Basic,Standard retention nurture
136470,0.0,0,0,0.2592,Low,0.0,0.0,0.0,0.0,Standard,Standard retention nurture
136471,0.023,0,0,0.1892,Low,0.0044,200.0,60.0,60.0,Basic,Standard retention nurture
136472,0.0,0,0,0.2233,Low,0.0,0.0,0.0,0.0,Basic,Standard retention nurture
136473,0.0,0,0,0.3707,Low,0.0,0.0,0.0,0.0,Standard,Standard retention nurture
136474,0.0,0,0,0.4598,Low,0.0,0.0,0.0,0.0,Standard,Standard retention nurture
136475,0.9995,1,1,0.3824,Critical,0.3822,11242.0,3373.0,2873.0,Standard,Relationship manager follow-up
136476,0.0,0,0,0.535,Low,0.0,0.0,0.0,0.0,Premium,Standard retention nurture
136477,0.0,0,0,0.1805,Low,0.0,0.0,0.0,0.0,Basic,Standard retention nurture
136478,0.0,0,0,0.4271,Low,0.0,0.0,0.0,0.0,Standard,Standard retention nurture
136479,0.0004,0,0,0.6652,Low,0.0003,13.0,4.0,4.0,Premium,Standard retention nurture
136480,0.0007,0,0,0.2162,Low,0.0002,3.0,1.0,1.0,Basic,Standard retention nurture
136481,0.0,0,0,0.2553,Low,0.0,0.0,0.0,0.0,Standard,Standard retention nurture
136482,0.0,0,0,0.3253,Low,0.0,0.0,0.0,0.0,Standard,Standard retention nurture
136483,0.9947,1,1,0.1819,Critical,0.1809,1564.0,469.0,-31.0,Basic,Relationship manager follow-up
136484,0.0001,0,0,0.5101,Low,0.0001,1.0,0.0,0.0,Premium,Standard retention nurture
136485,0.0,0,0,0.7306,Low,0.0,0.0,0.0,0.0,Premium,Standard retention nurture
136486,0.0006,0,0,0.3881,Low,0.0002,11.0,3.0,3.0,Standard,Standard retention nurture
136487,0.0,0,0,0.181,Low,0.0,0.0,0.0,0.0,Basic,Standard retention nurture
136488,0.0,0,0,0.5048,Low,0.0,0.0,0.0,0.0,Premium,Standard retention nurture
136489,0.0,0,0,0.2028,Low,0.0,0.0,0.0,0.0,Basic,Standard retention nurture
136490,0.0,0,0,0.6114,Low,0.0,0.0,0.0,0.0,Premium,Standard retention nurture
136491,0.0,0,0,0.2753,Low,0.0,0.0,0.0,0.0,Standard,Standard retention nurture
136492,0.0,0,0,0.2276,Low,0.0,0.0,0.0,0.0,Basic,Standard retention nurture
136493,0.0006,0,0,0.2049,Low,0.0001,3.0,1.0,1.0,Basic,Standard retention nurture
136494,0.0001,0,0,0.6701,Low,0.0001,3.0,1.0,1.0,Premium,Standard retention nurture
136495,0.0,0,0,0.206,Low,0.0,0.0,0.0,0.0,Basic,Standard retention nurture
136496,0.9941,1,1,0.1419,Critical,0.1411,2276.0,683.0,183.0,Basic,Relationship manager follow-up
136497,0.0,0,0,0.6418,Low,0.0,0.0,0.0,0.0,Premium,Standard retention nurture
136498,0.0,0,0,0.2172,Low,0.0,0.0,0.0,0.0,Basic,Standard retention nurture
136499,0.0001,0,0,0.1534,Low,0.0,0.0,0.0,0.0,Basic,Standard retention nurture
136500,0.0,0,0,0.2689,Low,0.0,0.0,0.0,0.0,Standard,Standard retention nurture
136501,0.9999,1,1,0.0849,Critical,0.0849,2750.0,825.0,325.0,Basic,Relationship manager follow-up
136502,0.0,0,0,0.4064,Low,0.0,0.0,0.0,0.0,Standard,Standard retention nurture
136503,0.0,0,0,0.8638,Low,0.0,0.0,0.0,0.0,Elite,Standard retention nurture
136504,0.0,0,0,0.6766,Low,0.0,0.0,0.0,0.0,Premium,Standard retention nurture
136505,0.9929,1,1,0.4702,Critical,0.4669,12420.0,3726.0,3226.0,Standard,Relationship manager follow-up
136506,0.0,0,0,0.5534,Low,0.0,0.0,0.0,0.0,Premium,Standard retention nurture
136507,0.0001,0,0,0.4223,Low,0.0,2.0,1.0,1.0,Standard,Standard retention nurture
136508,0.0019,0,0,0.3281,Low,0.0006,17.0,5.0,5.0,Standard,Standard retention nurture
136509,1.0,1,1,0.1698,Critical,0.1698,4525.0,1358.0,858.0,Basic,Relationship manager follow-up
136510,0.0,0,0,0.7113,Low,0.0,0.0,0.0,0.0,Premium,Standard retention nurture
136511,0.0,0,0,0.1858,Low,0.0,0.0,0.0,0.0,Basic,Standard retention nurture
136512,0.0114,0,0,0.8831,Low,0.0101,417.0,125.0,125.0,Elite,Standard retention nurture
136513,0.0,0,0,0.3015,Low,0.0,0.0,0.0,0.0,Standard,Standard retention nurture
136514,0.0,0,0,0.2715,Low,0.0,0.0,0.0,0.0,Standard,Standard retention nurture
136515,0.002,0,0,0.676,Low,0.0014,34.0,10.0,10.0,Premium,Standard retention nurture
136516,0.9983,1,1,0.1791,Critical,0.1788,4102.0,1231.0,731.0,Basic,Relationship manager follow-up
136517,0.0,0,0,0.1854,Low,0.0,0.0,0.0,0.0,Basic,Standard retention nurture
136518,0.9972,1,1,0.2495,Critical,0.2488,4832.0,1450.0,950.0,Basic,Relationship manager follow-up
136519,0.0009,0,0,0.2181,Low,0.0002,6.0,2.0,2.0,Basic,Standard retention nurture
136520,0.0,0,0,0.1527,Low,0.0,0.0,0.0,0.0,Basic,Standard retention nurture
136521,0.0,0,0,0.3069,Low,0.0,0.0,0.0,0.0,Standard,Standard retention nurture
136522,0.0,0,0,0.1881,Low,0.0,0.0,0.0,0.0,Basic,Standard retention nurture
136523,0.0,0,0,0.3482,Low,0.0,0.0,0.0,0.0,Standard,Standard retention nurture
136524,0.0,0,0,0.1727,Low,0.0,0.0,0.0,0.0,Basic,Standard retention nurture
136525,0.0004,0,0,0.5066,Low,0.0002,12.0,4.0,4.0,Premium,Standard retention nurture
136526,0.0,0,0,0.323,Low,0.0,0.0,0.0,0.0,Standard,Standard retention nurture
136527,0.0019,0,0,0.5488,Low,0.001,58.0,17.0,17.0,Premium,Standard retention nurture
136528,0.0001,0,0,0.2866,Low,0.0,1.0,0.0,0.0,Standard,Standard retention nurture
136529,0.9975,1,1,0.1706,Critical,0.1702,6640.0,1992.0,1492.0,Basic,Relationship manager follow-up
136530,0.0,0,0,0.4277,Low,0.0,0.0,0.0,0.0,Standard,Standard retention nurture
136531,0.0,0,0,0.3497,Low,0.0,0.0,0.0,0.0,Standard,Standard retention nurture
136532,0.9983,1,1,0.3198,Critical,0.3193,9257.0,2777.0,2277.0,Standard,Relationship manager follow-up
136533,0.0,0,0,0.7682,Low,0.0,0.0,0.0,0.0,Elite,Standard retention nurture
136534,0.9999,1,1,0.199,Critical,0.199,6520.0,1956.0,1456.0,Basic,Relationship manager follow-up
136535,0.0,0,0,0.467,Low,0.0,0.0,0.0,0.0,Standard,Standard retention nurture
136536,0.0,0,0,0.3784,Low,0.0,0.0,0.0,0.0,Standard,Standard retention nurture
136537,0.0129,0,0,0.3206,Low,0.0041,78.0,23.0,23.0,Standard,Standard retention nurture
136538,0.0,0,0,0.4836,Low,0.0,0.0,0.0,0.0,Standard,Standard retention nurture
136539,0.0008,0,0,0.3171,Low,0.0003,8.0,2.0,2.0,Standard,Standard retention nurture
136540,0.0,0,0,0.5113,Low,0.0,0.0,0.0,0.0,Premium,Standard retention nurture
136541,0.0,0,0,0.3677,Low,0.0,0.0,0.0,0.0,Standard,Standard retention nurture
136542,0.0001,0,0,0.1794,Low,0.0,1.0,0.0,0.0,Basic,Standard retention nurture
136543,0.0,0,0,0.4386,Low,0.0,0.0,0.0,0.0,Standard,Standard retention nurture
136544,0.0,0,0,0.4485,Low,0.0,0.0,0.0,0.0,Standard,Standard retention nurture
136545,0.0003,0,0,0.239,Low,0.0001,2.0,1.0,1.0,Basic,Standard retention nurture
136546,1.0,1,1,0.1668,Critical,0.1668,4506.0,1352.0,852.0,Basic,Relationship manager follow-up
136547,0.0001,0,0,0.5091,Low,0.0001,2.0,1.0,1.0,Premium,Standard retention nurture
136548,0.0002,0,0,0.2881,Low,0.0001,2.0,1.0,1.0,Standard,Standard retention nurture
136549,0.0007,0,0,0.4184,Low,0.0003,14.0,4.0,4.0,Standard,Standard retention nurture
136550,0.0,0,0,0.3849,Low,0.0,0.0,0.0,0.0,Standard,Standard retention nurture
136551,0.0,0,0,0.4268,Low,0.0,0.0,0.0,0.0,Standard,Standard retention nurture
136552,0.0,0,0,0.6332,Low,0.0,0.0,0.0,0.0,Premium,Standard retention nurture
136553,0.9948,1,1,0.4769,Critical,0.4744,14636.0,4391.0,3891.0,Standard,Relationship manager follow-up
136554,0.0002,0,0,0.6933,Low,0.0001,6.0,2.0,2.0,Premium,Standard retention nurture
136555,0.0,0,0,0.7994,Low,0.0,0.0,0.0,0.0,Elite,Standard retention nurture
136556,0.0001,0,0,0.1784,Low,0.0,1.0,0.0,0.0,Basic,Standard retention nurture
136557,0.0304,0,0,0.1876,Low,0.0057,169.0,51.0,51.0,Basic,Standard retention nurture
136558,1.0,1,1,0.2978,Critical,0.2978,8617.0,2585.0,2085.0,Standard,Relationship manager follow-up
136559,1.0,1,1,0.2192,Critical,0.2192,5679.0,1704.0,1204.0,Basic,Relationship manager follow-up
136560,1.0,1,1,0.0954,Critical,0.0954,1808.0,542.0,42.0,Basic,Relationship manager follow-up
136561,0.0003,0,0,0.6612,Low,0.0002,9.0,3.0,3.0,Premium,Standard retention nurture
136562,0.9972,1,1,0.3235,Critical,0.3226,12783.0,3835.0,3335.0,Standard,Relationship manager follow-up
136563,0.0,0,0,0.4756,Low,0.0,0.0,0.0,0.0,Standard,Standard retention nurture
136564,0.0,0,0,0.4184,Low,0.0,0.0,0.0,0.0,Standard,Standard retention nurture
136565,0.0,0,0,0.4216,Low,0.0,0.0,0.0,0.0,Standard,Standard retention nurture
136566,0.0002,0,0,0.3155,Low,0.0001,2.0,1.0,1.0,Standard,Standard retention nurture
136567,0.0,0,0,0.3955,Low,0.0,0.0,0.0,0.0,Standard,Standard retention nurture
136568,0.0,0,0,0.2428,Low,0.0,0.0,0.0,0.0,Basic,Standard retention nurture
136569,0.0075,0,0,0.1269,Low,0.001,31.0,9.0,9.0,Basic,Standard retention nurture
136570,0.0,0,0,0.4195,Low,0.0,0.0,0.0,0.0,Standard,Standard retention nurture
136571,0.0,0,0,0.4472,Low,0.0,0.0,0.0,0.0,Standard,Standard retention nurture
136572,0.0,0,0,0.2763,Low,0.0,0.0,0.0,0.0,Standard,Standard retention nurture
136573,0.0,0,0,0.5465,Low,0.0,0.0,0.0,0.0,Premium,Standard retention nurture
136574,0.9978,1,1,0.2583,Critical,0.2577,4444.0,1333.0,833.0,Standard,Relationship manager follow-up
136575,0.0,0,0,0.4836,Low,0.0,0.0,0.0,0.0,Standard,Standard retention nurture
136576,0.9846,1,1,0.6527,Critical,0.6426,25510.0,7653.0,7153.0,Premium,Relationship manager follow-up
136577,0.9856,1,1,0.3275,Critical,0.3228,7248.0,2174.0,1674.0,Standard,Relationship manager follow-up
136578,0.9966,1,1,0.1149,Critical,0.1145,1483.0,445.0,-55.0,Basic,Relationship manager follow-up
136579,0.9997,1,1,0.233,Critical,0.2329,8363.0,2509.0,2009.0,Basic,Relationship manager follow-up
136580,0.0001,0,0,0.5576,Low,0.0001,3.0,1.0,1.0,Premium,Standard retention nurture
136581,0.0,0,0,0.1912,Low,0.0,0.0,0.0,0.0,Basic,Standard retention nurture
136582,0.0,0,0,0.2337,Low,0.0,0.0,0.0,0.0,Basic,Standard retention nurture
136583,0.0,0,0,0.1955,Low,0.0,0.0,0.0,0.0,Basic,Standard retention nurture
136584,0.0,0,0,0.4961,Low,0.0,0.0,0.0,0.0,Standard,Standard retention nurture
136585,0.0001,0,0,0.1488,Low,0.0,0.0,0.0,0.0,Basic,Standard retention nurture
136586,0.9998,1,1,0.0932,Critical,0.0932,4988.0,1496.0,996.0,Basic,Relationship manager follow-up
136587,0.0,0,0,0.5225,Low,0.0,0.0,0.0,0.0,Premium,Standard retention nurture
136588,0.0243,0,0,0.1001,Low,0.0024,63.0,19.0,19.0,Basic,Standard retention nurture
136589,0.0,0,0,0.2551,Low,0.0,0.0,0.0,0.0,Standard,Standard retention nurture
136590,0.0,0,0,0.1474,Low,0.0,0.0,0.0,0.0,Basic,Standard retention nurture
136591,0.0095,0,0,0.1409,Low,0.0013,39.0,12.0,12.0,Basic,Standard retention nurture
136592,0.0,0,0,0.6226,Low,0.0,0.0,0.0,0.0,Premium,Standard retention nurture
136593,0.0,0,0,0.2767,Low,0.0,0.0,0.0,0.0,Standard,Standard retention nurture
136594,0.0,0,0,0.3765,Low,0.0,0.0,0.0,0.0,Standard,Standard retention nurture
136595,0.0023,0,0,0.2179,Low,0.0005,12.0,4.0,4.0,Basic,Standard retention nurture
136596,0.0,0,0,0.7968,Low,0.0,0.0,0.0,0.0,Elite,Standard retention nurture
136597,0.0,0,0,0.4156,Low,0.0,0.0,0.0,0.0,Standard,Standard retention nurture
136598,0.0,0,0,0.8503,Low,0.0,0.0,0.0,0.0,Elite,Standard retention nurture
136599,0.0,0,0,0.3129,Low,0.0,0.0,0.0,0.0,Standard,Standard retention nurture
136600,0.0002,0,0,0.2676,Low,0.0001,2.0,1.0,1.0,Standard,Standard retention nurture
136601,0.0,0,0,0.3419,Low,0.0,0.0,0.0,0.0,Standard,Standard retention nurture
136602,0.0,0,0,0.4834,Low,0.0,0.0,0.0,0.0,Standard,Standard retention nurture
136603,0.0005,0,0,0.3528,Low,0.0002,3.0,1.0,1.0,Standard,Standard retention nurture
136604,0.0,0,0,0.6007,Low,0.0,0.0,0.0,0.0,Premium,Standard retention nurture
136605,0.0,0,0,0.4348,Low,0.0,0.0,0.0,0.0,Standard,Standard retention nurture
136606,0.0,0,0,0.3808,Low,0.0,0.0,0.0,0.0,Standard,Standard retention nurture
136607,0.0,0,0,0.4362,Low,0.0,0.0,0.0,0.0,Standard,Standard retention nurture
136608,0.0,0,0,0.3736,Low,0.0,0.0,0.0,0.0,Standard,Standard retention nurture
136609,0.0,0,0,0.1984,Low,0.0,0.0,0.0,0.0,Basic,Standard retention nurture
136610,0.0,0,0,0.5576,Low,0.0,0.0,0.0,0.0,Premium,Standard retention nurture
136611,0.0,0,0,0.3705,Low,0.0,0.0,0.0,0.0,Standard,Standard retention nurture
136612,0.0005,0,0,0.3231,Low,0.0002,5.0,2.0,2.0,Standard,Standard retention nurture
136613,0.0,0,0,0.3183,Low,0.0,0.0,0.0,0.0,Standard,Standard retention nurture
136614,0.0152,0,0,0.7906,Low,0.012,496.0,149.0,149.0,Elite,Standard retention nurture
136615,0.0,0,0,0.4911,Low,0.0,0.0,0.0,0.0,Standard,Standard retention nurture
136616,0.0,0,0,0.2782,Low,0.0,0.0,0.0,0.0,Standard,Standard retention nurture
136617,0.0,0,0,0.3271,Low,0.0,0.0,0.0,0.0,Standard,Standard retention nurture
136618,0.9873,1,1,0.2889,Critical,0.2852,6348.0,1904.0,1404.0,Standard,Relationship manager follow-up
136619,0.9563,1,1,0.6119,Critical,0.5852,20295.0,6088.0,5588.0,Premium,Relationship manager follow-up
136620,0.0006,0,0,0.5983,Low,0.0004,12.0,4.0,4.0,Premium,Standard retention nurture
136621,0.0,0,0,0.3137,Low,0.0,0.0,0.0,0.0,Standard,Standard retention nurture
136622,0.0,0,0,0.2694,Low,0.0,0.0,0.0,0.0,Standard,Standard retention nurture
136623,0.9934,1,1,0.3659,Critical,0.3635,9632.0,2890.0,2390.0,Standard,Relationship manager follow-up
136624,0.0,0,0,0.4435,Low,0.0,0.0,0.0,0.0,Standard,Standard retention nurture
136625,0.0,0,0,0.4189,Low,0.0,0.0,0.0,0.0,Standard,Standard retention nurture
136626,0.0,0,0,0.5391,Low,0.0,0.0,0.0,0.0,Premium,Standard retention nurture
136627,0.0001,0,0,0.3538,Low,0.0,1.0,0.0,0.0,Standard,Standard retention nurture
136628,0.0252,0,0,0.395,Low,0.01,352.0,106.0,106.0,Standard,Standard retention nurture
136629,0.0015,0,0,0.2119,Low,0.0003,11.0,3.0,3.0,Basic,Standard retention nurture
136630,0.0,0,0,0.4302,Low,0.0,0.0,0.0,0.0,Standard,Standard retention nurture
136631,0.0,0,0,0.7385,Low,0.0,0.0,0.0,0.0,Premium,Standard retention nurture
136632,1.0,1,1,0.1496,Critical,0.1496,5547.0,1664.0,1164.0,Basic,Relationship manager follow-up
136633,0.0,0,0,0.2715,Low,0.0,0.0,0.0,0.0,Standard,Standard retention nurture
136634,0.0,0,0,0.6543,Low,0.0,0.0,0.0,0.0,Premium,Standard retention nurture
136635,0.0038,0,0,0.1826,Low,0.0007,22.0,7.0,7.0,Basic,Standard retention nurture
136636,0.0,0,0,0.2677,Low,0.0,0.0,0.0,0.0,Standard,Standard retention nurture
136637,0.0,0,0,0.2763,Low,0.0,0.0,0.0,0.0,Standard,Standard retention nurture
136638,0.0006,0,0,0.2051,Low,0.0001,5.0,2.0,2.0,Basic,Standard retention nurture
136639,0.0,0,0,0.2827,Low,0.0,0.0,0.0,0.0,Standard,Standard retention nurture
136640,0.008,0,0,0.4189,Low,0.0034,172.0,52.0,52.0,Standard,Standard retention nurture
136641,0.0,0,0,0.393,Low,0.0,0.0,0.0,0.0,Standard,Standard retention nurture
136642,0.0,0,0,0.2247,Low,0.0,0.0,0.0,0.0,Basic,Standard retention nurture
136643,0.0004,0,0,0.3459,Low,0.0001,3.0,1.0,1.0,Standard,Standard retention nurture
136644,0.0,0,0,0.1895,Low,0.0,0.0,0.0,0.0,Basic,Standard retention nurture
136645,0.0,0,0,0.4458,Low,0.0,0.0,0.0,0.0,Standard,Standard retention nurture
136646,0.0002,0,0,0.7181,Low,0.0001,7.0,2.0,2.0,Premium,Standard retention nurture
136647,0.9973,1,1,0.1818,Critical,0.1813,3218.0,965.0,465.0,Basic,Relationship manager follow-up
136648,0.0,0,0,0.331,Low,0.0,0.0,0.0,0.0,Standard,Standard retention nurture
136649,0.9969,1,1,0.1081,Critical,0.1078,2482.0,745.0,245.0,Basic,Relationship manager follow-up
136650,0.0003,0,0,0.2745,Low,0.0001,1.0,0.0,0.0,Standard,Standard retention nurture
136651,0.0,0,0,0.55,Low,0.0,0.0,0.0,0.0,Premium,Standard retention nurture
136652,0.0427,0,0,0.2409,Low,0.0103,442.0,133.0,133.0,Basic,Standard retention nurture
136653,0.9535,1,1,0.1878,Critical,0.1791,7800.0,2340.0,1840.0,Basic,Relationship manager follow-up
136654,0.0,0,0,0.4623,Low,0.0,0.0,0.0,0.0,Standard,Standard retention nurture
136655,0.0,0,0,0.5309,Low,0.0,0.0,0.0,0.0,Premium,Standard retention nurture
136656,0.0017,0,0,0.1606,Low,0.0003,11.0,3.0,3.0,Basic,Standard retention nurture
136657,0.0,0,0,0.2833,Low,0.0,0.0,0.0,0.0,Standard,Standard retention nurture
136658,0.9993,1,1,0.2853,Critical,0.2851,12321.0,3696.0,3196.0,Standard,Relationship manager follow-up
136659,0.0002,0,0,0.1884,Low,0.0,1.0,0.0,0.0,Basic,Standard retention nurture
136660,0.0,0,0,0.4408,Low,0.0,0.0,0.0,0.0,Standard,Standard retention nurture
136661,0.0067,0,0,0.3329,Low,0.0022,67.0,20.0,20.0,Standard,Standard retention nurture
136662,0.0,0,0,0.331,Low,0.0,0.0,0.0,0.0,Standard,Standard retention nurture
136663,0.0,0,0,0.7326,Low,0.0,0.0,0.0,0.0,Premium,Standard retention nurture
136664,0.0009,0,0,0.2637,Low,0.0002,12.0,4.0,4.0,Standard,Standard retention nurture
136665,0.0004,0,0,0.1854,Low,0.0001,2.0,1.0,1.0,Basic,Standard retention nurture
136666,0.0,0,0,0.2174,Low,0.0,0.0,0.0,0.0,Basic,Standard retention nurture
136667,0.0,0,0,0.1719,Low,0.0,0.0,0.0,0.0,Basic,Standard retention nurture
136668,0.0,0,0,0.1703,Low,0.0,0.0,0.0,0.0,Basic,Standard retention nurture
136669,0.0,0,0,0.7689,Low,0.0,0.0,0.0,0.0,Elite,Standard retention nurture
136670,0.0,0,0,0.781,Low,0.0,0.0,0.0,0.0,Elite,Standard retention nurture
136671,0.0,0,0,0.6114,Low,0.0,0.0,0.0,0.0,Premium,Standard retention nurture
136672,0.0189,0,0,0.3513,Low,0.0066,159.0,48.0,48.0,Standard,Standard retention nurture
136673,0.0,0,0,0.4528,Low,0.0,0.0,0.0,0.0,Standard,Standard retention nurture
136674,0.0,0,0,0.1788,Low,0.0,0.0,0.0,0.0,Basic,Standard retention nurture
136675,1.0,1,1,0.271,Critical,0.271,4673.0,1402.0,902.0,Standard,Relationship manager follow-up
136676,0.0001,0,0,0.4856,Low,0.0,2.0,1.0,1.0,Standard,Standard retention nurture
136677,0.0001,0,0,0.7531,Low,0.0001,3.0,1.0,1.0,Elite,Standard retention nurture
136678,0.0,0,0,0.4359,Low,0.0,0.0,0.0,0.0,Standard,Standard retention nurture
136679,0.0,0,0,0.7616,Low,0.0,0.0,0.0,0.0,Elite,Standard retention nurture
136680,0.0,0,0,0.5074,Low,0.0,0.0,0.0,0.0,Premium,Standard retention nurture
136681,0.0,0,0,0.5002,Low,0.0,0.0,0.0,0.0,Premium,Standard retention nurture
136682,0.0,0,0,0.5948,Low,0.0,0.0,0.0,0.0,Premium,Standard retention nurture
136683,0.0017,0,0,0.4557,Low,0.0008,30.0,9.0,9.0,Standard,Standard retention nurture
136684,0.0,0,0,0.3171,Low,0.0,0.0,0.0,0.0,Standard,Standard retention nurture
136685,0.0,0,0,0.772,Low,0.0,0.0,0.0,0.0,Elite,Standard retention nurture
136686,0.0006,0,0,0.3574,Low,0.0002,11.0,3.0,3.0,Standard,Standard retention nurture
136687,0.0,0,0,0.4293,Low,0.0,0.0,0.0,0.0,Standard,Standard retention nurture
136688,0.0002,0,0,0.2608,Low,0.0001,1.0,0.0,0.0,Standard,Standard retention nurture
136689,0.9996,1,1,0.1037,Critical,0.1037,2908.0,872.0,372.0,Basic,Relationship manager follow-up
136690,0.0,0,0,0.2494,Low,0.0,0.0,0.0,0.0,Basic,Standard retention nurture
136691,0.0221,0,0,0.1401,Low,0.0031,156.0,47.0,47.0,Basic,Standard retention nurture
136692,0.0001,0,0,0.6861,Low,0.0001,3.0,1.0,1.0,Premium,Standard retention nurture
136693,0.0,0,0,0.5468,Low,0.0,0.0,0.0,0.0,Premium,Standard retention nurture
136694,0.0006,0,0,0.3832,Low,0.0002,9.0,3.0,3.0,Standard,Standard retention nurture
136695,0.0248,0,0,0.0794,Low,0.002,55.0,16.0,16.0,Basic,Standard retention nurture
136696,0.0001,0,0,0.4982,Low,0.0,2.0,1.0,1.0,Standard,Standard retention nurture
136697,0.0,0,0,0.3854,Low,0.0,0.0,0.0,0.0,Standard,Standard retention nurture
136698,0.0,0,0,0.2685,Low,0.0,0.0,0.0,0.0,Standard,Standard retention nurture
136699,0.0,0,0,0.3393,Low,0.0,0.0,0.0,0.0,Standard,Standard retention nurture
136700,1.0,1,1,0.2938,Critical,0.2938,10220.0,3066.0,2566.0,Standard,Relationship manager follow-up
136701,0.0044,0,0,0.3301,Low,0.0015,61.0,18.0,18.0,Standard,Standard retention nurture
136702,0.0025,0,0,0.3477,Low,0.0009,20.0,6.0,6.0,Standard,Standard retention nurture
136703,0.0,0,0,0.1722,Low,0.0,0.0,0.0,0.0,Basic,Standard retention nurture
136704,0.0,0,0,0.3692,Low,0.0,0.0,0.0,0.0,Standard,Standard retention nurture
136705,0.0,0,0,0.292,Low,0.0,0.0,0.0,0.0,Standard,Standard retention nurture
136706,0.0,0,0,0.2278,Low,0.0,0.0,0.0,0.0,Basic,Standard retention nurture
136707,0.0,0,0,0.5646,Low,0.0,0.0,0.0,0.0,Premium,Standard retention nurture
136708,0.0,0,0,0.2275,Low,0.0,0.0,0.0,0.0,Basic,Standard retention nurture
136709,0.0049,0,0,0.2888,Low,0.0014,47.0,14.0,14.0,Standard,Standard retention nurture
136710,0.0016,0,0,0.1618,Low,0.0003,11.0,3.0,3.0,Basic,Standard retention nurture
136711,0.9883,1,1,0.1473,Critical,0.1456,3788.0,1136.0,636.0,Basic,Relationship manager follow-up
136712,0.0,0,0,0.5632,Low,0.0,0.0,0.0,0.0,Premium,Standard retention nurture
136713,0.0,0,0,0.3213,Low,0.0,0.0,0.0,0.0,Standard,Standard retention nurture
136714,0.0067,0,0,0.7725,Low,0.0052,223.0,67.0,67.0,Elite,Standard retention nurture
136715,0.0,0,0,0.2076,Low,0.0,0.0,0.0,0.0,Basic,Standard retention nurture
136716,0.0,0,0,0.4857,Low,0.0,0.0,0.0,0.0,Standard,Standard retention nurture
136717,0.9817,1,1,0.2675,Critical,0.2626,11713.0,3514.0,3014.0,Standard,Relationship manager follow-up
136718,0.0001,0,0,0.3177,Low,0.0,2.0,1.0,1.0,Standard,Standard retention nurture
136719,0.0,0,0,0.2829,Low,0.0,0.0,0.0,0.0,Standard,Standard retention nurture
136720,0.0,0,0,0.4726,Low,0.0,0.0,0.0,0.0,Standard,Standard retention nurture
136721,0.0045,0,0,0.2639,Low,0.0012,57.0,17.0,17.0,Standard,Standard retention nurture
136722,0.0,0,0,0.3089,Low,0.0,0.0,0.0,0.0,Standard,Standard retention nurture
136723,0.0,0,0,0.2485,Low,0.0,0.0,0.0,0.0,Basic,Standard retention nurture
136724,0.0041,0,0,0.4086,Low,0.0017,46.0,14.0,14.0,Standard,Standard retention nurture
136725,0.9906,1,1,0.3707,Critical,0.3672,12519.0,3756.0,3256.0,Standard,Relationship manager follow-up
136726,1.0,1,1,0.11,Critical,0.11,1256.0,377.0,-123.0,Basic,Relationship manager follow-up
136727,0.0,0,0,0.1486,Low,0.0,0.0,0.0,0.0,Basic,Standard retention nurture
136728,0.0351,0,0,0.6188,Low,0.0217,967.0,290.0,290.0,Premium,Standard retention nurture
136729,0.0,0,0,0.3057,Low,0.0,0.0,0.0,0.0,Standard,Standard retention nurture
136730,0.0,0,0,0.2984,Low,0.0,0.0,0.0,0.0,Standard,Standard retention nurture
136731,0.0025,0,0,0.5159,Low,0.0013,46.0,14.0,14.0,Premium,Standard retention nurture
136732,0.0001,0,0,0.3036,Low,0.0,1.0,0.0,0.0,Standard,Standard retention nurture
136733,1.0,1,1,0.3423,Critical,0.3423,14222.0,4267.0,3767.0,Standard,Relationship manager follow-up
136734,0.0,0,0,0.3948,Low,0.0,0.0,0.0,0.0,Standard,Standard retention nurture
136735,0.0,0,0,0.3445,Low,0.0,0.0,0.0,0.0,Standard,Standard retention nurture
136736,0.0,0,0,0.2105,Low,0.0,0.0,0.0,0.0,Basic,Standard retention nurture
136737,0.1127,1,0,0.4153,Low,0.0468,2013.0,604.0,104.0,Standard,Relationship manager follow-up
136738,0.0437,0,0,0.651,Low,0.0284,1075.0,322.0,322.0,Premium,Standard retention nurture
136739,0.0,0,0,0.5989,Low,0.0,0.0,0.0,0.0,Premium,Standard retention nurture
136740,0.0,0,0,0.6279,Low,0.0,0.0,0.0,0.0,Premium,Standard retention nurture
136741,0.0001,0,0,0.7358,Low,0.0001,3.0,1.0,1.0,Premium,Standard retention nurture
136742,0.0,0,0,0.4447,Low,0.0,0.0,0.0,0.0,Standard,Standard retention nurture
136743,0.0,0,0,0.1822,Low,0.0,0.0,0.0,0.0,Basic,Standard retention nurture
136744,0.0,0,0,0.2231,Low,0.0,0.0,0.0,0.0,Basic,Standard retention nurture
136745,0.0,0,0,0.2703,Low,0.0,0.0,0.0,0.0,Standard,Standard retention nurture
136746,0.9999,1,1,0.1492,Critical,0.1492,3874.0,1162.0,662.0,Basic,Relationship manager follow-up
136747,0.0,0,0,0.3003,Low,0.0,0.0,0.0,0.0,Standard,Standard retention nurture
136748,0.9959,1,1,0.2292,Critical,0.2283,9442.0,2833.0,2333.0,Basic,Relationship manager follow-up
136749,0.0,0,0,0.4714,Low,0.0,0.0,0.0,0.0,Standard,Standard retention nurture
136750,1.0,1,1,0.0487,Critical,0.0487,3265.0,980.0,480.0,Basic,Relationship manager follow-up
136751,1.0,1,1,0.274,Critical,0.274,9764.0,2929.0,2429.0,Standard,Relationship manager follow-up
136752,0.0,0,0,0.357,Low,0.0,0.0,0.0,0.0,Standard,Standard retention nurture
136753,0.0,0,0,0.292,Low,0.0,0.0,0.0,0.0,Standard,Standard retention nurture
136754,0.0,0,0,0.4065,Low,0.0,0.0,0.0,0.0,Standard,Standard retention nurture
136755,0.0,0,0,0.7995,Low,0.0,0.0,0.0,0.0,Elite,Standard retention nurture
136756,0.0,0,0,0.4642,Low,0.0,0.0,0.0,0.0,Standard,Standard retention nurture
136757,0.0,0,0,0.2109,Low,0.0,0.0,0.0,0.0,Basic,Standard retention nurture
136758,0.0,0,0,0.188,Low,0.0,0.0,0.0,0.0,Basic,Standard retention nurture
136759,0.0,0,0,0.2968,Low,0.0,0.0,0.0,0.0,Standard,Standard retention nurture
136760,0.0086,0,0,0.2557,Low,0.0022,100.0,30.0,30.0,Standard,Standard retention nurture
136761,0.0002,0,0,0.7109,Low,0.0001,7.0,2.0,2.0,Premium,Standard retention nurture
136762,0.0,0,0,0.4976,Low,0.0,0.0,0.0,0.0,Standard,Standard retention nurture
136763,0.0,0,0,0.5742,Low,0.0,0.0,0.0,0.0,Premium,Standard retention nurture
136764,0.0029,0,0,0.5403,Low,0.0016,70.0,21.0,21.0,Premium,Standard retention nurture
136765,0.9984,1,1,0.1863,Critical,0.186,2896.0,869.0,369.0,Basic,Relationship manager follow-up
136766,0.0,0,0,0.2453,Low,0.0,0.0,0.0,0.0,Basic,Standard retention nurture
136767,0.9997,1,1,0.3483,Critical,0.3482,9119.0,2736.0,2236.0,Standard,Relationship manager follow-up
136768,0.9967,1,1,0.2361,Critical,0.2353,7803.0,2341.0,1841.0,Basic,Relationship manager follow-up
136769,0.0,0,0,0.4291,Low,0.0,0.0,0.0,0.0,Standard,Standard retention nurture
136770,0.0,0,0,0.3124,Low,0.0,0.0,0.0,0.0,Standard,Standard retention nurture
136771,0.0001,0,0,0.2696,Low,0.0,1.0,0.0,0.0,Standard,Standard retention nurture
136772,0.0005,0,0,0.1205,Low,0.0001,2.0,1.0,1.0,Basic,Standard retention nurture
136773,0.0,0,0,0.2652,Low,0.0,0.0,0.0,0.0,Standard,Standard retention nurture
136774,0.0089,0,0,0.3893,Low,0.0035,110.0,33.0,33.0,Standard,Standard retention nurture
136775,0.0,0,0,0.5098,Low,0.0,0.0,0.0,0.0,Premium,Standard retention nurture
136776,0.0001,0,0,0.2966,Low,0.0,1.0,0.0,0.0,Standard,Standard retention nurture
136777,0.0,0,0,0.3443,Low,0.0,0.0,0.0,0.0,Standard,Standard retention nurture
136778,0.0,0,0,0.9451,Low,0.0,0.0,0.0,0.0,Elite,Standard retention nurture
136779,0.0,0,0,0.4732,Low,0.0,0.0,0.0,0.0,Standard,Standard retention nurture
136780,0.0,0,0,0.3121,Low,0.0,0.0,0.0,0.0,Standard,Standard retention nurture
136781,0.018,0,0,0.1291,Low,0.0023,80.0,24.0,24.0,Basic,Standard retention nurture
136782,0.0,0,0,0.248,Low,0.0,0.0,0.0,0.0,Basic,Standard retention nurture
136783,0.0,0,0,0.4197,Low,0.0,0.0,0.0,0.0,Standard,Standard retention nurture
136784,0.0,0,0,0.6965,Low,0.0,0.0,0.0,0.0,Premium,Standard retention nurture
136785,0.0012,0,0,0.2019,Low,0.0002,10.0,3.0,3.0,Basic,Standard retention nurture
136786,0.0,0,0,0.2716,Low,0.0,0.0,0.0,0.0,Standard,Standard retention nurture
136787,0.0,0,0,0.3218,Low,0.0,0.0,0.0,0.0,Standard,Standard retention nurture
136788,0.0,0,0,0.8748,Low,0.0,0.0,0.0,0.0,Elite,Standard retention nurture
136789,0.0,0,0,0.6896,Low,0.0,0.0,0.0,0.0,Premium,Standard retention nurture
136790,0.0001,0,0,0.1773,Low,0.0,0.0,0.0,0.0,Basic,Standard retention nurture
136791,0.0,0,0,0.2675,Low,0.0,0.0,0.0,0.0,Standard,Standard retention nurture
136792,0.0,0,0,0.4888,Low,0.0,0.0,0.0,0.0,Standard,Standard retention nurture
136793,0.0,0,0,0.2425,Low,0.0,0.0,0.0,0.0,Basic,Standard retention nurture
136794,0.0,0,0,0.2057,Low,0.0,0.0,0.0,0.0,Basic,Standard retention nurture
136795,0.0,0,0,0.4084,Low,0.0,0.0,0.0,0.0,Standard,Standard retention nurture
136796,0.9837,1,1,0.7712,Critical,0.7586,35977.0,10793.0,10293.0,Elite,Relationship manager follow-up
136797,0.999,1,1,0.2147,Critical,0.2145,4738.0,1421.0,921.0,Basic,Relationship manager follow-up
136798,0.0,0,0,0.5385,Low,0.0,0.0,0.0,0.0,Premium,Standard retention nurture
136799,0.0,0,0,0.5026,Low,0.0,0.0,0.0,0.0,Premium,Standard retention nurture
136800,0.0,0,0,0.7663,Low,0.0,0.0,0.0,0.0,Elite,Standard retention nurture
136801,0.0068,0,0,0.2752,Low,0.0019,19.0,6.0,6.0,Standard,Standard retention nurture
136802,0.1081,0,0,0.1256,Low,0.0136,547.0,164.0,164.0,Basic,Standard retention nurture
136803,0.0334,0,0,0.3786,Low,0.0126,524.0,157.0,157.0,Standard,Standard retention nurture
136804,0.0,0,0,0.454,Low,0.0,0.0,0.0,0.0,Standard,Standard retention nurture
136805,0.0001,0,0,0.1897,Low,0.0,0.0,0.0,0.0,Basic,Standard retention nurture
136806,0.0,0,0,0.4346,Low,0.0,0.0,0.0,0.0,Standard,Standard retention nurture
136807,0.0,0,0,0.4137,Low,0.0,0.0,0.0,0.0,Standard,Standard retention nurture
136808,0.0005,0,0,0.2744,Low,0.0001,7.0,2.0,2.0,Standard,Standard retention nurture
136809,0.0,0,0,0.1332,Low,0.0,0.0,0.0,0.0,Basic,Standard retention nurture
136810,0.0,0,0,0.4618,Low,0.0,0.0,0.0,0.0,Standard,Standard retention nurture
136811,0.0,0,0,0.1493,Low,0.0,0.0,0.0,0.0,Basic,Standard retention nurture
136812,0.0,0,0,0.344,Low,0.0,0.0,0.0,0.0,Standard,Standard retention nurture
136813,0.0,0,0,0.4964,Low,0.0,0.0,0.0,0.0,Standard,Standard retention nurture
136814,0.0092,0,0,0.7666,Low,0.0071,337.0,101.0,101.0,Elite,Standard retention nurture
136815,0.0003,0,0,0.1774,Low,0.0001,2.0,1.0,1.0,Basic,Standard retention nurture
136816,0.0,0,0,0.3576,Low,0.0,0.0,0.0,0.0,Standard,Standard retention nurture
136817,0.103,0,0,0.321,Low,0.0331,747.0,224.0,224.0,Standard,Standard retention nurture
136818,0.0002,0,0,0.1384,Low,0.0,1.0,0.0,0.0,Basic,Standard retention nurture
136819,0.0,0,0,0.3397,Low,0.0,0.0,0.0,0.0,Standard,Standard retention nurture
136820,0.0,0,0,0.5974,Low,0.0,0.0,0.0,0.0,Premium,Standard retention nurture
136821,0.0,0,0,0.2248,Low,0.0,0.0,0.0,0.0,Basic,Standard retention nurture
136822,0.0,0,0,0.7548,Low,0.0,0.0,0.0,0.0,Elite,Standard retention nurture
136823,0.0,0,0,0.5453,Low,0.0,0.0,0.0,0.0,Premium,Standard retention nurture
136824,0.0,0,0,0.6074,Low,0.0,0.0,0.0,0.0,Premium,Standard retention nurture
136825,0.0006,0,0,0.179,Low,0.0001,3.0,1.0,1.0,Basic,Standard retention nurture
136826,1.0,1,1,0.0638,Critical,0.0638,2019.0,606.0,106.0,Basic,Relationship manager follow-up
136827,0.0,0,0,0.98,Low,0.0,0.0,0.0,0.0,Elite,Standard retention nurture
136828,0.0001,0,0,0.1276,Low,0.0,0.0,0.0,0.0,Basic,Standard retention nurture
136829,0.009,0,0,0.4846,Low,0.0044,197.0,59.0,59.0,Standard,Standard retention nurture
136830,0.0004,0,0,0.3864,Low,0.0002,5.0,2.0,2.0,Standard,Standard retention nurture
136831,0.9981,1,1,0.5401,Critical,0.5391,19484.0,5845.0,5345.0,Premium,Relationship manager follow-up
136832,1.0,1,1,0.1353,Critical,0.1353,4384.0,1315.0,815.0,Basic,Relationship manager follow-up
136833,0.0,0,0,0.3927,Low,0.0,0.0,0.0,0.0,Standard,Standard retention nurture
136834,0.9986,1,1,0.0209,Critical,0.0209,732.0,220.0,-280.0,Basic,Relationship manager follow-up
136835,0.0,0,0,0.3166,Low,0.0,0.0,0.0,0.0,Standard,Standard retention nurture
136836,0.0,0,0,0.3836,Low,0.0,0.0,0.0,0.0,Standard,Standard retention nurture
136837,0.0309,0,0,0.346,Low,0.0107,174.0,52.0,52.0,Standard,Standard retention nurture
136838,0.0,0,0,0.6839,Low,0.0,0.0,0.0,0.0,Premium,Standard retention nurture
136839,0.9996,1,1,0.1199,Critical,0.1199,7177.0,2153.0,1653.0,Basic,Relationship manager follow-up
136840,0.0097,0,0,0.4044,Low,0.0039,128.0,38.0,38.0,Standard,Standard retention nurture
136841,0.0003,0,0,0.7434,Low,0.0002,9.0,3.0,3.0,Premium,Standard retention nurture
136842,0.0002,0,0,0.5591,Low,0.0001,4.0,1.0,1.0,Premium,Standard retention nurture
136843,0.0,0,0,0.5135,Low,0.0,0.0,0.0,0.0,Premium,Standard retention nurture
136844,0.0,0,0,0.4765,Low,0.0,0.0,0.0,0.0,Standard,Standard retention nurture
136845,0.031,0,0,0.5422,Low,0.0168,848.0,254.0,254.0,Premium,Standard retention nurture
136846,0.0,0,0,0.4756,Low,0.0,0.0,0.0,0.0,Standard,Standard retention nurture
136847,0.0001,0,0,0.1692,Low,0.0,1.0,0.0,0.0,Basic,Standard retention nurture
136848,0.0,0,0,0.3505,Low,0.0,0.0,0.0,0.0,Standard,Standard retention nurture
136849,0.0,0,0,0.1529,Low,0.0,0.0,0.0,0.0,Basic,Standard retention nurture
136850,0.001,0,0,0.7365,Low,0.0007,37.0,11.0,11.0,Premium,Standard retention nurture
136851,0.0004,0,0,0.3248,Low,0.0001,6.0,2.0,2.0,Standard,Standard retention nurture
136852,0.0,0,0,0.7621,Low,0.0,0.0,0.0,0.0,Elite,Standard retention nurture
136853,0.0,0,0,0.3192,Low,0.0,0.0,0.0,0.0,Standard,Standard retention nurture
136854,0.9998,1,1,0.17,Critical,0.17,5971.0,1791.0,1291.0,Basic,Relationship manager follow-up
136855,0.0,0,0,0.5197,Low,0.0,0.0,0.0,0.0,Premium,Standard retention nurture
136856,0.0,0,0,0.3265,Low,0.0,0.0,0.0,0.0,Standard,Standard retention nurture
136857,0.0,0,0,0.297,Low,0.0,0.0,0.0,0.0,Standard,Standard retention nurture
136858,0.0002,0,0,0.2191,Low,0.0,1.0,0.0,0.0,Basic,Standard retention nurture
136859,0.0005,0,0,0.731,Low,0.0004,18.0,5.0,5.0,Premium,Standard retention nurture
136860,0.0001,0,0,0.1982,Low,0.0,1.0,0.0,0.0,Basic,Standard retention nurture
136861,0.0002,0,0,0.3976,Low,0.0001,1.0,0.0,0.0,Standard,Standard retention nurture
136862,0.0,0,0,0.5887,Low,0.0,0.0,0.0,0.0,Premium,Standard retention nurture
136863,0.9999,1,1,0.1573,Critical,0.1573,1956.0,587.0,87.0,Basic,Relationship manager follow-up
136864,1.0,1,1,0.1316,Critical,0.1316,2204.0,661.0,161.0,Basic,Relationship manager follow-up
136865,0.0,0,0,0.4524,Low,0.0,0.0,0.0,0.0,Standard,Standard retention nurture
136866,0.0033,0,0,0.3989,Low,0.0013,58.0,17.0,17.0,Standard,Standard retention nurture
136867,0.0,0,0,0.7056,Low,0.0,0.0,0.0,0.0,Premium,Standard retention nurture
136868,0.0,0,0,0.372,Low,0.0,0.0,0.0,0.0,Standard,Standard retention nurture
136869,0.0,0,0,0.2035,Low,0.0,0.0,0.0,0.0,Basic,Standard retention nurture
136870,0.0001,0,0,0.3766,Low,0.0,1.0,0.0,0.0,Standard,Standard retention nurture
136871,0.9997,1,1,0.1449,Critical,0.1449,4489.0,1347.0,847.0,Basic,Relationship manager follow-up
136872,0.0,0,0,0.366,Low,0.0,0.0,0.0,0.0,Standard,Standard retention nurture
136873,0.9999,1,1,0.2975,Critical,0.2975,10043.0,3013.0,2513.0,Standard,Relationship manager follow-up
136874,0.0,0,0,0.5521,Low,0.0,0.0,0.0,0.0,Premium,Standard retention nurture
136875,0.9994,1,1,0.1966,Critical,0.1965,2516.0,755.0,255.0,Basic,Relationship manager follow-up
136876,1.0,1,1,0.0997,Critical,0.0997,1989.0,597.0,97.0,Basic,Relationship manager follow-up
136877,0.0,0,0,0.2264,Low,0.0,0.0,0.0,0.0,Basic,Standard retention nurture
136878,0.0,0,0,0.4352,Low,0.0,0.0,0.0,0.0,Standard,Standard retention nurture
136879,0.0003,0,0,0.2509,Low,0.0001,2.0,1.0,1.0,Standard,Standard retention nurture
136880,0.0001,0,0,0.212,Low,0.0,1.0,0.0,0.0,Basic,Standard retention nurture
136881,0.0,0,0,0.4498,Low,0.0,0.0,0.0,0.0,Standard,Standard retention nurture
136882,0.0168,0,0,0.2328,Low,0.0039,128.0,38.0,38.0,Basic,Standard retention nurture
136883,0.0,0,0,0.3099,Low,0.0,0.0,0.0,0.0,Standard,Standard retention nurture
136884,0.0,0,0,0.3901,Low,0.0,0.0,0.0,0.0,Standard,Standard retention nurture
136885,0.0001,0,0,0.1875,Low,0.0,0.0,0.0,0.0,Basic,Standard retention nurture
136886,0.0,0,0,0.3757,Low,0.0,0.0,0.0,0.0,Standard,Standard retention nurture
136887,0.0,0,0,0.4391,Low,0.0,0.0,0.0,0.0,Standard,Standard retention nurture
136888,0.0,0,0,0.3702,Low,0.0,0.0,0.0,0.0,Standard,Standard retention nurture
136889,0.2969,1,0,0.0633,Low,0.0188,857.0,257.0,-243.0,Basic,Relationship manager follow-up
136890,0.9999,1,1,0.2326,Critical,0.2326,3298.0,989.0,489.0,Basic,Relationship manager follow-up
136891,0.0,0,0,0.3454,Low,0.0,0.0,0.0,0.0,Standard,Standard retention nurture
136892,0.9986,1,1,0.3281,Critical,0.3276,12653.0,3796.0,3296.0,Standard,Relationship manager follow-up
136893,0.0,0,0,0.2473,Low,0.0,0.0,0.0,0.0,Basic,Standard retention nurture
136894,0.0,0,0,0.2593,Low,0.0,0.0,0.0,0.0,Standard,Standard retention nurture
136895,0.0001,0,0,0.1999,Low,0.0,1.0,0.0,0.0,Basic,Standard retention nurture
136896,0.0,0,0,0.6299,Low,0.0,0.0,0.0,0.0,Premium,Standard retention nurture
136897,0.0003,0,0,0.3313,Low,0.0001,3.0,1.0,1.0,Standard,Standard retention nurture
136898,0.0,0,0,0.3788,Low,0.0,0.0,0.0,0.0,Standard,Standard retention nurture
136899,0.0001,0,0,0.2139,Low,0.0,1.0,0.0,0.0,Basic,Standard retention nurture
136900,0.0,0,0,0.2091,Low,0.0,0.0,0.0,0.0,Basic,Standard retention nurture
136901,0.0,0,0,0.3566,Low,0.0,0.0,0.0,0.0,Standard,Standard retention nurture
136902,0.0,0,0,0.3257,Low,0.0,0.0,0.0,0.0,Standard,Standard retention nurture
136903,0.0,0,0,0.1486,Low,0.0,0.0,0.0,0.0,Basic,Standard retention nurture
136904,0.0,0,0,0.2265,Low,0.0,0.0,0.0,0.0,Basic,Standard retention nurture
136905,0.0001,0,0,0.1545,Low,0.0,1.0,0.0,0.0,Basic,Standard retention nurture
136906,0.0,0,0,0.3047,Low,0.0,0.0,0.0,0.0,Standard,Standard retention nurture
136907,0.0,0,0,0.4577,Low,0.0,0.0,0.0,0.0,Standard,Standard retention nurture
136908,0.0006,0,0,0.3469,Low,0.0002,5.0,2.0,2.0,Standard,Standard retention nurture
136909,0.0,0,0,0.6733,Low,0.0,0.0,0.0,0.0,Premium,Standard retention nurture
136910,0.0,0,0,0.4354,Low,0.0,0.0,0.0,0.0,Standard,Standard retention nurture
136911,1.0,1,1,0.1531,Critical,0.1531,3156.0,947.0,447.0,Basic,Relationship manager follow-up
136912,0.35,1,0,0.2547,Medium,0.0891,3964.0,1189.0,689.0,Standard,Relationship manager follow-up
136913,0.0,0,0,0.3692,Low,0.0,0.0,0.0,0.0,Standard,Standard retention nurture
136914,0.0,0,0,0.3634,Low,0.0,0.0,0.0,0.0,Standard,Standard retention nurture
136915,0.0,0,0,0.386,Low,0.0,0.0,0.0,0.0,Standard,Standard retention nurture
136916,0.0001,0,0,0.1566,Low,0.0,1.0,0.0,0.0,Basic,Standard retention nurture
136917,0.0,0,0,0.807,Low,0.0,0.0,0.0,0.0,Elite,Standard retention nurture
136918,0.0095,0,0,0.2178,Low,0.0021,33.0,10.0,10.0,Basic,Standard retention nurture
136919,0.8935,1,1,0.1164,Critical,0.104,3293.0,988.0,488.0,Basic,Relationship manager follow-up
136920,0.0,0,0,0.1513,Low,0.0,0.0,0.0,0.0,Basic,Standard retention nurture
136921,0.0001,0,0,0.8012,Low,0.0001,4.0,1.0,1.0,Elite,Standard retention nurture
136922,0.0001,0,0,0.3824,Low,0.0,1.0,0.0,0.0,Standard,Standard retention nurture
136923,1.0,1,1,0.2493,Critical,0.2493,8542.0,2563.0,2063.0,Basic,Relationship manager follow-up
136924,0.0,0,0,0.2689,Low,0.0,0.0,0.0,0.0,Standard,Standard retention nurture
136925,0.0,0,0,0.4205,Low,0.0,0.0,0.0,0.0,Standard,Standard retention nurture
136926,0.0014,0,0,0.6397,Low,0.0009,45.0,14.0,14.0,Premium,Standard retention nurture
136927,0.0,0,0,0.306,Low,0.0,0.0,0.0,0.0,Standard,Standard retention nurture
136928,0.0,0,0,0.2533,Low,0.0,0.0,0.0,0.0,Standard,Standard retention nurture
136929,0.0195,0,0,0.1392,Low,0.0027,54.0,16.0,16.0,Basic,Standard retention nurture
136930,0.9999,1,1,0.1287,Critical,0.1287,3359.0,1008.0,508.0,Basic,Relationship manager follow-up
136931,0.0001,0,0,0.1027,Low,0.0,0.0,0.0,0.0,Basic,Standard retention nurture
136932,0.0003,0,0,0.3679,Low,0.0001,3.0,1.0,1.0,Standard,Standard retention nurture
136933,0.0,0,0,0.3092,Low,0.0,0.0,0.0,0.0,Standard,Standard retention nurture
136934,0.0,0,0,0.4872,Low,0.0,0.0,0.0,0.0,Standard,Standard retention nurture
136935,0.0,0,0,0.5551,Low,0.0,0.0,0.0,0.0,Premium,Standard retention nurture
136936,0.0,0,0,0.329,Low,0.0,0.0,0.0,0.0,Standard,Standard retention nurture
136937,0.0003,0,0,0.5673,Low,0.0002,7.0,2.0,2.0,Premium,Standard retention nurture
136938,0.0,0,0,0.3963,Low,0.0,0.0,0.0,0.0,Standard,Standard retention nurture
136939,0.0,0,0,0.3398,Low,0.0,0.0,0.0,0.0,Standard,Standard retention nurture
136940,0.0,0,0,0.5125,Low,0.0,0.0,0.0,0.0,Premium,Standard retention nurture
136941,0.0037,0,0,0.2732,Low,0.001,47.0,14.0,14.0,Standard,Standard retention nurture
136942,0.0,0,0,0.5062,Low,0.0,0.0,0.0,0.0,Premium,Standard retention nurture
136943,0.0,0,0,0.4232,Low,0.0,0.0,0.0,0.0,Standard,Standard retention nurture
136944,0.4255,1,1,0.3853,Medium,0.1639,5617.0,1685.0,1185.0,Standard,Relationship manager follow-up
136945,0.0003,0,0,0.5063,Low,0.0002,8.0,2.0,2.0,Premium,Standard retention nurture
136946,0.0,0,0,0.853,Low,0.0,0.0,0.0,0.0,Elite,Standard retention nurture
136947,0.0002,0,0,0.5385,Low,0.0001,5.0,2.0,2.0,Premium,Standard retention nurture
136948,0.0,0,0,0.3941,Low,0.0,0.0,0.0,0.0,Standard,Standard retention nurture
136949,0.0,0,0,0.5254,Low,0.0,0.0,0.0,0.0,Premium,Standard retention nurture
136950,0.9994,1,1,0.0797,Critical,0.0797,3047.0,914.0,414.0,Basic,Relationship manager follow-up
136951,0.9999,1,1,0.4112,Critical,0.4112,13364.0,4009.0,3509.0,Standard,Relationship manager follow-up
136952,0.994,1,1,0.224,Critical,0.2227,9495.0,2848.0,2348.0,Basic,Relationship manager follow-up
136953,0.0,0,0,0.6539,Low,0.0,0.0,0.0,0.0,Premium,Standard retention nurture
136954,0.0,0,0,0.2376,Low,0.0,0.0,0.0,0.0,Basic,Standard retention nurture
136955,0.0001,0,0,0.318,Low,0.0,1.0,0.0,0.0,Standard,Standard retention nurture
136956,0.0,0,0,0.7609,Low,0.0,0.0,0.0,0.0,Elite,Standard retention nurture
136957,0.9992,1,1,0.3717,Critical,0.3714,9321.0,2796.0,2296.0,Standard,Relationship manager follow-up
136958,0.0,0,0,0.3169,Low,0.0,0.0,0.0,0.0,Standard,Standard retention nurture
136959,0.0,0,0,0.3112,Low,0.0,0.0,0.0,0.0,Standard,Standard retention nurture
136960,0.0,0,0,0.5923,Low,0.0,0.0,0.0,0.0,Premium,Standard retention nurture
136961,0.0,0,0,0.4892,Low,0.0,0.0,0.0,0.0,Standard,Standard retention nurture
136962,0.0002,0,0,0.3816,Low,0.0001,3.0,1.0,1.0,Standard,Standard retention nurture
136963,0.0,0,0,0.7926,Low,0.0,0.0,0.0,0.0,Elite,Standard retention nurture
136964,0.0329,0,0,0.2448,Low,0.0081,309.0,93.0,93.0,Basic,Standard retention nurture
136965,0.0,0,0,0.7107,Low,0.0,0.0,0.0,0.0,Premium,Standard retention nurture
136966,0.0,0,0,0.6145,Low,0.0,0.0,0.0,0.0,Premium,Standard retention nurture
136967,0.0,0,0,0.246,Low,0.0,0.0,0.0,0.0,Basic,Standard retention nurture
136968,0.0,0,0,0.3123,Low,0.0,0.0,0.0,0.0,Standard,Standard retention nurture
136969,0.0,0,0,0.4115,Low,0.0,0.0,0.0,0.0,Standard,Standard retention nurture
136970,0.0,0,0,0.2767,Low,0.0,0.0,0.0,0.0,Standard,Standard retention nurture
136971,0.0002,0,0,0.5623,Low,0.0001,5.0,2.0,2.0,Premium,Standard retention nurture
136972,1.0,1,1,0.169,Critical,0.169,4700.0,1410.0,910.0,Basic,Relationship manager follow-up
136973,0.0006,0,0,0.346,Low,0.0002,7.0,2.0,2.0,Standard,Standard retention nurture
136974,0.0001,0,0,0.5575,Low,0.0001,2.0,1.0,1.0,Premium,Standard retention nurture
136975,0.0,0,0,0.2606,Low,0.0,0.0,0.0,0.0,Standard,Standard retention nurture
136976,1.0,1,1,0.3638,Critical,0.3638,10902.0,3271.0,2771.0,Standard,Relationship manager follow-up
136977,0.0001,0,0,0.4379,Low,0.0,1.0,0.0,0.0,Standard,Standard retention nurture
136978,0.0,0,0,0.6636,Low,0.0,0.0,0.0,0.0,Premium,Standard retention nurture
136979,0.0,0,0,0.262,Low,0.0,0.0,0.0,0.0,Standard,Standard retention nurture
136980,0.9689,1,1,0.3071,Critical,0.2975,11673.0,3502.0,3002.0,Standard,Relationship manager follow-up
136981,0.0649,0,0,0.5216,Low,0.0339,1351.0,405.0,405.0,Premium,Standard retention nurture
136982,0.0,0,0,0.1548,Low,0.0,0.0,0.0,0.0,Basic,Standard retention nurture
136983,0.0,0,0,0.4849,Low,0.0,0.0,0.0,0.0,Standard,Standard retention nurture
136984,1.0,1,1,0.1595,Critical,0.1595,4359.0,1308.0,808.0,Basic,Relationship manager follow-up
136985,0.0,0,0,0.49,Low,0.0,0.0,0.0,0.0,Standard,Standard retention nurture
136986,0.0,0,0,0.1999,Low,0.0,0.0,0.0,0.0,Basic,Standard retention nurture
136987,0.0,0,0,0.3784,Low,0.0,0.0,0.0,0.0,Standard,Standard retention nurture
136988,1.0,1,1,0.2155,Critical,0.2155,6110.0,1833.0,1333.0,Basic,Relationship manager follow-up
136989,0.0,0,0,0.3447,Low,0.0,0.0,0.0,0.0,Standard,Standard retention nurture
136990,0.0003,0,0,0.8932,Low,0.0003,11.0,3.0,3.0,Elite,Standard retention nurture
136991,0.0002,0,0,0.2587,Low,0.0001,1.0,0.0,0.0,Standard,Standard retention nurture
136992,0.0552,0,0,0.5448,Low,0.0301,1300.0,390.0,390.0,Premium,Standard retention nurture
136993,0.9998,1,1,0.1156,Critical,0.1156,1753.0,526.0,26.0,Basic,Relationship manager follow-up
136994,0.0005,0,0,0.4929,Low,0.0002,11.0,3.0,3.0,Standard,Standard retention nurture
136995,0.0,0,0,0.5919,Low,0.0,0.0,0.0,0.0,Premium,Standard retention nurture
136996,0.0,0,0,0.1907,Low,0.0,0.0,0.0,0.0,Basic,Standard retention nurture
136997,0.0005,0,0,0.3823,Low,0.0002,8.0,2.0,2.0,Standard,Standard retention nurture
136998,0.0,0,0,0.2485,Low,0.0,0.0,0.0,0.0,Basic,Standard retention nurture
136999,0.0,0,0,0.2252,Low,0.0,0.0,0.0,0.0,Basic,Standard retention nurture
137000,0.0002,0,0,0.8753,Low,0.0002,7.0,2.0,2.0,Elite,Standard retention nurture
137001,0.0,0,0,0.2186,Low,0.0,0.0,0.0,0.0,Basic,Standard retention nurture
137002,0.0,0,0,0.7039,Low,0.0,0.0,0.0,0.0,Premium,Standard retention nurture
137003,0.0,0,0,0.3971,Low,0.0,0.0,0.0,0.0,Standard,Standard retention nurture
137004,0.0,0,0,0.4623,Low,0.0,0.0,0.0,0.0,Standard,Standard retention nurture
137005,0.5985,1,1,0.268,High,0.1604,5107.0,1532.0,1032.0,Standard,Relationship manager follow-up
137006,0.0003,0,0,0.3128,Low,0.0001,3.0,1.0,1.0,Standard,Standard retention nurture
137007,0.0102,0,0,0.1795,Low,0.0018,24.0,7.0,7.0,Basic,Standard retention nurture
137008,0.9999,1,1,0.1592,Critical,0.1592,6840.0,2052.0,1552.0,Basic,Relationship manager follow-up
137009,0.0001,0,0,0.2217,Low,0.0,1.0,0.0,0.0,Basic,Standard retention nurture
137010,0.0013,0,0,0.296,Low,0.0004,11.0,3.0,3.0,Standard,Standard retention nurture
137011,0.0004,0,0,0.3204,Low,0.0001,4.0,1.0,1.0,Standard,Standard retention nurture
137012,0.9467,1,1,0.1415,Critical,0.134,2676.0,803.0,303.0,Basic,Relationship manager follow-up
137013,0.0003,0,0,0.1889,Low,0.0001,1.0,0.0,0.0,Basic,Standard retention nurture
137014,0.0,0,0,0.3387,Low,0.0,0.0,0.0,0.0,Standard,Standard retention nurture
137015,0.0,0,0,0.5211,Low,0.0,0.0,0.0,0.0,Premium,Standard retention nurture
137016,0.0,0,0,0.3342,Low,0.0,0.0,0.0,0.0,Standard,Standard retention nurture
137017,0.002,0,0,0.528,Low,0.0011,42.0,13.0,13.0,Premium,Standard retention nurture
137018,0.0,0,0,0.2719,Low,0.0,0.0,0.0,0.0,Standard,Standard retention nurture
137019,0.9011,1,1,0.3873,Critical,0.349,10083.0,3025.0,2525.0,Standard,Relationship manager follow-up
137020,0.0,0,0,0.6769,Low,0.0,0.0,0.0,0.0,Premium,Standard retention nurture
137021,1.0,1,1,0.0411,Critical,0.0411,1320.0,396.0,-104.0,Basic,Relationship manager follow-up
137022,0.0,0,0,0.4231,Low,0.0,0.0,0.0,0.0,Standard,Standard retention nurture
137023,0.0036,0,0,0.4005,Low,0.0014,62.0,19.0,19.0,Standard,Standard retention nurture
137024,0.0,0,0,0.6007,Low,0.0,0.0,0.0,0.0,Premium,Standard retention nurture
137025,0.0002,0,0,0.5329,Low,0.0001,6.0,2.0,2.0,Premium,Standard retention nurture
137026,0.0,0,0,0.6947,Low,0.0,0.0,0.0,0.0,Premium,Standard retention nurture
137027,0.0004,0,0,0.2423,Low,0.0001,4.0,1.0,1.0,Basic,Standard retention nurture
137028,0.0,0,0,0.7892,Low,0.0,0.0,0.0,0.0,Elite,Standard retention nurture
137029,0.0,0,0,0.8124,Low,0.0,0.0,0.0,0.0,Elite,Standard retention nurture
137030,0.9998,1,1,0.1507,Critical,0.1507,5342.0,1603.0,1103.0,Basic,Relationship manager follow-up
137031,0.0001,0,0,0.1056,Low,0.0,0.0,0.0,0.0,Basic,Standard retention nurture
137032,0.0,0,0,0.5121,Low,0.0,0.0,0.0,0.0,Premium,Standard retention nurture
137033,0.0,0,0,0.466,Low,0.0,0.0,0.0,0.0,Standard,Standard retention nurture
137034,0.7936,1,1,0.6152,Critical,0.4882,19785.0,5936.0,5436.0,Premium,Relationship manager follow-up
137035,0.0,0,0,0.5206,Low,0.0,0.0,0.0,0.0,Premium,Standard retention nurture
137036,0.9777,1,1,0.4962,Critical,0.4851,15662.0,4699.0,4199.0,Standard,Relationship manager follow-up
137037,0.0,0,0,0.3107,Low,0.0,0.0,0.0,0.0,Standard,Standard retention nurture
137038,0.0002,0,0,0.1403,Low,0.0,0.0,0.0,0.0,Basic,Standard retention nurture
137039,0.9822,1,1,0.3317,Critical,0.3258,9666.0,2900.0,2400.0,Standard,Relationship manager follow-up
137040,0.0,0,0,0.2376,Low,0.0,0.0,0.0,0.0,Basic,Standard retention nurture
137041,0.6164,1,0,0.5654,High,0.3485,17709.0,5313.0,4813.0,Premium,Relationship manager follow-up
137042,0.0,0,0,0.2956,Low,0.0,0.0,0.0,0.0,Standard,Standard retention nurture
137043,0.0,0,0,0.6757,Low,0.0,0.0,0.0,0.0,Premium,Standard retention nurture
137044,0.0,0,0,0.5746,Low,0.0,0.0,0.0,0.0,Premium,Standard retention nurture
137045,0.9972,1,1,0.0805,Critical,0.0803,2996.0,899.0,399.0,Basic,Relationship manager follow-up
137046,0.001,0,0,0.1748,Low,0.0002,6.0,2.0,2.0,Basic,Standard retention nurture
137047,0.0023,0,0,0.3074,Low,0.0007,20.0,6.0,6.0,Standard,Standard retention nurture
137048,0.0022,0,0,0.1999,Low,0.0004,10.0,3.0,3.0,Basic,Standard retention nurture
137049,0.0,0,0,0.2503,Low,0.0,0.0,0.0,0.0,Standard,Standard retention nurture
137050,0.9995,1,1,0.329,Critical,0.3288,14304.0,4291.0,3791.0,Standard,Relationship manager follow-up
137051,0.0,0,0,0.4534,Low,0.0,0.0,0.0,0.0,Standard,Standard retention nurture
137052,0.0,0,0,0.5292,Low,0.0,0.0,0.0,0.0,Premium,Standard retention nurture
137053,0.0,0,0,0.3901,Low,0.0,0.0,0.0,0.0,Standard,Standard retention nurture
137054,0.0,0,0,0.4462,Low,0.0,0.0,0.0,0.0,Standard,Standard retention nurture
137055,0.0,0,0,0.2609,Low,0.0,0.0,0.0,0.0,Standard,Standard retention nurture
137056,0.0,0,0,0.7357,Low,0.0,0.0,0.0,0.0,Premium,Standard retention nurture
137057,0.0,0,0,0.2704,Low,0.0,0.0,0.0,0.0,Standard,Standard retention nurture
137058,0.0019,0,0,0.2209,Low,0.0004,8.0,2.0,2.0,Basic,Standard retention nurture
137059,0.0011,0,0,0.1068,Low,0.0001,4.0,1.0,1.0,Basic,Standard retention nurture
137060,0.0,0,0,0.4865,Low,0.0,0.0,0.0,0.0,Standard,Standard retention nurture
137061,0.8424,1,1,0.8118,Critical,0.6839,30849.0,9255.0,8755.0,Elite,Relationship manager follow-up
137062,0.0,0,0,0.6544,Low,0.0,0.0,0.0,0.0,Premium,Standard retention nurture
137063,0.0,0,0,0.2429,Low,0.0,0.0,0.0,0.0,Basic,Standard retention nurture
137064,0.0,0,0,0.2441,Low,0.0,0.0,0.0,0.0,Basic,Standard retention nurture
137065,0.0,0,0,0.3028,Low,0.0,0.0,0.0,0.0,Standard,Standard retention nurture
137066,0.0,0,0,0.3645,Low,0.0,0.0,0.0,0.0,Standard,Standard retention nurture
137067,0.0,0,0,0.6247,Low,0.0,0.0,0.0,0.0,Premium,Standard retention nurture
137068,0.0,0,0,0.42,Low,0.0,0.0,0.0,0.0,Standard,Standard retention nurture
137069,0.0,0,0,0.4659,Low,0.0,0.0,0.0,0.0,Standard,Standard retention nurture
137070,0.0186,0,0,0.3515,Low,0.0065,341.0,102.0,102.0,Standard,Standard retention nurture
137071,0.0008,0,0,0.2141,Low,0.0002,9.0,3.0,3.0,Basic,Standard retention nurture
137072,0.0,0,0,0.3872,Low,0.0,0.0,0.0,0.0,Standard,Standard retention nurture
137073,0.0,0,0,0.4519,Low,0.0,0.0,0.0,0.0,Standard,Standard retention nurture
137074,0.0029,0,0,0.396,Low,0.0011,47.0,14.0,14.0,Standard,Standard retention nurture
137075,0.0,0,0,0.5988,Low,0.0,0.0,0.0,0.0,Premium,Standard retention nurture
137076,0.0,0,0,0.5026,Low,0.0,0.0,0.0,0.0,Premium,Standard retention nurture
137077,0.0,0,0,0.4001,Low,0.0,0.0,0.0,0.0,Standard,Standard retention nurture
137078,0.0,0,0,0.3546,Low,0.0,0.0,0.0,0.0,Standard,Standard retention nurture
137079,0.0,0,0,0.4805,Low,0.0,0.0,0.0,0.0,Standard,Standard retention nurture
137080,0.0004,0,0,0.79,Low,0.0003,15.0,4.0,4.0,Elite,Standard retention nurture
137081,0.0001,0,0,0.4337,Low,0.0,2.0,1.0,1.0,Standard,Standard retention nurture
137082,0.0,0,0,0.2057,Low,0.0,0.0,0.0,0.0,Basic,Standard retention nurture
137083,0.0,0,0,0.3109,Low,0.0,0.0,0.0,0.0,Standard,Standard retention nurture
137084,0.0,0,0,0.1803,Low,0.0,0.0,0.0,0.0,Basic,Standard retention nurture
137085,0.9815,1,1,0.1563,Critical,0.1534,3629.0,1089.0,589.0,Basic,Relationship manager follow-up
137086,0.0,0,0,0.96,Low,0.0,0.0,0.0,0.0,Elite,Standard retention nurture
137087,0.0,0,0,0.4528,Low,0.0,0.0,0.0,0.0,Standard,Standard retention nurture
137088,0.0,0,0,0.6625,Low,0.0,0.0,0.0,0.0,Premium,Standard retention nurture
137089,0.0,0,0,0.357,Low,0.0,0.0,0.0,0.0,Standard,Standard retention nurture
137090,0.0,0,0,0.2577,Low,0.0,0.0,0.0,0.0,Standard,Standard retention nurture
137091,0.0012,0,0,0.2117,Low,0.0003,7.0,2.0,2.0,Basic,Standard retention nurture
137092,1.0,1,1,0.0944,Critical,0.0944,1206.0,362.0,-138.0,Basic,Relationship manager follow-up
137093,0.9999,1,1,0.1631,Critical,0.1631,4729.0,1419.0,919.0,Basic,Relationship manager follow-up
137094,0.0,0,0,0.1523,Low,0.0,0.0,0.0,0.0,Basic,Standard retention nurture
137095,0.0,0,0,0.307,Low,0.0,0.0,0.0,0.0,Standard,Standard retention nurture
137096,0.0001,0,0,0.6224,Low,0.0001,2.0,1.0,1.0,Premium,Standard retention nurture
137097,0.0,0,0,0.2846,Low,0.0,0.0,0.0,0.0,Standard,Standard retention nurture
137098,0.0,0,0,0.3053,Low,0.0,0.0,0.0,0.0,Standard,Standard retention nurture
137099,0.0,0,0,0.3174,Low,0.0,0.0,0.0,0.0,Standard,Standard retention nurture
137100,0.0002,0,0,0.9296,Low,0.0002,7.0,2.0,2.0,Elite,Standard retention nurture
137101,0.0001,0,0,0.2479,Low,0.0,0.0,0.0,0.0,Basic,Standard retention nurture
137102,0.0,0,0,0.2229,Low,0.0,0.0,0.0,0.0,Basic,Standard retention nurture
137103,0.0,0,0,0.633,Low,0.0,0.0,0.0,0.0,Premium,Standard retention nurture
137104,0.0,0,0,0.372,Low,0.0,0.0,0.0,0.0,Standard,Standard retention nurture
137105,0.004,0,0,0.2216,Low,0.0009,29.0,9.0,9.0,Basic,Standard retention nurture
137106,0.9987,1,1,0.3688,Critical,0.3683,6690.0,2007.0,1507.0,Standard,Relationship manager follow-up
137107,0.0,0,0,0.3201,Low,0.0,0.0,0.0,0.0,Standard,Standard retention nurture
137108,1.0,1,1,0.2655,Critical,0.2655,4310.0,1293.0,793.0,Standard,Relationship manager follow-up
137109,0.0001,0,0,0.4238,Low,0.0,1.0,0.0,0.0,Standard,Standard retention nurture
137110,0.025,0,0,0.1452,Low,0.0036,169.0,51.0,51.0,Basic,Standard retention nurture
137111,0.0028,0,0,0.2949,Low,0.0008,29.0,9.0,9.0,Standard,Standard retention nurture
137112,0.0,0,0,0.2341,Low,0.0,0.0,0.0,0.0,Basic,Standard retention nurture
137113,0.0,0,0,0.2693,Low,0.0,0.0,0.0,0.0,Standard,Standard retention nurture
137114,0.0,0,0,0.2505,Low,0.0,0.0,0.0,0.0,Standard,Standard retention nurture
137115,0.0,0,0,0.3037,Low,0.0,0.0,0.0,0.0,Standard,Standard retention nurture
137116,0.1165,1,0,0.1435,Low,0.0167,298.0,89.0,-411.0,Basic,Relationship manager follow-up
137117,0.0,0,0,0.4883,Low,0.0,0.0,0.0,0.0,Standard,Standard retention nurture
137118,0.001,0,0,0.9361,Low,0.0009,32.0,10.0,10.0,Elite,Standard retention nurture
137119,0.0015,0,0,0.3517,Low,0.0005,22.0,7.0,7.0,Standard,Standard retention nurture
137120,0.0265,0,0,0.4517,Low,0.012,644.0,193.0,193.0,Standard,Standard retention nurture
137121,0.8395,1,1,0.5352,Critical,0.4493,20208.0,6062.0,5562.0,Premium,Relationship manager follow-up
137122,0.0035,0,0,0.5577,Low,0.002,74.0,22.0,22.0,Premium,Standard retention nurture
137123,0.0,0,0,0.2746,Low,0.0,0.0,0.0,0.0,Standard,Standard retention nurture
137124,0.0,0,0,0.6599,Low,0.0,0.0,0.0,0.0,Premium,Standard retention nurture
137125,0.0,0,0,0.792,Low,0.0,0.0,0.0,0.0,Elite,Standard retention nurture
137126,0.0,0,0,0.3836,Low,0.0,0.0,0.0,0.0,Standard,Standard retention nurture
137127,0.0002,0,0,0.1394,Low,0.0,1.0,0.0,0.0,Basic,Standard retention nurture
137128,0.0,0,0,0.6207,Low,0.0,0.0,0.0,0.0,Premium,Standard retention nurture
137129,0.0586,0,0,0.2167,Low,0.0127,463.0,139.0,139.0,Basic,Standard retention nurture
137130,0.001,0,0,0.2093,Low,0.0002,11.0,3.0,3.0,Basic,Standard retention nurture
137131,0.0143,0,0,0.1751,Low,0.0025,97.0,29.0,29.0,Basic,Standard retention nurture
137132,0.0,0,0,0.1884,Low,0.0,0.0,0.0,0.0,Basic,Standard retention nurture
137133,0.0,0,0,0.3701,Low,0.0,0.0,0.0,0.0,Standard,Standard retention nurture
137134,0.0,0,0,0.2294,Low,0.0,0.0,0.0,0.0,Basic,Standard retention nurture
137135,0.0,0,0,0.2603,Low,0.0,0.0,0.0,0.0,Standard,Standard retention nurture
137136,0.0054,0,0,0.4519,Low,0.0024,99.0,30.0,30.0,Standard,Standard retention nurture
137137,0.0,0,0,0.4585,Low,0.0,0.0,0.0,0.0,Standard,Standard retention nurture
137138,0.0,0,0,0.3996,Low,0.0,0.0,0.0,0.0,Standard,Standard retention nurture
137139,0.0,0,0,0.4353,Low,0.0,0.0,0.0,0.0,Standard,Standard retention nurture
137140,0.0,0,0,0.2429,Low,0.0,0.0,0.0,0.0,Basic,Standard retention nurture
137141,0.0,0,0,0.5667,Low,0.0,0.0,0.0,0.0,Premium,Standard retention nurture
137142,0.0,0,0,0.3751,Low,0.0,0.0,0.0,0.0,Standard,Standard retention nurture
137143,0.0,0,0,0.6904,Low,0.0,0.0,0.0,0.0,Premium,Standard retention nurture
137144,0.0014,0,0,0.1449,Low,0.0002,6.0,2.0,2.0,Basic,Standard retention nurture
137145,0.0,0,0,0.3628,Low,0.0,0.0,0.0,0.0,Standard,Standard retention nurture
137146,0.0,0,0,0.3213,Low,0.0,0.0,0.0,0.0,Standard,Standard retention nurture
137147,0.8993,1,1,0.2908,Critical,0.2615,7118.0,2135.0,1635.0,Standard,Relationship manager follow-up
137148,0.0,0,0,0.5003,Low,0.0,0.0,0.0,0.0,Premium,Standard retention nurture
137149,0.0032,0,0,0.7672,Low,0.0025,116.0,35.0,35.0,Elite,Standard retention nurture
137150,0.0002,0,0,0.2164,Low,0.0,2.0,1.0,1.0,Basic,Standard retention nurture
137151,0.0013,0,0,0.4361,Low,0.0006,15.0,4.0,4.0,Standard,Standard retention nurture
137152,0.0,0,0,0.4008,Low,0.0,0.0,0.0,0.0,Standard,Standard retention nurture
137153,0.0003,0,0,0.0731,Low,0.0,1.0,0.0,0.0,Basic,Standard retention nurture
137154,0.0056,0,0,0.6738,Low,0.0038,138.0,41.0,41.0,Premium,Standard retention nurture
137155,0.0,0,0,0.4771,Low,0.0,0.0,0.0,0.0,Standard,Standard retention nurture
137156,0.0002,0,0,0.2265,Low,0.0,1.0,0.0,0.0,Basic,Standard retention nurture
137157,0.0,0,0,0.827,Low,0.0,0.0,0.0,0.0,Elite,Standard retention nurture
137158,0.0,0,0,0.6691,Low,0.0,0.0,0.0,0.0,Premium,Standard retention nurture
137159,0.0,0,0,0.4894,Low,0.0,0.0,0.0,0.0,Standard,Standard retention nurture
137160,0.0,0,0,0.3177,Low,0.0,0.0,0.0,0.0,Standard,Standard retention nurture
137161,0.0,0,0,0.555,Low,0.0,0.0,0.0,0.0,Premium,Standard retention nurture
137162,0.0006,0,0,0.6571,Low,0.0004,16.0,5.0,5.0,Premium,Standard retention nurture
137163,0.0,0,0,0.9228,Low,0.0,0.0,0.0,0.0,Elite,Standard retention nurture
137164,1.0,1,1,0.2471,Critical,0.2471,9325.0,2798.0,2298.0,Basic,Relationship manager follow-up
137165,0.0001,0,0,0.2805,Low,0.0,1.0,0.0,0.0,Standard,Standard retention nurture
137166,0.0,0,0,0.4506,Low,0.0,0.0,0.0,0.0,Standard,Standard retention nurture
137167,0.0,0,0,0.3084,Low,0.0,0.0,0.0,0.0,Standard,Standard retention nurture
137168,0.0,0,0,0.3477,Low,0.0,0.0,0.0,0.0,Standard,Standard retention nurture
137169,0.0,0,0,0.1557,Low,0.0,0.0,0.0,0.0,Basic,Standard retention nurture
137170,0.0,0,0,0.3999,Low,0.0,0.0,0.0,0.0,Standard,Standard retention nurture
137171,0.0,0,0,0.6538,Low,0.0,0.0,0.0,0.0,Premium,Standard retention nurture
137172,0.0,0,0,0.3353,Low,0.0,0.0,0.0,0.0,Standard,Standard retention nurture
137173,0.0001,0,0,0.3803,Low,0.0,1.0,0.0,0.0,Standard,Standard retention nurture
137174,0.9996,1,1,0.266,Critical,0.2659,6509.0,1953.0,1453.0,Standard,Relationship manager follow-up
137175,0.0005,0,0,0.3618,Low,0.0002,5.0,2.0,2.0,Standard,Standard retention nurture
137176,0.9985,1,1,0.1631,Critical,0.1629,9521.0,2856.0,2356.0,Basic,Relationship manager follow-up
137177,0.1273,1,0,0.6573,Low,0.0837,3559.0,1068.0,568.0,Premium,Relationship manager follow-up
137178,0.0,0,0,0.4441,Low,0.0,0.0,0.0,0.0,Standard,Standard retention nurture
137179,0.0,0,0,0.3,Low,0.0,0.0,0.0,0.0,Standard,Standard retention nurture
137180,0.0032,0,0,0.3536,Low,0.0011,48.0,14.0,14.0,Standard,Standard retention nurture
137181,0.9998,1,1,0.2186,Critical,0.2186,8062.0,2419.0,1919.0,Basic,Relationship manager follow-up
137182,0.0,0,0,0.4636,Low,0.0,0.0,0.0,0.0,Standard,Standard retention nurture
137183,0.0,0,0,0.2199,Low,0.0,0.0,0.0,0.0,Basic,Standard retention nurture
137184,0.0058,0,0,0.4508,Low,0.0026,72.0,22.0,22.0,Standard,Standard retention nurture
137185,0.0001,0,0,0.194,Low,0.0,0.0,0.0,0.0,Basic,Standard retention nurture
137186,0.0002,0,0,0.5416,Low,0.0001,3.0,1.0,1.0,Premium,Standard retention nurture
137187,0.0001,0,0,0.5484,Low,0.0001,2.0,1.0,1.0,Premium,Standard retention nurture
137188,1.0,1,1,0.2453,Critical,0.2453,7275.0,2182.0,1682.0,Basic,Relationship manager follow-up
137189,0.0,0,0,0.5823,Low,0.0,0.0,0.0,0.0,Premium,Standard retention nurture
137190,0.0012,0,0,0.1499,Low,0.0002,3.0,1.0,1.0,Basic,Standard retention nurture
137191,0.0488,0,0,0.2993,Low,0.0146,578.0,173.0,173.0,Standard,Standard retention nurture
137192,0.0011,0,0,0.1885,Low,0.0002,7.0,2.0,2.0,Basic,Standard retention nurture
137193,0.0,0,0,0.8359,Low,0.0,0.0,0.0,0.0,Elite,Standard retention nurture
137194,0.0,0,0,0.6989,Low,0.0,0.0,0.0,0.0,Premium,Standard retention nurture
137195,0.0,0,0,0.3537,Low,0.0,0.0,0.0,0.0,Standard,Standard retention nurture
137196,0.0019,0,0,0.1335,Low,0.0003,10.0,3.0,3.0,Basic,Standard retention nurture
137197,0.0,0,0,0.1532,Low,0.0,0.0,0.0,0.0,Basic,Standard retention nurture
137198,0.0,0,0,0.3685,Low,0.0,0.0,0.0,0.0,Standard,Standard retention nurture
137199,0.0,0,0,0.3091,Low,0.0,0.0,0.0,0.0,Standard,Standard retention nurture
137200,0.0,0,0,0.2258,Low,0.0,0.0,0.0,0.0,Basic,Standard retention nurture
137201,0.0,0,0,0.1683,Low,0.0,0.0,0.0,0.0,Basic,Standard retention nurture
137202,0.0,0,0,0.8397,Low,0.0,0.0,0.0,0.0,Elite,Standard retention nurture
137203,0.0,0,0,0.5119,Low,0.0,0.0,0.0,0.0,Premium,Standard retention nurture
137204,0.0,0,0,0.335,Low,0.0,0.0,0.0,0.0,Standard,Standard retention nurture
137205,0.0,0,0,0.6677,Low,0.0,0.0,0.0,0.0,Premium,Standard retention nurture
137206,0.9076,1,1,0.4329,Critical,0.3929,11928.0,3578.0,3078.0,Standard,Relationship manager follow-up
137207,0.9979,1,1,0.2595,Critical,0.259,9544.0,2863.0,2363.0,Standard,Relationship manager follow-up
137208,0.9109,1,1,0.3519,Critical,0.3205,16222.0,4867.0,4367.0,Standard,Relationship manager follow-up
137209,0.0001,0,0,0.1491,Low,0.0,0.0,0.0,0.0,Basic,Standard retention nurture
137210,0.0004,0,0,0.8799,Low,0.0004,12.0,4.0,4.0,Elite,Standard retention nurture
137211,0.0,0,0,0.3482,Low,0.0,0.0,0.0,0.0,Standard,Standard retention nurture
137212,0.0004,0,0,0.3052,Low,0.0001,2.0,1.0,1.0,Standard,Standard retention nurture
137213,0.0,0,0,0.3842,Low,0.0,0.0,0.0,0.0,Standard,Standard retention nurture
137214,0.0,0,0,0.5321,Low,0.0,0.0,0.0,0.0,Premium,Standard retention nurture
137215,0.0,0,0,0.2886,Low,0.0,0.0,0.0,0.0,Standard,Standard retention nurture
137216,0.0,0,0,0.2256,Low,0.0,0.0,0.0,0.0,Basic,Standard retention nurture
137217,0.9999,1,1,0.2015,Critical,0.2015,3453.0,1036.0,536.0,Basic,Relationship manager follow-up
137218,1.0,1,1,0.0904,Critical,0.0904,4308.0,1292.0,792.0,Basic,Relationship manager follow-up
137219,0.0,0,0,0.4849,Low,0.0,0.0,0.0,0.0,Standard,Standard retention nurture
137220,0.9982,1,1,0.0845,Critical,0.0843,2372.0,712.0,212.0,Basic,Relationship manager follow-up
137221,0.0,0,0,0.3523,Low,0.0,0.0,0.0,0.0,Standard,Standard retention nurture
137222,0.0,0,0,0.2793,Low,0.0,0.0,0.0,0.0,Standard,Standard retention nurture
137223,0.0,0,0,0.4877,Low,0.0,0.0,0.0,0.0,Standard,Standard retention nurture
137224,0.9976,1,1,0.1132,Critical,0.1129,3037.0,911.0,411.0,Basic,Relationship manager follow-up
137225,0.0,0,0,0.544,Low,0.0,0.0,0.0,0.0,Premium,Standard retention nurture
137226,0.0006,0,0,0.1868,Low,0.0001,3.0,1.0,1.0,Basic,Standard retention nurture
137227,0.9999,1,1,0.2107,Critical,0.2107,5575.0,1672.0,1172.0,Basic,Relationship manager follow-up
137228,0.0022,0,0,0.0812,Low,0.0002,13.0,4.0,4.0,Basic,Standard retention nurture
137229,0.9999,1,1,0.1905,Critical,0.1905,3704.0,1111.0,611.0,Basic,Relationship manager follow-up
137230,0.9882,1,1,0.2513,Critical,0.2483,5017.0,1505.0,1005.0,Standard,Relationship manager follow-up
137231,0.0234,0,0,0.7009,Low,0.0164,685.0,206.0,206.0,Premium,Standard retention nurture
137232,0.0,0,0,0.3419,Low,0.0,0.0,0.0,0.0,Standard,Standard retention nurture
137233,0.0,0,0,0.3099,Low,0.0,0.0,0.0,0.0,Standard,Standard retention nurture
137234,0.0,0,0,0.206,Low,0.0,0.0,0.0,0.0,Basic,Standard retention nurture
137235,0.0,0,0,0.8127,Low,0.0,0.0,0.0,0.0,Elite,Standard retention nurture
137236,0.0122,0,0,0.2635,Low,0.0032,108.0,32.0,32.0,Standard,Standard retention nurture
137237,0.0,0,0,0.4482,Low,0.0,0.0,0.0,0.0,Standard,Standard retention nurture
137238,0.0,0,0,0.1773,Low,0.0,0.0,0.0,0.0,Basic,Standard retention nurture
137239,0.9996,1,1,0.1445,Critical,0.1444,3610.0,1083.0,583.0,Basic,Relationship manager follow-up
137240,0.0,0,0,0.49,Low,0.0,0.0,0.0,0.0,Standard,Standard retention nurture
137241,0.0,0,0,0.2311,Low,0.0,0.0,0.0,0.0,Basic,Standard retention nurture
137242,0.0308,0,0,0.0917,Low,0.0028,119.0,36.0,36.0,Basic,Standard retention nurture
137243,0.0015,0,0,0.185,Low,0.0003,10.0,3.0,3.0,Basic,Standard retention nurture
137244,0.0,0,0,0.3058,Low,0.0,0.0,0.0,0.0,Standard,Standard retention nurture
137245,0.0,0,0,0.2054,Low,0.0,0.0,0.0,0.0,Basic,Standard retention nurture
137246,0.0,0,0,0.4062,Low,0.0,0.0,0.0,0.0,Standard,Standard retention nurture
137247,0.0,0,0,0.7271,Low,0.0,0.0,0.0,0.0,Premium,Standard retention nurture
137248,0.0,0,0,0.3266,Low,0.0,0.0,0.0,0.0,Standard,Standard retention nurture
137249,0.9987,1,1,0.1706,Critical,0.1704,5348.0,1604.0,1104.0,Basic,Relationship manager follow-up
137250,0.0,0,0,0.1625,Low,0.0,0.0,0.0,0.0,Basic,Standard retention nurture
137251,1.0,1,1,0.2206,Critical,0.2206,5376.0,1613.0,1113.0,Basic,Relationship manager follow-up
137252,0.9691,1,1,0.1453,Critical,0.1408,3593.0,1078.0,578.0,Basic,Relationship manager follow-up
137253,0.0,0,0,0.6604,Low,0.0,0.0,0.0,0.0,Premium,Standard retention nurture
137254,0.0003,0,0,0.3212,Low,0.0001,3.0,1.0,1.0,Standard,Standard retention nurture
137255,0.0,0,0,0.5218,Low,0.0,0.0,0.0,0.0,Premium,Standard retention nurture
137256,0.9999,1,1,0.0829,Critical,0.0829,2586.0,776.0,276.0,Basic,Relationship manager follow-up
137257,0.0018,0,0,0.1721,Low,0.0003,5.0,2.0,2.0,Basic,Standard retention nurture
137258,1.0,1,1,0.2594,Critical,0.2594,4835.0,1450.0,950.0,Standard,Relationship manager follow-up
137259,0.3049,1,0,0.2224,Low,0.0678,2159.0,648.0,148.0,Basic,Relationship manager follow-up
137260,0.0007,0,0,0.1961,Low,0.0001,3.0,1.0,1.0,Basic,Standard retention nurture
137261,0.0,0,0,0.4242,Low,0.0,0.0,0.0,0.0,Standard,Standard retention nurture
137262,0.0,0,0,0.1824,Low,0.0,0.0,0.0,0.0,Basic,Standard retention nurture
137263,0.0004,0,0,0.5595,Low,0.0002,7.0,2.0,2.0,Premium,Standard retention nurture
137264,0.0,0,0,0.6385,Low,0.0,0.0,0.0,0.0,Premium,Standard retention nurture
137265,0.7196,1,0,0.26,High,0.1871,8016.0,2405.0,1905.0,Standard,Relationship manager follow-up
137266,0.0001,0,0,0.2705,Low,0.0,0.0,0.0,0.0,Standard,Standard retention nurture
137267,0.0,0,0,0.5785,Low,0.0,0.0,0.0,0.0,Premium,Standard retention nurture
137268,0.0,0,0,0.1653,Low,0.0,0.0,0.0,0.0,Basic,Standard retention nurture
137269,0.0001,0,0,0.2352,Low,0.0,1.0,0.0,0.0,Basic,Standard retention nurture
137270,0.0,0,0,0.1596,Low,0.0,0.0,0.0,0.0,Basic,Standard retention nurture
137271,0.0,0,0,0.3978,Low,0.0,0.0,0.0,0.0,Standard,Standard retention nurture
137272,0.0001,0,0,0.3734,Low,0.0,1.0,0.0,0.0,Standard,Standard retention nurture
137273,0.0001,0,0,0.3788,Low,0.0,2.0,1.0,1.0,Standard,Standard retention nurture
137274,0.0,0,0,0.4465,Low,0.0,0.0,0.0,0.0,Standard,Standard retention nurture
137275,0.0,0,0,0.1961,Low,0.0,0.0,0.0,0.0,Basic,Standard retention nurture
137276,0.0,0,0,0.6699,Low,0.0,0.0,0.0,0.0,Premium,Standard retention nurture
137277,0.0203,0,0,0.1397,Low,0.0028,75.0,22.0,22.0,Basic,Standard retention nurture
137278,0.0,0,0,0.29,Low,0.0,0.0,0.0,0.0,Standard,Standard retention nurture
137279,0.0,0,0,0.5865,Low,0.0,0.0,0.0,0.0,Premium,Standard retention nurture
137280,0.0036,0,0,0.2122,Low,0.0008,29.0,9.0,9.0,Basic,Standard retention nurture
137281,0.0,0,0,0.2621,Low,0.0,0.0,0.0,0.0,Standard,Standard retention nurture
137282,0.9995,1,1,0.2758,Critical,0.2757,9584.0,2875.0,2375.0,Standard,Relationship manager follow-up
137283,0.0,0,0,0.5834,Low,0.0,0.0,0.0,0.0,Premium,Standard retention nurture
137284,0.0,0,0,0.2919,Low,0.0,0.0,0.0,0.0,Standard,Standard retention nurture
137285,1.0,1,1,0.221,Critical,0.221,8412.0,2524.0,2024.0,Basic,Relationship manager follow-up
137286,0.9881,1,1,0.5842,Critical,0.5772,22412.0,6724.0,6224.0,Premium,Relationship manager follow-up
137287,0.0,0,0,0.1911,Low,0.0,0.0,0.0,0.0,Basic,Standard retention nurture
137288,0.0006,0,0,0.0753,Low,0.0,2.0,1.0,1.0,Basic,Standard retention nurture
137289,0.0001,0,0,0.3624,Low,0.0,1.0,0.0,0.0,Standard,Standard retention nurture
137290,0.0,0,0,0.4574,Low,0.0,0.0,0.0,0.0,Standard,Standard retention nurture
137291,0.0,0,0,0.3593,Low,0.0,0.0,0.0,0.0,Standard,Standard retention nurture
137292,0.0,0,0,0.2134,Low,0.0,0.0,0.0,0.0,Basic,Standard retention nurture
137293,0.0087,0,0,0.3645,Low,0.0032,134.0,40.0,40.0,Standard,Standard retention nurture
137294,0.9996,1,1,0.4955,Critical,0.4953,16495.0,4948.0,4448.0,Standard,Relationship manager follow-up
137295,0.9999,1,1,0.1103,Critical,0.1103,5327.0,1598.0,1098.0,Basic,Relationship manager follow-up
137296,0.0,0,0,0.2786,Low,0.0,0.0,0.0,0.0,Standard,Standard retention nurture
137297,0.0,0,0,0.613,Low,0.0,0.0,0.0,0.0,Premium,Standard retention nurture
137298,0.9939,1,1,0.3059,Critical,0.304,11043.0,3313.0,2813.0,Standard,Relationship manager follow-up
137299,0.0,0,0,0.3337,Low,0.0,0.0,0.0,0.0,Standard,Standard retention nurture
137300,0.0006,0,0,0.1445,Low,0.0001,4.0,1.0,1.0,Basic,Standard retention nurture
137301,0.0,0,0,0.1994,Low,0.0,0.0,0.0,0.0,Basic,Standard retention nurture
137302,0.0,0,0,0.4345,Low,0.0,0.0,0.0,0.0,Standard,Standard retention nurture
137303,0.9745,1,1,0.4759,Critical,0.4638,21265.0,6380.0,5880.0,Standard,Relationship manager follow-up
137304,0.0,0,0,0.3483,Low,0.0,0.0,0.0,0.0,Standard,Standard retention nurture
137305,0.0001,0,0,0.3738,Low,0.0,2.0,1.0,1.0,Standard,Standard retention nurture
137306,0.0,0,0,0.3232,Low,0.0,0.0,0.0,0.0,Standard,Standard retention nurture
137307,0.0,0,0,0.4576,Low,0.0,0.0,0.0,0.0,Standard,Standard retention nurture
137308,0.9998,1,1,0.1787,Critical,0.1787,3139.0,942.0,442.0,Basic,Relationship manager follow-up
137309,0.0004,0,0,0.1895,Low,0.0001,3.0,1.0,1.0,Basic,Standard retention nurture
137310,0.0001,0,0,0.2658,Low,0.0,1.0,0.0,0.0,Standard,Standard retention nurture
137311,0.0,0,0,0.4219,Low,0.0,0.0,0.0,0.0,Standard,Standard retention nurture
137312,0.0,0,0,0.574,Low,0.0,0.0,0.0,0.0,Premium,Standard retention nurture
137313,0.9815,1,1,0.3681,Critical,0.3613,14198.0,4259.0,3759.0,Standard,Relationship manager follow-up
137314,0.0,0,0,0.2187,Low,0.0,0.0,0.0,0.0,Basic,Standard retention nurture
137315,0.0,0,0,0.3844,Low,0.0,0.0,0.0,0.0,Standard,Standard retention nurture
137316,0.0,0,0,0.3611,Low,0.0,0.0,0.0,0.0,Standard,Standard retention nurture
137317,1.0,1,1,0.139,Critical,0.139,2637.0,791.0,291.0,Basic,Relationship manager follow-up
137318,0.0,0,0,0.2558,Low,0.0,0.0,0.0,0.0,Standard,Standard retention nurture
137319,0.0,0,0,0.2382,Low,0.0,0.0,0.0,0.0,Basic,Standard retention nurture
137320,0.0,0,0,0.5281,Low,0.0,0.0,0.0,0.0,Premium,Standard retention nurture
137321,0.9999,1,1,0.1602,Critical,0.1602,3329.0,999.0,499.0,Basic,Relationship manager follow-up
137322,0.0,0,0,0.2431,Low,0.0,0.0,0.0,0.0,Basic,Standard retention nurture
137323,0.0,0,0,0.4896,Low,0.0,0.0,0.0,0.0,Standard,Standard retention nurture
137324,0.0,0,0,0.2064,Low,0.0,0.0,0.0,0.0,Basic,Standard retention nurture
137325,0.0,0,0,0.4112,Low,0.0,0.0,0.0,0.0,Standard,Standard retention nurture
137326,0.1286,1,0,0.3216,Low,0.0414,1049.0,315.0,-185.0,Standard,Relationship manager follow-up
137327,0.0,0,0,0.2894,Low,0.0,0.0,0.0,0.0,Standard,Standard retention nurture
137328,0.0,0,0,0.3262,Low,0.0,0.0,0.0,0.0,Standard,Standard retention nurture
137329,0.0005,0,0,0.1292,Low,0.0001,2.0,1.0,1.0,Basic,Standard retention nurture
137330,0.0,0,0,0.3251,Low,0.0,0.0,0.0,0.0,Standard,Standard retention nurture
137331,0.0,0,0,0.4354,Low,0.0,0.0,0.0,0.0,Standard,Standard retention nurture
137332,0.9946,1,1,0.1587,Critical,0.1578,3397.0,1019.0,519.0,Basic,Relationship manager follow-up
137333,0.0,0,0,0.5426,Low,0.0,0.0,0.0,0.0,Premium,Standard retention nurture
137334,0.0007,0,0,0.2332,Low,0.0002,7.0,2.0,2.0,Basic,Standard retention nurture
137335,0.0,0,0,0.3438,Low,0.0,0.0,0.0,0.0,Standard,Standard retention nurture
137336,0.0,0,0,0.2515,Low,0.0,0.0,0.0,0.0,Standard,Standard retention nurture
137337,0.0,0,0,0.2815,Low,0.0,0.0,0.0,0.0,Standard,Standard retention nurture
137338,0.0,0,0,0.2027,Low,0.0,0.0,0.0,0.0,Basic,Standard retention nurture
137339,0.9992,1,1,0.032,Critical,0.032,1239.0,372.0,-128.0,Basic,Relationship manager follow-up
137340,0.0002,0,0,0.5514,Low,0.0001,6.0,2.0,2.0,Premium,Standard retention nurture
137341,0.0,0,0,0.1061,Low,0.0,0.0,0.0,0.0,Basic,Standard retention nurture
137342,0.0004,0,0,0.1717,Low,0.0001,3.0,1.0,1.0,Basic,Standard retention nurture
137343,0.0,0,0,0.5852,Low,0.0,0.0,0.0,0.0,Premium,Standard retention nurture
137344,0.0001,0,0,0.5607,Low,0.0001,3.0,1.0,1.0,Premium,Standard retention nurture
137345,0.0,0,0,0.3448,Low,0.0,0.0,0.0,0.0,Standard,Standard retention nurture
137346,0.0001,0,0,0.2656,Low,0.0,1.0,0.0,0.0,Standard,Standard retention nurture
137347,0.0001,0,0,0.1908,Low,0.0,1.0,0.0,0.0,Basic,Standard retention nurture
137348,0.9885,1,1,0.4299,Critical,0.425,13299.0,3990.0,3490.0,Standard,Relationship manager follow-up
137349,0.0,0,0,0.5068,Low,0.0,0.0,0.0,0.0,Premium,Standard retention nurture
137350,0.0,0,0,0.5727,Low,0.0,0.0,0.0,0.0,Premium,Standard retention nurture
137351,0.0,0,0,0.2966,Low,0.0,0.0,0.0,0.0,Standard,Standard retention nurture
137352,0.0,0,0,0.4169,Low,0.0,0.0,0.0,0.0,Standard,Standard retention nurture
137353,0.0,0,0,0.4899,Low,0.0,0.0,0.0,0.0,Standard,Standard retention nurture
137354,0.0,0,0,0.1328,Low,0.0,0.0,0.0,0.0,Basic,Standard retention nurture
137355,0.0009,0,0,0.5515,Low,0.0005,20.0,6.0,6.0,Premium,Standard retention nurture
137356,0.0,0,0,0.2965,Low,0.0,0.0,0.0,0.0,Standard,Standard retention nurture
137357,0.001,0,0,0.7254,Low,0.0007,37.0,11.0,11.0,Premium,Standard retention nurture
137358,0.9977,1,1,0.1514,Critical,0.1511,4838.0,1451.0,951.0,Basic,Relationship manager follow-up
137359,0.0001,0,0,0.1171,Low,0.0,0.0,0.0,0.0,Basic,Standard retention nurture
137360,0.0002,0,0,0.2903,Low,0.0001,1.0,0.0,0.0,Standard,Standard retention nurture
137361,0.9999,1,1,0.0949,Critical,0.0949,4794.0,1438.0,938.0,Basic,Relationship manager follow-up
137362,0.0001,0,0,0.3487,Low,0.0,1.0,0.0,0.0,Standard,Standard retention nurture
137363,0.0,0,0,0.2701,Low,0.0,0.0,0.0,0.0,Standard,Standard retention nurture
137364,0.0,0,0,0.193,Low,0.0,0.0,0.0,0.0,Basic,Standard retention nurture
137365,0.0,0,0,0.2844,Low,0.0,0.0,0.0,0.0,Standard,Standard retention nurture
137366,0.0,0,0,0.4827,Low,0.0,0.0,0.0,0.0,Standard,Standard retention nurture
137367,0.0075,0,0,0.3391,Low,0.0025,123.0,37.0,37.0,Standard,Standard retention nurture
137368,0.0,0,0,0.3788,Low,0.0,0.0,0.0,0.0,Standard,Standard retention nurture
137369,0.0,0,0,0.755,Low,0.0,0.0,0.0,0.0,Elite,Standard retention nurture
137370,0.0,0,0,0.2849,Low,0.0,0.0,0.0,0.0,Standard,Standard retention nurture
137371,0.0001,0,0,0.2126,Low,0.0,1.0,0.0,0.0,Basic,Standard retention nurture
137372,1.0,1,1,0.1675,Critical,0.1675,6586.0,1976.0,1476.0,Basic,Relationship manager follow-up
137373,0.9987,1,1,0.4368,Critical,0.4362,15515.0,4654.0,4154.0,Standard,Relationship manager follow-up
137374,0.0211,0,0,0.2647,Low,0.0056,175.0,52.0,52.0,Standard,Standard retention nurture
137375,0.4936,1,0,0.3648,Medium,0.1801,7017.0,2105.0,1605.0,Standard,Relationship manager follow-up
137376,0.0001,0,0,0.3535,Low,0.0,1.0,0.0,0.0,Standard,Standard retention nurture
137377,0.0,0,0,0.4045,Low,0.0,0.0,0.0,0.0,Standard,Standard retention nurture
137378,0.0,0,0,0.1978,Low,0.0,0.0,0.0,0.0,Basic,Standard retention nurture
137379,0.0,0,0,0.1767,Low,0.0,0.0,0.0,0.0,Basic,Standard retention nurture
137380,0.9981,1,1,0.2903,Critical,0.2897,8550.0,2565.0,2065.0,Standard,Relationship manager follow-up
137381,0.9892,1,1,0.1987,Critical,0.1966,6525.0,1958.0,1458.0,Basic,Relationship manager follow-up
137382,0.0,0,0,0.607,Low,0.0,0.0,0.0,0.0,Premium,Standard retention nurture
137383,1.0,1,1,0.3838,Critical,0.3838,14193.0,4258.0,3758.0,Standard,Relationship manager follow-up
137384,0.9997,1,1,0.0633,Critical,0.0633,2452.0,736.0,236.0,Basic,Relationship manager follow-up
137385,0.0001,0,0,0.3731,Low,0.0,1.0,0.0,0.0,Standard,Standard retention nurture
137386,0.0,0,0,0.2581,Low,0.0,0.0,0.0,0.0,Standard,Standard retention nurture
137387,0.0002,0,0,0.3131,Low,0.0001,2.0,1.0,1.0,Standard,Standard retention nurture
137388,0.0,0,0,0.244,Low,0.0,0.0,0.0,0.0,Basic,Standard retention nurture
137389,0.0001,0,0,0.1898,Low,0.0,1.0,0.0,0.0,Basic,Standard retention nurture
137390,0.9445,1,1,0.1756,Critical,0.1659,6991.0,2097.0,1597.0,Basic,Relationship manager follow-up
137391,0.0009,0,0,0.2405,Low,0.0002,5.0,2.0,2.0,Basic,Standard retention nurture
137392,0.0,0,0,0.7981,Low,0.0,0.0,0.0,0.0,Elite,Standard retention nurture
137393,0.0028,0,0,0.4615,Low,0.0013,57.0,17.0,17.0,Standard,Standard retention nurture
137394,0.0003,0,0,0.3031,Low,0.0001,4.0,1.0,1.0,Standard,Standard retention nurture
137395,0.0001,0,0,0.5591,Low,0.0001,3.0,1.0,1.0,Premium,Standard retention nurture
137396,0.0002,0,0,0.6475,Low,0.0001,5.0,2.0,2.0,Premium,Standard retention nurture
137397,1.0,1,1,0.1555,Critical,0.1555,1593.0,478.0,-22.0,Basic,Relationship manager follow-up
137398,0.0,0,0,0.8519,Low,0.0,0.0,0.0,0.0,Elite,Standard retention nurture
137399,0.0,0,0,0.5152,Low,0.0,0.0,0.0,0.0,Premium,Standard retention nurture
137400,0.0,0,0,0.8147,Low,0.0,0.0,0.0,0.0,Elite,Standard retention nurture
137401,0.0,0,0,0.2467,Low,0.0,0.0,0.0,0.0,Basic,Standard retention nurture
137402,0.0,0,0,0.656,Low,0.0,0.0,0.0,0.0,Premium,Standard retention nurture
137403,0.9947,1,1,0.1667,Critical,0.1658,5188.0,1556.0,1056.0,Basic,Relationship manager follow-up
137404,0.0,0,0,0.4274,Low,0.0,0.0,0.0,0.0,Standard,Standard retention nurture
137405,0.0,0,0,0.2128,Low,0.0,0.0,0.0,0.0,Basic,Standard retention nurture
137406,1.0,1,1,0.4125,Critical,0.4125,12095.0,3628.0,3128.0,Standard,Relationship manager follow-up
137407,0.9999,1,1,0.2464,Critical,0.2464,4591.0,1377.0,877.0,Basic,Relationship manager follow-up
137408,0.0,0,0,0.358,Low,0.0,0.0,0.0,0.0,Standard,Standard retention nurture
137409,1.0,1,1,0.4846,Critical,0.4846,16481.0,4944.0,4444.0,Standard,Relationship manager follow-up
137410,0.0,0,0,0.1429,Low,0.0,0.0,0.0,0.0,Basic,Standard retention nurture
137411,0.0,0,0,0.4063,Low,0.0,0.0,0.0,0.0,Standard,Standard retention nurture
137412,0.0,0,0,0.8641,Low,0.0,0.0,0.0,0.0,Elite,Standard retention nurture
137413,0.0,0,0,0.1562,Low,0.0,0.0,0.0,0.0,Basic,Standard retention nurture
137414,0.9999,1,1,0.1679,Critical,0.1679,6512.0,1954.0,1454.0,Basic,Relationship manager follow-up
137415,0.0,0,0,0.7006,Low,0.0,0.0,0.0,0.0,Premium,Standard retention nurture
137416,0.0001,0,0,0.8175,Low,0.0001,3.0,1.0,1.0,Elite,Standard retention nurture
137417,0.0,0,0,0.3862,Low,0.0,0.0,0.0,0.0,Standard,Standard retention nurture
137418,0.0402,0,0,0.246,Low,0.0099,139.0,42.0,42.0,Basic,Standard retention nurture
137419,0.0,0,0,0.2489,Low,0.0,0.0,0.0,0.0,Basic,Standard retention nurture
137420,0.0001,0,0,0.3725,Low,0.0,1.0,0.0,0.0,Standard,Standard retention nurture
137421,0.0001,0,0,0.2813,Low,0.0,0.0,0.0,0.0,Standard,Standard retention nurture
137422,0.0,0,0,0.2049,Low,0.0,0.0,0.0,0.0,Basic,Standard retention nurture
137423,0.0,0,0,0.4343,Low,0.0,0.0,0.0,0.0,Standard,Standard retention nurture
137424,0.0,0,0,0.4395,Low,0.0,0.0,0.0,0.0,Standard,Standard retention nurture
137425,0.0,0,0,0.2769,Low,0.0,0.0,0.0,0.0,Standard,Standard retention nurture
137426,0.0,0,0,0.3624,Low,0.0,0.0,0.0,0.0,Standard,Standard retention nurture
137427,0.0965,0,0,0.1331,Low,0.0128,263.0,79.0,79.0,Basic,Standard retention nurture
137428,0.0007,0,0,0.2493,Low,0.0002,5.0,2.0,2.0,Basic,Standard retention nurture
137429,0.0,0,0,0.6663,Low,0.0,0.0,0.0,0.0,Premium,Standard retention nurture
137430,0.0,0,0,0.3413,Low,0.0,0.0,0.0,0.0,Standard,Standard retention nurture
137431,0.0,0,0,0.1256,Low,0.0,0.0,0.0,0.0,Basic,Standard retention nurture
137432,0.0,0,0,0.2111,Low,0.0,0.0,0.0,0.0,Basic,Standard retention nurture
137433,0.0,0,0,0.4226,Low,0.0,0.0,0.0,0.0,Standard,Standard retention nurture
137434,0.9996,1,1,0.1908,Critical,0.1907,7764.0,2329.0,1829.0,Basic,Relationship manager follow-up
137435,0.0,0,0,0.3762,Low,0.0,0.0,0.0,0.0,Standard,Standard retention nurture
137436,0.0,0,0,0.3121,Low,0.0,0.0,0.0,0.0,Standard,Standard retention nurture
137437,0.0005,0,0,0.2398,Low,0.0001,5.0,2.0,2.0,Basic,Standard retention nurture
137438,0.0,0,0,0.393,Low,0.0,0.0,0.0,0.0,Standard,Standard retention nurture
137439,0.0,0,0,0.5042,Low,0.0,0.0,0.0,0.0,Premium,Standard retention nurture
137440,0.0,0,0,0.2223,Low,0.0,0.0,0.0,0.0,Basic,Standard retention nurture
137441,0.0,0,0,0.3937,Low,0.0,0.0,0.0,0.0,Standard,Standard retention nurture
137442,0.8628,1,1,0.511,Critical,0.4409,16348.0,4904.0,4404.0,Premium,Relationship manager follow-up
137443,0.0001,0,0,0.276,Low,0.0,0.0,0.0,0.0,Standard,Standard retention nurture
137444,0.0,0,0,0.1621,Low,0.0,0.0,0.0,0.0,Basic,Standard retention nurture
137445,0.0001,0,0,0.2458,Low,0.0,1.0,0.0,0.0,Basic,Standard retention nurture
137446,0.0,0,0,0.4438,Low,0.0,0.0,0.0,0.0,Standard,Standard retention nurture
137447,0.0,0,0,0.3745,Low,0.0,0.0,0.0,0.0,Standard,Standard retention nurture
137448,0.0072,0,0,0.3013,Low,0.0022,105.0,32.0,32.0,Standard,Standard retention nurture
137449,0.0,0,0,0.5537,Low,0.0,0.0,0.0,0.0,Premium,Standard retention nurture
137450,0.9997,1,1,0.1641,Critical,0.1641,2121.0,636.0,136.0,Basic,Relationship manager follow-up
137451,0.0001,0,0,0.0968,Low,0.0,0.0,0.0,0.0,Basic,Standard retention nurture
137452,0.0,0,0,0.4139,Low,0.0,0.0,0.0,0.0,Standard,Standard retention nurture
137453,0.0003,0,0,0.1471,Low,0.0,1.0,0.0,0.0,Basic,Standard retention nurture
137454,0.0,0,0,0.3016,Low,0.0,0.0,0.0,0.0,Standard,Standard retention nurture
137455,0.0004,0,0,0.4026,Low,0.0002,9.0,3.0,3.0,Standard,Standard retention nurture
137456,0.0003,0,0,0.1763,Low,0.0001,1.0,0.0,0.0,Basic,Standard retention nurture
137457,0.0018,0,0,0.0831,Low,0.0001,7.0,2.0,2.0,Basic,Standard retention nurture
137458,0.0,0,0,0.4916,Low,0.0,0.0,0.0,0.0,Standard,Standard retention nurture
137459,0.0,0,0,0.2235,Low,0.0,0.0,0.0,0.0,Basic,Standard retention nurture
137460,0.0,0,0,0.5483,Low,0.0,0.0,0.0,0.0,Premium,Standard retention nurture
137461,0.0001,0,0,0.5721,Low,0.0001,2.0,1.0,1.0,Premium,Standard retention nurture
137462,0.0,0,0,0.3497,Low,0.0,0.0,0.0,0.0,Standard,Standard retention nurture
137463,0.0,0,0,0.2402,Low,0.0,0.0,0.0,0.0,Basic,Standard retention nurture
137464,0.0,0,0,0.8452,Low,0.0,0.0,0.0,0.0,Elite,Standard retention nurture
137465,1.0,1,1,0.1004,Critical,0.1004,2782.0,835.0,335.0,Basic,Relationship manager follow-up
137466,0.0,0,0,0.3324,Low,0.0,0.0,0.0,0.0,Standard,Standard retention nurture
137467,0.0,0,0,0.4516,Low,0.0,0.0,0.0,0.0,Standard,Standard retention nurture
137468,1.0,1,1,0.0554,Critical,0.0554,2480.0,744.0,244.0,Basic,Relationship manager follow-up
137469,0.0,0,0,0.4645,Low,0.0,0.0,0.0,0.0,Standard,Standard retention nurture
137470,0.0,0,0,0.6271,Low,0.0,0.0,0.0,0.0,Premium,Standard retention nurture
137471,0.0,0,0,0.2318,Low,0.0,0.0,0.0,0.0,Basic,Standard retention nurture
137472,0.011,0,0,0.5789,Low,0.0064,301.0,90.0,90.0,Premium,Standard retention nurture
137473,0.0,0,0,0.3519,Low,0.0,0.0,0.0,0.0,Standard,Standard retention nurture
137474,0.0,0,0,0.1886,Low,0.0,0.0,0.0,0.0,Basic,Standard retention nurture
137475,0.0,0,0,0.2062,Low,0.0,0.0,0.0,0.0,Basic,Standard retention nurture
137476,0.9913,1,1,0.0831,Critical,0.0824,1907.0,572.0,72.0,Basic,Relationship manager follow-up
137477,0.0,0,0,0.854,Low,0.0,0.0,0.0,0.0,Elite,Standard retention nurture
137478,0.0,0,0,0.1649,Low,0.0,0.0,0.0,0.0,Basic,Standard retention nurture
137479,0.0006,0,0,0.2029,Low,0.0001,4.0,1.0,1.0,Basic,Standard retention nurture
137480,0.0,0,0,0.4785,Low,0.0,0.0,0.0,0.0,Standard,Standard retention nurture
137481,1.0,1,1,0.1078,Critical,0.1078,2721.0,816.0,316.0,Basic,Relationship manager follow-up
137482,0.0,0,0,0.2787,Low,0.0,0.0,0.0,0.0,Standard,Standard retention nurture
137483,0.0002,0,0,0.6815,Low,0.0001,7.0,2.0,2.0,Premium,Standard retention nurture
137484,0.0,0,0,0.8251,Low,0.0,0.0,0.0,0.0,Elite,Standard retention nurture
137485,1.0,1,1,0.1447,Critical,0.1447,3203.0,961.0,461.0,Basic,Relationship manager follow-up
137486,0.025,0,0,0.3521,Low,0.0088,263.0,79.0,79.0,Standard,Standard retention nurture
137487,0.0,0,0,0.5209,Low,0.0,0.0,0.0,0.0,Premium,Standard retention nurture
137488,0.0,0,0,0.3691,Low,0.0,0.0,0.0,0.0,Standard,Standard retention nurture
137489,0.9999,1,1,0.1723,Critical,0.1723,3077.0,923.0,423.0,Basic,Relationship manager follow-up
137490,0.0,0,0,0.625,Low,0.0,0.0,0.0,0.0,Premium,Standard retention nurture
137491,0.006,0,0,0.179,Low,0.0011,17.0,5.0,5.0,Basic,Standard retention nurture
137492,0.0,0,0,0.3856,Low,0.0,0.0,0.0,0.0,Standard,Standard retention nurture
137493,0.0,0,0,0.1257,Low,0.0,0.0,0.0,0.0,Basic,Standard retention nurture
137494,0.0001,0,0,0.7812,Low,0.0001,3.0,1.0,1.0,Elite,Standard retention nurture
137495,0.9924,1,1,0.322,Critical,0.3196,11410.0,3423.0,2923.0,Standard,Relationship manager follow-up
137496,0.0,0,0,0.2208,Low,0.0,0.0,0.0,0.0,Basic,Standard retention nurture
137497,0.0,0,0,0.2628,Low,0.0,0.0,0.0,0.0,Standard,Standard retention nurture
137498,0.0,0,0,0.1794,Low,0.0,0.0,0.0,0.0,Basic,Standard retention nurture
137499,0.0,0,0,0.8324,Low,0.0,0.0,0.0,0.0,Elite,Standard retention nurture
137500,0.996,1,1,0.3344,Critical,0.3331,9972.0,2992.0,2492.0,Standard,Relationship manager follow-up
137501,0.0,0,0,0.1599,Low,0.0,0.0,0.0,0.0,Basic,Standard retention nurture
137502,0.0009,0,0,0.2959,Low,0.0003,9.0,3.0,3.0,Standard,Standard retention nurture
137503,0.9999,1,1,0.1075,Critical,0.1075,3431.0,1029.0,529.0,Basic,Relationship manager follow-up
137504,0.0,0,0,0.2809,Low,0.0,0.0,0.0,0.0,Standard,Standard retention nurture
137505,0.0,0,0,0.2858,Low,0.0,0.0,0.0,0.0,Standard,Standard retention nurture
137506,0.0,0,0,0.8328,Low,0.0,0.0,0.0,0.0,Elite,Standard retention nurture
137507,1.0,1,1,0.1427,Critical,0.1427,4006.0,1202.0,702.0,Basic,Relationship manager follow-up
137508,0.0,0,0,0.3974,Low,0.0,0.0,0.0,0.0,Standard,Standard retention nurture
137509,0.0001,0,0,0.431,Low,0.0,2.0,1.0,1.0,Standard,Standard retention nurture
137510,0.0002,0,0,0.2961,Low,0.0001,1.0,0.0,0.0,Standard,Standard retention nurture
137511,0.0,0,0,0.3599,Low,0.0,0.0,0.0,0.0,Standard,Standard retention nurture
137512,0.0,0,0,0.1252,Low,0.0,0.0,0.0,0.0,Basic,Standard retention nurture
137513,0.9541,1,1,0.3077,Critical,0.2936,5961.0,1788.0,1288.0,Standard,Relationship manager follow-up
137514,0.0,0,0,0.1605,Low,0.0,0.0,0.0,0.0,Basic,Standard retention nurture
137515,0.0,0,0,0.4036,Low,0.0,0.0,0.0,0.0,Standard,Standard retention nurture
137516,0.0,0,0,0.3394,Low,0.0,0.0,0.0,0.0,Standard,Standard retention nurture
137517,0.0,0,0,0.2358,Low,0.0,0.0,0.0,0.0,Basic,Standard retention nurture
137518,0.0,0,0,0.2052,Low,0.0,0.0,0.0,0.0,Basic,Standard retention nurture
137519,1.0,1,1,0.1832,Critical,0.1832,5003.0,1501.0,1001.0,Basic,Relationship manager follow-up
137520,0.0,0,0,0.4748,Low,0.0,0.0,0.0,0.0,Standard,Standard retention nurture
137521,0.9998,1,1,0.1736,Critical,0.1736,2878.0,863.0,363.0,Basic,Relationship manager follow-up
137522,1.0,1,1,0.1312,Critical,0.1312,3553.0,1066.0,566.0,Basic,Relationship manager follow-up
137523,0.0,0,0,0.5905,Low,0.0,0.0,0.0,0.0,Premium,Standard retention nurture
137524,0.0,0,0,0.5313,Low,0.0,0.0,0.0,0.0,Premium,Standard retention nurture
137525,0.0,0,0,0.4208,Low,0.0,0.0,0.0,0.0,Standard,Standard retention nurture
137526,0.0009,0,0,0.1949,Low,0.0002,7.0,2.0,2.0,Basic,Standard retention nurture
137527,0.0003,0,0,0.4079,Low,0.0001,5.0,2.0,2.0,Standard,Standard retention nurture
137528,0.0,0,0,0.3835,Low,0.0,0.0,0.0,0.0,Standard,Standard retention nurture
137529,0.0,0,0,0.1614,Low,0.0,0.0,0.0,0.0,Basic,Standard retention nurture
137530,0.0,0,0,0.248,Low,0.0,0.0,0.0,0.0,Basic,Standard retention nurture
137531,0.0008,0,0,0.3634,Low,0.0003,6.0,2.0,2.0,Standard,Standard retention nurture
137532,0.0,0,0,0.2222,Low,0.0,0.0,0.0,0.0,Basic,Standard retention nurture
137533,0.0,0,0,0.2747,Low,0.0,0.0,0.0,0.0,Standard,Standard retention nurture
137534,0.0008,0,0,0.2575,Low,0.0002,6.0,2.0,2.0,Standard,Standard retention nurture
137535,0.0,0,0,0.1683,Low,0.0,0.0,0.0,0.0,Basic,Standard retention nurture
137536,0.0,0,0,0.6352,Low,0.0,0.0,0.0,0.0,Premium,Standard retention nurture
137537,0.0002,0,0,0.2376,Low,0.0,1.0,0.0,0.0,Basic,Standard retention nurture
137538,0.0,0,0,0.2992,Low,0.0,0.0,0.0,0.0,Standard,Standard retention nurture
137539,0.0001,0,0,0.2542,Low,0.0,1.0,0.0,0.0,Standard,Standard retention nurture
137540,0.0015,0,0,0.2203,Low,0.0003,9.0,3.0,3.0,Basic,Standard retention nurture
137541,0.0194,0,0,0.5336,Low,0.0104,394.0,118.0,118.0,Premium,Standard retention nurture
137542,0.0,0,0,0.3061,Low,0.0,0.0,0.0,0.0,Standard,Standard retention nurture
137543,0.0,0,0,0.4693,Low,0.0,0.0,0.0,0.0,Standard,Standard retention nurture
137544,0.0,0,0,0.5662,Low,0.0,0.0,0.0,0.0,Premium,Standard retention nurture
137545,0.0001,0,0,0.478,Low,0.0,2.0,1.0,1.0,Standard,Standard retention nurture
137546,0.0,0,0,0.3492,Low,0.0,0.0,0.0,0.0,Standard,Standard retention nurture
137547,0.0,0,0,0.2516,Low,0.0,0.0,0.0,0.0,Standard,Standard retention nurture
137548,0.9874,1,1,0.124,Critical,0.1224,3984.0,1195.0,695.0,Basic,Relationship manager follow-up
137549,0.0,0,0,0.4318,Low,0.0,0.0,0.0,0.0,Standard,Standard retention nurture
137550,0.0011,0,0,0.2739,Low,0.0003,7.0,2.0,2.0,Standard,Standard retention nurture
137551,0.0023,0,0,0.2232,Low,0.0005,12.0,4.0,4.0,Basic,Standard retention nurture
137552,0.001,0,0,0.3418,Low,0.0003,14.0,4.0,4.0,Standard,Standard retention nurture
137553,0.0,0,0,0.5053,Low,0.0,0.0,0.0,0.0,Premium,Standard retention nurture
137554,0.0001,0,0,0.4783,Low,0.0,2.0,1.0,1.0,Standard,Standard retention nurture
137555,0.0,0,0,0.3977,Low,0.0,0.0,0.0,0.0,Standard,Standard retention nurture
137556,0.0,0,0,0.7416,Low,0.0,0.0,0.0,0.0,Premium,Standard retention nurture
137557,0.0,0,0,0.303,Low,0.0,0.0,0.0,0.0,Standard,Standard retention nurture
137558,0.0001,0,0,0.2813,Low,0.0,1.0,0.0,0.0,Standard,Standard retention nurture
137559,0.0039,0,0,0.1473,Low,0.0006,19.0,6.0,6.0,Basic,Standard retention nurture
137560,0.0,0,0,0.2728,Low,0.0,0.0,0.0,0.0,Standard,Standard retention nurture
137561,0.0,0,0,0.2957,Low,0.0,0.0,0.0,0.0,Standard,Standard retention nurture
137562,0.0083,0,0,0.3074,Low,0.0026,136.0,41.0,41.0,Standard,Standard retention nurture
137563,0.4249,1,0,0.5555,Medium,0.236,12153.0,3646.0,3146.0,Premium,Relationship manager follow-up
137564,0.0414,0,0,0.1586,Low,0.0066,232.0,70.0,70.0,Basic,Standard retention nurture
137565,0.0,0,0,0.1867,Low,0.0,0.0,0.0,0.0,Basic,Standard retention nurture
137566,0.0,0,0,0.3147,Low,0.0,0.0,0.0,0.0,Standard,Standard retention nurture
137567,0.0,0,0,0.464,Low,0.0,0.0,0.0,0.0,Standard,Standard retention nurture
137568,0.0,0,0,0.4012,Low,0.0,0.0,0.0,0.0,Standard,Standard retention nurture
137569,0.0,0,0,0.3469,Low,0.0,0.0,0.0,0.0,Standard,Standard retention nurture
137570,0.0,0,0,0.4875,Low,0.0,0.0,0.0,0.0,Standard,Standard retention nurture
137571,0.9973,1,1,0.2038,Critical,0.2032,4083.0,1225.0,725.0,Basic,Relationship manager follow-up
137572,0.0,0,0,0.4777,Low,0.0,0.0,0.0,0.0,Standard,Standard retention nurture
137573,0.9011,1,1,0.1718,Critical,0.1548,5744.0,1723.0,1223.0,Basic,Relationship manager follow-up
137574,0.0,0,0,0.124,Low,0.0,0.0,0.0,0.0,Basic,Standard retention nurture
137575,0.0,0,0,0.5813,Low,0.0,0.0,0.0,0.0,Premium,Standard retention nurture
137576,0.9992,1,1,0.4328,Critical,0.4325,10090.0,3027.0,2527.0,Standard,Relationship manager follow-up
137577,0.0,0,0,0.2382,Low,0.0,0.0,0.0,0.0,Basic,Standard retention nurture
137578,0.0,0,0,0.5516,Low,0.0,0.0,0.0,0.0,Premium,Standard retention nurture
137579,0.0,0,0,0.2637,Low,0.0,0.0,0.0,0.0,Standard,Standard retention nurture
137580,0.9995,1,1,0.1255,Critical,0.1254,3344.0,1003.0,503.0,Basic,Relationship manager follow-up
137581,0.0,0,0,0.5296,Low,0.0,0.0,0.0,0.0,Premium,Standard retention nurture
137582,0.0001,0,0,0.3062,Low,0.0,1.0,0.0,0.0,Standard,Standard retention nurture
137583,0.0001,0,0,0.346,Low,0.0,0.0,0.0,0.0,Standard,Standard retention nurture
137584,0.0,0,0,0.3419,Low,0.0,0.0,0.0,0.0,Standard,Standard retention nurture
137585,0.0001,0,0,0.3205,Low,0.0,1.0,0.0,0.0,Standard,Standard retention nurture
137586,0.0,0,0,0.1914,Low,0.0,0.0,0.0,0.0,Basic,Standard retention nurture
137587,0.0,0,0,0.2419,Low,0.0,0.0,0.0,0.0,Basic,Standard retention nurture
137588,0.0,0,0,0.4991,Low,0.0,0.0,0.0,0.0,Standard,Standard retention nurture
137589,0.0001,0,0,0.3397,Low,0.0,1.0,0.0,0.0,Standard,Standard retention nurture
137590,0.0,0,0,0.2965,Low,0.0,0.0,0.0,0.0,Standard,Standard retention nurture
137591,0.0,0,0,0.5206,Low,0.0,0.0,0.0,0.0,Premium,Standard retention nurture
137592,0.0,0,0,0.3951,Low,0.0,0.0,0.0,0.0,Standard,Standard retention nurture
137593,0.0,0,0,0.3456,Low,0.0,0.0,0.0,0.0,Standard,Standard retention nurture
137594,0.0,0,0,0.6311,Low,0.0,0.0,0.0,0.0,Premium,Standard retention nurture
137595,0.0001,0,0,0.5139,Low,0.0001,2.0,1.0,1.0,Premium,Standard retention nurture
137596,0.0,0,0,0.4083,Low,0.0,0.0,0.0,0.0,Standard,Standard retention nurture
137597,0.0,0,0,0.1677,Low,0.0,0.0,0.0,0.0,Basic,Standard retention nurture
137598,0.0,0,0,0.3662,Low,0.0,0.0,0.0,0.0,Standard,Standard retention nurture
137599,0.0,0,0,0.2795,Low,0.0,0.0,0.0,0.0,Standard,Standard retention nurture
137600,0.0009,0,0,0.5204,Low,0.0005,23.0,7.0,7.0,Premium,Standard retention nurture
137601,1.0,1,1,0.132,Critical,0.132,2109.0,633.0,133.0,Basic,Relationship manager follow-up
137602,0.0,0,0,0.5045,Low,0.0,0.0,0.0,0.0,Premium,Standard retention nurture
137603,0.0,0,0,0.3067,Low,0.0,0.0,0.0,0.0,Standard,Standard retention nurture
137604,0.9784,1,1,0.1092,Critical,0.1068,2148.0,644.0,144.0,Basic,Relationship manager follow-up
137605,0.9997,1,1,0.2646,Critical,0.2645,3736.0,1121.0,621.0,Standard,Relationship manager follow-up
137606,0.0652,0,0,0.189,Low,0.0123,349.0,105.0,105.0,Basic,Standard retention nurture
137607,0.0,0,0,0.6138,Low,0.0,0.0,0.0,0.0,Premium,Standard retention nurture
137608,0.0002,0,0,0.3239,Low,0.0001,3.0,1.0,1.0,Standard,Standard retention nurture
137609,0.0066,0,0,0.5226,Low,0.0034,148.0,44.0,44.0,Premium,Standard retention nurture
137610,0.9995,1,1,0.433,Critical,0.4328,17566.0,5270.0,4770.0,Standard,Relationship manager follow-up
137611,0.0001,0,0,0.1058,Low,0.0,0.0,0.0,0.0,Basic,Standard retention nurture
137612,0.0,0,0,0.3795,Low,0.0,0.0,0.0,0.0,Standard,Standard retention nurture
137613,0.0,0,0,0.31,Low,0.0,0.0,0.0,0.0,Standard,Standard retention nurture
137614,0.0,0,0,0.2009,Low,0.0,0.0,0.0,0.0,Basic,Standard retention nurture
137615,0.0,0,0,0.5963,Low,0.0,0.0,0.0,0.0,Premium,Standard retention nurture
137616,0.0,0,0,0.2763,Low,0.0,0.0,0.0,0.0,Standard,Standard retention nurture
137617,0.0,0,0,0.3544,Low,0.0,0.0,0.0,0.0,Standard,Standard retention nurture
137618,0.0009,0,0,0.4749,Low,0.0004,18.0,5.0,5.0,Standard,Standard retention nurture
137619,0.0,0,0,0.376,Low,0.0,0.0,0.0,0.0,Standard,Standard retention nurture
137620,0.0,0,0,0.5772,Low,0.0,0.0,0.0,0.0,Premium,Standard retention nurture
137621,0.0,0,0,0.247,Low,0.0,0.0,0.0,0.0,Basic,Standard retention nurture
137622,0.0001,0,0,0.7302,Low,0.0001,3.0,1.0,1.0,Premium,Standard retention nurture
137623,0.0,0,0,0.2955,Low,0.0,0.0,0.0,0.0,Standard,Standard retention nurture
137624,0.0005,0,0,0.4203,Low,0.0002,7.0,2.0,2.0,Standard,Standard retention nurture
137625,0.0001,0,0,0.6872,Low,0.0001,2.0,1.0,1.0,Premium,Standard retention nurture
137626,0.0,0,0,0.348,Low,0.0,0.0,0.0,0.0,Standard,Standard retention nurture
137627,0.8629,1,1,0.1878,Critical,0.1621,3116.0,935.0,435.0,Basic,Relationship manager follow-up
137628,0.9774,1,1,0.16,Critical,0.1564,1671.0,501.0,1.0,Basic,Relationship manager follow-up
137629,0.9992,1,1,0.0782,Critical,0.0781,2389.0,717.0,217.0,Basic,Relationship manager follow-up
137630,0.0,0,0,0.4237,Low,0.0,0.0,0.0,0.0,Standard,Standard retention nurture
137631,0.0003,0,0,0.427,Low,0.0001,4.0,1.0,1.0,Standard,Standard retention nurture
137632,0.0,0,0,0.4464,Low,0.0,0.0,0.0,0.0,Standard,Standard retention nurture
137633,0.9998,1,1,0.1518,Critical,0.1518,5585.0,1676.0,1176.0,Basic,Relationship manager follow-up
137634,0.0,0,0,0.2863,Low,0.0,0.0,0.0,0.0,Standard,Standard retention nurture
137635,0.0,0,0,0.4858,Low,0.0,0.0,0.0,0.0,Standard,Standard retention nurture
137636,0.0001,0,0,0.3061,Low,0.0,1.0,0.0,0.0,Standard,Standard retention nurture
137637,0.0,0,0,0.4082,Low,0.0,0.0,0.0,0.0,Standard,Standard retention nurture
137638,0.0006,0,0,0.1804,Low,0.0001,1.0,0.0,0.0,Basic,Standard retention nurture
137639,0.0,0,0,0.2693,Low,0.0,0.0,0.0,0.0,Standard,Standard retention nurture
137640,0.0,0,0,0.5975,Low,0.0,0.0,0.0,0.0,Premium,Standard retention nurture
137641,0.0,0,0,0.1841,Low,0.0,0.0,0.0,0.0,Basic,Standard retention nurture
137642,0.0,0,0,0.5202,Low,0.0,0.0,0.0,0.0,Premium,Standard retention nurture
137643,0.9874,1,1,0.2912,Critical,0.2875,6877.0,2063.0,1563.0,Standard,Relationship manager follow-up
137644,0.0,0,0,0.2423,Low,0.0,0.0,0.0,0.0,Basic,Standard retention nurture
137645,0.0012,0,0,0.3251,Low,0.0004,15.0,4.0,4.0,Standard,Standard retention nurture
137646,0.0002,0,0,0.3496,Low,0.0001,1.0,0.0,0.0,Standard,Standard retention nurture
137647,0.0002,0,0,0.2393,Low,0.0,1.0,0.0,0.0,Basic,Standard retention nurture
137648,0.0,0,0,0.536,Low,0.0,0.0,0.0,0.0,Premium,Standard retention nurture
137649,0.0,0,0,0.4023,Low,0.0,0.0,0.0,0.0,Standard,Standard retention nurture
137650,0.0,0,0,0.459,Low,0.0,0.0,0.0,0.0,Standard,Standard retention nurture
137651,0.0038,0,0,0.2272,Low,0.0009,27.0,8.0,8.0,Basic,Standard retention nurture
137652,0.0005,0,0,0.3682,Low,0.0002,8.0,2.0,2.0,Standard,Standard retention nurture
137653,0.9992,1,1,0.4737,Critical,0.4733,20741.0,6222.0,5722.0,Standard,Relationship manager follow-up
137654,0.0,0,0,0.3733,Low,0.0,0.0,0.0,0.0,Standard,Standard retention nurture
137655,0.0,0,0,0.8637,Low,0.0,0.0,0.0,0.0,Elite,Standard retention nurture
137656,0.0,0,0,0.2607,Low,0.0,0.0,0.0,0.0,Standard,Standard retention nurture
137657,0.0174,0,0,0.296,Low,0.0052,152.0,46.0,46.0,Standard,Standard retention nurture
137658,0.0116,0,0,0.1873,Low,0.0022,85.0,26.0,26.0,Basic,Standard retention nurture
137659,0.0003,0,0,0.2841,Low,0.0001,2.0,1.0,1.0,Standard,Standard retention nurture
137660,0.0,0,0,0.5013,Low,0.0,0.0,0.0,0.0,Premium,Standard retention nurture
137661,0.0,0,0,0.3571,Low,0.0,0.0,0.0,0.0,Standard,Standard retention nurture
137662,0.0,0,0,0.2664,Low,0.0,0.0,0.0,0.0,Standard,Standard retention nurture
137663,1.0,1,1,0.1182,Critical,0.1182,1640.0,492.0,-8.0,Basic,Relationship manager follow-up
137664,0.0006,0,0,0.2699,Low,0.0002,4.0,1.0,1.0,Standard,Standard retention nurture
137665,0.0,0,0,0.6364,Low,0.0,0.0,0.0,0.0,Premium,Standard retention nurture
137666,0.0002,0,0,0.1905,Low,0.0,2.0,1.0,1.0,Basic,Standard retention nurture
137667,0.0,0,0,0.4018,Low,0.0,0.0,0.0,0.0,Standard,Standard retention nurture
137668,0.0,0,0,0.6402,Low,0.0,0.0,0.0,0.0,Premium,Standard retention nurture
137669,0.0,0,0,0.6194,Low,0.0,0.0,0.0,0.0,Premium,Standard retention nurture
137670,0.0,0,0,0.125,Low,0.0,0.0,0.0,0.0,Basic,Standard retention nurture
137671,0.0,0,0,0.4015,Low,0.0,0.0,0.0,0.0,Standard,Standard retention nurture
137672,1.0,1,1,0.2083,Critical,0.2083,12109.0,3633.0,3133.0,Basic,Relationship manager follow-up
137673,0.0054,0,0,0.1743,Low,0.0009,32.0,10.0,10.0,Basic,Standard retention nurture
137674,0.0035,0,0,0.3671,Low,0.0013,43.0,13.0,13.0,Standard,Standard retention nurture
137675,0.0,0,0,0.5492,Low,0.0,0.0,0.0,0.0,Premium,Standard retention nurture
137676,1.0,1,1,0.1515,Critical,0.1515,5759.0,1728.0,1228.0,Basic,Relationship manager follow-up
137677,0.9999,1,1,0.0992,Critical,0.0992,2712.0,814.0,314.0,Basic,Relationship manager follow-up
137678,0.0044,0,0,0.5141,Low,0.0023,126.0,38.0,38.0,Premium,Standard retention nurture
137679,0.0,0,0,0.1934,Low,0.0,0.0,0.0,0.0,Basic,Standard retention nurture
137680,0.0001,0,0,0.5501,Low,0.0001,2.0,1.0,1.0,Premium,Standard retention nurture
137681,0.0,0,0,0.8219,Low,0.0,0.0,0.0,0.0,Elite,Standard retention nurture
137682,0.0,0,0,0.3938,Low,0.0,0.0,0.0,0.0,Standard,Standard retention nurture
137683,0.0,0,0,0.9564,Low,0.0,0.0,0.0,0.0,Elite,Standard retention nurture
137684,0.0,0,0,0.6667,Low,0.0,0.0,0.0,0.0,Premium,Standard retention nurture
137685,0.021,0,0,0.8067,Low,0.0169,769.0,231.0,231.0,Elite,Standard retention nurture
137686,0.9992,1,1,0.2438,Critical,0.2436,9104.0,2731.0,2231.0,Basic,Relationship manager follow-up
137687,0.0,0,0,0.3335,Low,0.0,0.0,0.0,0.0,Standard,Standard retention nurture
137688,0.0,0,0,0.1725,Low,0.0,0.0,0.0,0.0,Basic,Standard retention nurture
137689,0.0001,0,0,0.4911,Low,0.0,2.0,1.0,1.0,Standard,Standard retention nurture
137690,0.0005,0,0,0.3133,Low,0.0002,6.0,2.0,2.0,Standard,Standard retention nurture
137691,0.0,0,0,0.262,Low,0.0,0.0,0.0,0.0,Standard,Standard retention nurture
137692,0.0,0,0,0.2915,Low,0.0,0.0,0.0,0.0,Standard,Standard retention nurture
137693,0.0076,0,0,0.4694,Low,0.0036,131.0,39.0,39.0,Standard,Standard retention nurture
137694,0.0,0,0,0.4674,Low,0.0,0.0,0.0,0.0,Standard,Standard retention nurture
137695,0.0,0,0,0.1588,Low,0.0,0.0,0.0,0.0,Basic,Standard retention nurture
137696,0.0,0,0,0.1516,Low,0.0,0.0,0.0,0.0,Basic,Standard retention nurture
137697,0.9996,1,1,0.2482,Critical,0.2481,4623.0,1387.0,887.0,Basic,Relationship manager follow-up
137698,0.0,0,0,0.7482,Low,0.0,0.0,0.0,0.0,Premium,Standard retention nurture
137699,0.0002,0,0,0.4195,Low,0.0001,3.0,1.0,1.0,Standard,Standard retention nurture
137700,0.0,0,0,0.7898,Low,0.0,0.0,0.0,0.0,Elite,Standard retention nurture
137701,0.9417,1,1,0.2333,Critical,0.2197,5361.0,1608.0,1108.0,Basic,Relationship manager follow-up
137702,0.9173,1,0,0.3232,Critical,0.2965,10520.0,3156.0,2656.0,Standard,Relationship manager follow-up
137703,0.0,0,0,0.4811,Low,0.0,0.0,0.0,0.0,Standard,Standard retention nurture
137704,0.0,0,0,0.3301,Low,0.0,0.0,0.0,0.0,Standard,Standard retention nurture
137705,0.997,1,1,0.188,Critical,0.1874,3092.0,928.0,428.0,Basic,Relationship manager follow-up
137706,0.0,0,0,0.398,Low,0.0,0.0,0.0,0.0,Standard,Standard retention nurture
137707,0.0,0,0,0.4524,Low,0.0,0.0,0.0,0.0,Standard,Standard retention nurture
137708,0.0002,0,0,0.2488,Low,0.0,1.0,0.0,0.0,Basic,Standard retention nurture
137709,0.0,0,0,0.2382,Low,0.0,0.0,0.0,0.0,Basic,Standard retention nurture
137710,0.0,0,0,0.608,Low,0.0,0.0,0.0,0.0,Premium,Standard retention nurture
137711,0.0,0,0,0.2738,Low,0.0,0.0,0.0,0.0,Standard,Standard retention nurture
137712,0.0,0,0,0.338,Low,0.0,0.0,0.0,0.0,Standard,Standard retention nurture
137713,0.0001,0,0,0.3318,Low,0.0,1.0,0.0,0.0,Standard,Standard retention nurture
137714,0.0,0,0,0.331,Low,0.0,0.0,0.0,0.0,Standard,Standard retention nurture
137715,0.0,0,0,0.4701,Low,0.0,0.0,0.0,0.0,Standard,Standard retention nurture
137716,0.0,0,0,0.3309,Low,0.0,0.0,0.0,0.0,Standard,Standard retention nurture
137717,0.965,1,1,0.5763,Critical,0.5561,15250.0,4575.0,4075.0,Premium,Relationship manager follow-up
137718,0.0066,0,0,0.6598,Low,0.0044,234.0,70.0,70.0,Premium,Standard retention nurture
137719,0.0,0,0,0.2107,Low,0.0,0.0,0.0,0.0,Basic,Standard retention nurture
137720,0.0,0,0,0.343,Low,0.0,0.0,0.0,0.0,Standard,Standard retention nurture
137721,0.0002,0,0,0.3339,Low,0.0001,3.0,1.0,1.0,Standard,Standard retention nurture
137722,0.0,0,0,0.9199,Low,0.0,0.0,0.0,0.0,Elite,Standard retention nurture
137723,0.9985,1,1,0.3315,Critical,0.331,12110.0,3633.0,3133.0,Standard,Relationship manager follow-up
137724,0.0002,0,0,0.1991,Low,0.0,1.0,0.0,0.0,Basic,Standard retention nurture
137725,0.0,0,0,0.3738,Low,0.0,0.0,0.0,0.0,Standard,Standard retention nurture
137726,0.0,0,0,0.487,Low,0.0,0.0,0.0,0.0,Standard,Standard retention nurture
137727,0.0,0,0,0.288,Low,0.0,0.0,0.0,0.0,Standard,Standard retention nurture
137728,0.0,0,0,0.1825,Low,0.0,0.0,0.0,0.0,Basic,Standard retention nurture
137729,0.9999,1,1,0.1132,Critical,0.1132,2327.0,698.0,198.0,Basic,Relationship manager follow-up
137730,0.957,1,1,0.2125,Critical,0.2034,5825.0,1748.0,1248.0,Basic,Relationship manager follow-up
137731,0.9772,1,1,0.4914,Critical,0.4802,18162.0,5449.0,4949.0,Standard,Relationship manager follow-up
137732,0.0003,0,0,0.6872,Low,0.0002,11.0,3.0,3.0,Premium,Standard retention nurture
137733,0.0,0,0,0.5263,Low,0.0,0.0,0.0,0.0,Premium,Standard retention nurture
137734,0.0,0,0,0.3051,Low,0.0,0.0,0.0,0.0,Standard,Standard retention nurture
137735,0.0,0,0,0.6073,Low,0.0,0.0,0.0,0.0,Premium,Standard retention nurture
137736,0.0,0,0,0.4694,Low,0.0,0.0,0.0,0.0,Standard,Standard retention nurture
137737,0.0,0,0,0.4874,Low,0.0,0.0,0.0,0.0,Standard,Standard retention nurture
137738,0.0,0,0,0.2694,Low,0.0,0.0,0.0,0.0,Standard,Standard retention nurture
137739,0.0004,0,0,0.6765,Low,0.0003,9.0,3.0,3.0,Premium,Standard retention nurture
137740,0.0,0,0,0.4998,Low,0.0,0.0,0.0,0.0,Standard,Standard retention nurture
137741,0.6654,1,1,0.2397,High,0.1595,4287.0,1286.0,786.0,Basic,Relationship manager follow-up
137742,0.0,0,0,0.5544,Low,0.0,0.0,0.0,0.0,Premium,Standard retention nurture
137743,0.0443,0,0,0.1244,Low,0.0055,270.0,81.0,81.0,Basic,Standard retention nurture
137744,0.0,0,0,0.6537,Low,0.0,0.0,0.0,0.0,Premium,Standard retention nurture
137745,0.0001,0,0,0.2397,Low,0.0,0.0,0.0,0.0,Basic,Standard retention nurture
137746,0.0,0,0,0.408,Low,0.0,0.0,0.0,0.0,Standard,Standard retention nurture
137747,0.0,0,0,0.5628,Low,0.0,0.0,0.0,0.0,Premium,Standard retention nurture
137748,0.0,0,0,0.637,Low,0.0,0.0,0.0,0.0,Premium,Standard retention nurture
137749,0.9998,1,1,0.1418,Critical,0.1418,1984.0,595.0,95.0,Basic,Relationship manager follow-up
137750,0.0,0,0,0.1658,Low,0.0,0.0,0.0,0.0,Basic,Standard retention nurture
137751,0.0,0,0,0.3211,Low,0.0,0.0,0.0,0.0,Standard,Standard retention nurture
137752,0.0,0,0,0.3658,Low,0.0,0.0,0.0,0.0,Standard,Standard retention nurture
137753,0.0,0,0,0.4768,Low,0.0,0.0,0.0,0.0,Standard,Standard retention nurture
137754,0.9917,1,1,0.2128,Critical,0.211,4328.0,1298.0,798.0,Basic,Relationship manager follow-up
137755,0.0,0,0,0.2236,Low,0.0,0.0,0.0,0.0,Basic,Standard retention nurture
137756,0.0012,0,0,0.2319,Low,0.0003,4.0,1.0,1.0,Basic,Standard retention nurture
137757,0.9867,1,1,0.3197,Critical,0.3154,7586.0,2276.0,1776.0,Standard,Relationship manager follow-up
137758,0.0,0,0,0.6747,Low,0.0,0.0,0.0,0.0,Premium,Standard retention nurture
137759,0.0,0,0,0.4163,Low,0.0,0.0,0.0,0.0,Standard,Standard retention nurture
137760,0.0,0,0,0.911,Low,0.0,0.0,0.0,0.0,Elite,Standard retention nurture
137761,0.0,0,0,0.8318,Low,0.0,0.0,0.0,0.0,Elite,Standard retention nurture
137762,0.0,0,0,0.7667,Low,0.0,0.0,0.0,0.0,Elite,Standard retention nurture
137763,0.0001,0,0,0.5174,Low,0.0001,2.0,1.0,1.0,Premium,Standard retention nurture
137764,0.0,0,0,0.2476,Low,0.0,0.0,0.0,0.0,Basic,Standard retention nurture
137765,0.0,0,0,0.2116,Low,0.0,0.0,0.0,0.0,Basic,Standard retention nurture
137766,0.9983,1,1,0.2168,Critical,0.2164,8554.0,2566.0,2066.0,Basic,Relationship manager follow-up
137767,0.0,0,0,0.6615,Low,0.0,0.0,0.0,0.0,Premium,Standard retention nurture
137768,0.0,0,0,0.1593,Low,0.0,0.0,0.0,0.0,Basic,Standard retention nurture
137769,0.0,0,0,0.2277,Low,0.0,0.0,0.0,0.0,Basic,Standard retention nurture
137770,0.0,0,0,0.4182,Low,0.0,0.0,0.0,0.0,Standard,Standard retention nurture
137771,0.9996,1,1,0.1748,Critical,0.1747,4086.0,1226.0,726.0,Basic,Relationship manager follow-up
137772,0.0,0,0,0.294,Low,0.0,0.0,0.0,0.0,Standard,Standard retention nurture
137773,0.0478,0,0,0.1427,Low,0.0068,262.0,79.0,79.0,Basic,Standard retention nurture
137774,0.9999,1,1,0.1357,Critical,0.1357,6460.0,1938.0,1438.0,Basic,Relationship manager follow-up
137775,0.0,0,0,0.2574,Low,0.0,0.0,0.0,0.0,Standard,Standard retention nurture
137776,0.0,0,0,0.3618,Low,0.0,0.0,0.0,0.0,Standard,Standard retention nurture
137777,0.0018,0,0,0.7479,Low,0.0013,66.0,20.0,20.0,Premium,Standard retention nurture
137778,0.0,0,0,0.2786,Low,0.0,0.0,0.0,0.0,Standard,Standard retention nurture
137779,0.9977,1,1,0.1102,Critical,0.1099,985.0,296.0,-204.0,Basic,Relationship manager follow-up
137780,0.0471,0,0,0.1659,Low,0.0078,359.0,108.0,108.0,Basic,Standard retention nurture
137781,0.0001,0,0,0.5588,Low,0.0001,2.0,1.0,1.0,Premium,Standard retention nurture
137782,0.0004,0,0,0.6178,Low,0.0002,12.0,4.0,4.0,Premium,Standard retention nurture
137783,0.0003,0,0,0.6916,Low,0.0002,10.0,3.0,3.0,Premium,Standard retention nurture
137784,1.0,1,1,0.1124,Critical,0.1124,3199.0,960.0,460.0,Basic,Relationship manager follow-up
137785,0.0,0,0,0.9427,Low,0.0,0.0,0.0,0.0,Elite,Standard retention nurture
137786,0.0,0,0,0.2734,Low,0.0,0.0,0.0,0.0,Standard,Standard retention nurture
137787,0.0,0,0,0.4567,Low,0.0,0.0,0.0,0.0,Standard,Standard retention nurture
137788,0.0,0,0,0.6058,Low,0.0,0.0,0.0,0.0,Premium,Standard retention nurture
137789,0.0,0,0,0.7354,Low,0.0,0.0,0.0,0.0,Premium,Standard retention nurture
137790,0.0,0,0,0.3831,Low,0.0,0.0,0.0,0.0,Standard,Standard retention nurture
137791,0.0001,0,0,0.1419,Low,0.0,0.0,0.0,0.0,Basic,Standard retention nurture
137792,1.0,1,1,0.1881,Critical,0.1881,4950.0,1485.0,985.0,Basic,Relationship manager follow-up
137793,0.0,0,0,0.383,Low,0.0,0.0,0.0,0.0,Standard,Standard retention nurture
137794,0.0002,0,0,0.342,Low,0.0001,3.0,1.0,1.0,Standard,Standard retention nurture
137795,0.0013,0,0,0.5565,Low,0.0007,28.0,8.0,8.0,Premium,Standard retention nurture
137796,0.009,0,0,0.2797,Low,0.0025,67.0,20.0,20.0,Standard,Standard retention nurture
137797,0.9973,1,1,0.3174,Critical,0.3165,11197.0,3359.0,2859.0,Standard,Relationship manager follow-up
137798,0.0,0,0,0.6856,Low,0.0,0.0,0.0,0.0,Premium,Standard retention nurture
137799,0.0,0,0,0.2217,Low,0.0,0.0,0.0,0.0,Basic,Standard retention nurture
137800,0.9998,1,1,0.1969,Critical,0.1969,3164.0,949.0,449.0,Basic,Relationship manager follow-up
137801,0.0032,0,0,0.287,Low,0.0009,38.0,11.0,11.0,Standard,Standard retention nurture
137802,0.1308,1,0,0.593,Low,0.0776,2680.0,804.0,304.0,Premium,Relationship manager follow-up
137803,0.0,0,0,0.3621,Low,0.0,0.0,0.0,0.0,Standard,Standard retention nurture
137804,0.0114,0,0,0.3798,Low,0.0043,169.0,51.0,51.0,Standard,Standard retention nurture
137805,0.0,0,0,0.6386,Low,0.0,0.0,0.0,0.0,Premium,Standard retention nurture
137806,0.0,0,0,0.5149,Low,0.0,0.0,0.0,0.0,Premium,Standard retention nurture
137807,0.0041,0,0,0.2437,Low,0.001,33.0,10.0,10.0,Basic,Standard retention nurture
137808,0.0043,0,0,0.4565,Low,0.002,100.0,30.0,30.0,Standard,Standard retention nurture
137809,0.0,0,0,0.3256,Low,0.0,0.0,0.0,0.0,Standard,Standard retention nurture
137810,0.0,0,0,0.3864,Low,0.0,0.0,0.0,0.0,Standard,Standard retention nurture
137811,0.1166,1,0,0.2625,Low,0.0306,1179.0,354.0,-146.0,Standard,Relationship manager follow-up
137812,0.0102,0,0,0.3417,Low,0.0035,126.0,38.0,38.0,Standard,Standard retention nurture
137813,0.0,0,0,0.2545,Low,0.0,0.0,0.0,0.0,Standard,Standard retention nurture
137814,0.0,0,0,0.5289,Low,0.0,0.0,0.0,0.0,Premium,Standard retention nurture
137815,0.0001,0,0,0.3295,Low,0.0,0.0,0.0,0.0,Standard,Standard retention nurture
137816,0.0001,0,0,0.4419,Low,0.0,2.0,1.0,1.0,Standard,Standard retention nurture
137817,0.0008,0,0,0.258,Low,0.0002,3.0,1.0,1.0,Standard,Standard retention nurture
137818,0.0017,0,0,0.252,Low,0.0004,14.0,4.0,4.0,Standard,Standard retention nurture
137819,0.0012,0,0,0.1897,Low,0.0002,4.0,1.0,1.0,Basic,Standard retention nurture
137820,0.0036,0,0,0.2428,Low,0.0009,32.0,10.0,10.0,Basic,Standard retention nurture
137821,0.0041,0,0,0.2281,Low,0.0009,16.0,5.0,5.0,Basic,Standard retention nurture
137822,0.9957,1,1,0.1939,Critical,0.1931,3281.0,984.0,484.0,Basic,Relationship manager follow-up
137823,0.0006,0,0,0.8551,Low,0.0005,22.0,7.0,7.0,Elite,Standard retention nurture
137824,0.0014,0,0,0.1619,Low,0.0002,8.0,2.0,2.0,Basic,Standard retention nurture
137825,0.0007,0,0,0.5272,Low,0.0004,15.0,4.0,4.0,Premium,Standard retention nurture
137826,0.0,0,0,0.5335,Low,0.0,0.0,0.0,0.0,Premium,Standard retention nurture
137827,0.0,0,0,0.2053,Low,0.0,0.0,0.0,0.0,Basic,Standard retention nurture
137828,0.0,0,0,0.2273,Low,0.0,0.0,0.0,0.0,Basic,Standard retention nurture
137829,0.9998,1,1,0.1935,Critical,0.1935,4412.0,1324.0,824.0,Basic,Relationship manager follow-up
137830,0.0,0,0,0.7313,Low,0.0,0.0,0.0,0.0,Premium,Standard retention nurture
137831,0.0,0,0,0.5531,Low,0.0,0.0,0.0,0.0,Premium,Standard retention nurture
137832,0.0,0,0,0.1797,Low,0.0,0.0,0.0,0.0,Basic,Standard retention nurture
137833,0.0,0,0,0.4909,Low,0.0,0.0,0.0,0.0,Standard,Standard retention nurture
137834,0.0,0,0,0.3347,Low,0.0,0.0,0.0,0.0,Standard,Standard retention nurture
137835,0.0,0,0,0.3746,Low,0.0,0.0,0.0,0.0,Standard,Standard retention nurture
137836,0.0002,0,0,0.3853,Low,0.0001,3.0,1.0,1.0,Standard,Standard retention nurture
137837,0.0001,0,0,0.3612,Low,0.0,2.0,1.0,1.0,Standard,Standard retention nurture
137838,0.0004,0,0,0.5448,Low,0.0002,9.0,3.0,3.0,Premium,Standard retention nurture
137839,0.0001,0,0,0.4747,Low,0.0,1.0,0.0,0.0,Standard,Standard retention nurture
137840,0.0,0,0,0.697,Low,0.0,0.0,0.0,0.0,Premium,Standard retention nurture
137841,0.9579,1,1,0.1524,Critical,0.146,6287.0,1886.0,1386.0,Basic,Relationship manager follow-up
137842,0.0015,0,0,0.3135,Low,0.0005,8.0,2.0,2.0,Standard,Standard retention nurture
137843,0.0,0,0,0.5491,Low,0.0,0.0,0.0,0.0,Premium,Standard retention nurture
137844,0.0,0,0,0.1673,Low,0.0,0.0,0.0,0.0,Basic,Standard retention nurture
137845,0.0001,0,0,0.7714,Low,0.0001,4.0,1.0,1.0,Elite,Standard retention nurture
137846,0.0001,0,0,0.1812,Low,0.0,1.0,0.0,0.0,Basic,Standard retention nurture
137847,0.0,0,0,0.2371,Low,0.0,0.0,0.0,0.0,Basic,Standard retention nurture
137848,0.0,0,0,0.4561,Low,0.0,0.0,0.0,0.0,Standard,Standard retention nurture
137849,0.0002,0,0,0.1739,Low,0.0,1.0,0.0,0.0,Basic,Standard retention nurture
137850,0.0,0,0,0.2885,Low,0.0,0.0,0.0,0.0,Standard,Standard retention nurture
137851,0.0001,0,0,0.6107,Low,0.0001,3.0,1.0,1.0,Premium,Standard retention nurture
137852,0.0,0,0,0.6708,Low,0.0,0.0,0.0,0.0,Premium,Standard retention nurture
137853,0.0,0,0,0.5539,Low,0.0,0.0,0.0,0.0,Premium,Standard retention nurture
137854,0.0,0,0,0.2436,Low,0.0,0.0,0.0,0.0,Basic,Standard retention nurture
137855,0.0,0,0,0.6363,Low,0.0,0.0,0.0,0.0,Premium,Standard retention nurture
137856,0.0,0,0,0.5574,Low,0.0,0.0,0.0,0.0,Premium,Standard retention nurture
137857,0.0,0,0,0.4564,Low,0.0,0.0,0.0,0.0,Standard,Standard retention nurture
137858,1.0,1,1,0.0987,Critical,0.0987,2963.0,889.0,389.0,Basic,Relationship manager follow-up
137859,0.0,0,0,0.6926,Low,0.0,0.0,0.0,0.0,Premium,Standard retention nurture
137860,1.0,1,1,0.1849,Critical,0.1849,3537.0,1061.0,561.0,Basic,Relationship manager follow-up
137861,0.9995,1,1,0.2888,Critical,0.2887,9107.0,2732.0,2232.0,Standard,Relationship manager follow-up
137862,0.0,0,0,0.8117,Low,0.0,0.0,0.0,0.0,Elite,Standard retention nurture
137863,0.0002,0,0,0.3535,Low,0.0001,3.0,1.0,1.0,Standard,Standard retention nurture
137864,0.0,0,0,0.3117,Low,0.0,0.0,0.0,0.0,Standard,Standard retention nurture
137865,0.0,0,0,0.6206,Low,0.0,0.0,0.0,0.0,Premium,Standard retention nurture
137866,0.0005,0,0,0.2933,Low,0.0001,5.0,2.0,2.0,Standard,Standard retention nurture
137867,0.014,0,0,0.5794,Low,0.0081,295.0,88.0,88.0,Premium,Standard retention nurture
137868,0.0001,0,0,0.4436,Low,0.0,1.0,0.0,0.0,Standard,Standard retention nurture
137869,0.0,0,0,0.3151,Low,0.0,0.0,0.0,0.0,Standard,Standard retention nurture
137870,0.0,0,0,0.3312,Low,0.0,0.0,0.0,0.0,Standard,Standard retention nurture
137871,1.0,1,1,0.2956,Critical,0.2956,5631.0,1689.0,1189.0,Standard,Relationship manager follow-up
137872,0.0005,0,0,0.3002,Low,0.0002,4.0,1.0,1.0,Standard,Standard retention nurture
137873,0.0,0,0,0.5946,Low,0.0,0.0,0.0,0.0,Premium,Standard retention nurture
137874,0.998,1,1,0.1387,Critical,0.1384,2318.0,695.0,195.0,Basic,Relationship manager follow-up
137875,0.9968,1,1,0.1438,Critical,0.1433,2396.0,719.0,219.0,Basic,Relationship manager follow-up
137876,0.0,0,0,0.2436,Low,0.0,0.0,0.0,0.0,Basic,Standard retention nurture
137877,0.0002,0,0,0.6052,Low,0.0001,6.0,2.0,2.0,Premium,Standard retention nurture
137878,0.0001,0,0,0.3274,Low,0.0,1.0,0.0,0.0,Standard,Standard retention nurture
137879,0.0,0,0,0.4191,Low,0.0,0.0,0.0,0.0,Standard,Standard retention nurture
137880,0.9998,1,1,0.2356,Critical,0.2356,11817.0,3545.0,3045.0,Basic,Relationship manager follow-up
137881,0.0001,0,0,0.7936,Low,0.0001,3.0,1.0,1.0,Elite,Standard retention nurture
137882,0.0,0,0,0.2729,Low,0.0,0.0,0.0,0.0,Standard,Standard retention nurture
137883,0.0,0,0,0.6583,Low,0.0,0.0,0.0,0.0,Premium,Standard retention nurture
137884,0.0,0,0,0.185,Low,0.0,0.0,0.0,0.0,Basic,Standard retention nurture
137885,0.0,0,0,0.2486,Low,0.0,0.0,0.0,0.0,Basic,Standard retention nurture
137886,0.0415,0,0,0.1679,Low,0.007,213.0,64.0,64.0,Basic,Standard retention nurture
137887,0.0001,0,0,0.1741,Low,0.0,0.0,0.0,0.0,Basic,Standard retention nurture
137888,0.0007,0,0,0.2217,Low,0.0002,3.0,1.0,1.0,Basic,Standard retention nurture
137889,0.9996,1,1,0.1377,Critical,0.1376,2638.0,791.0,291.0,Basic,Relationship manager follow-up
137890,0.0,0,0,0.3715,Low,0.0,0.0,0.0,0.0,Standard,Standard retention nurture
137891,0.0,0,0,0.3112,Low,0.0,0.0,0.0,0.0,Standard,Standard retention nurture
137892,0.0039,0,0,0.3505,Low,0.0014,56.0,17.0,17.0,Standard,Standard retention nurture
137893,0.2208,1,0,0.2202,Low,0.0486,2037.0,611.0,111.0,Basic,Relationship manager follow-up
137894,0.0,0,0,0.297,Low,0.0,0.0,0.0,0.0,Standard,Standard retention nurture
137895,0.0,0,0,0.4998,Low,0.0,0.0,0.0,0.0,Standard,Standard retention nurture
137896,0.0,0,0,0.8235,Low,0.0,0.0,0.0,0.0,Elite,Standard retention nurture
137897,0.0,0,0,0.3509,Low,0.0,0.0,0.0,0.0,Standard,Standard retention nurture
137898,0.0,0,0,0.6905,Low,0.0,0.0,0.0,0.0,Premium,Standard retention nurture
137899,0.0,0,0,0.7961,Low,0.0,0.0,0.0,0.0,Elite,Standard retention nurture
137900,0.9999,1,1,0.1349,Critical,0.1349,3889.0,1167.0,667.0,Basic,Relationship manager follow-up
137901,0.0,0,0,0.7561,Low,0.0,0.0,0.0,0.0,Elite,Standard retention nurture
137902,0.0,0,0,0.1961,Low,0.0,0.0,0.0,0.0,Basic,Standard retention nurture
137903,0.0,0,0,0.1986,Low,0.0,0.0,0.0,0.0,Basic,Standard retention nurture
137904,0.0,0,0,0.4544,Low,0.0,0.0,0.0,0.0,Standard,Standard retention nurture
137905,0.0,0,0,0.5098,Low,0.0,0.0,0.0,0.0,Premium,Standard retention nurture
137906,0.0,0,0,0.667,Low,0.0,0.0,0.0,0.0,Premium,Standard retention nurture
137907,0.0017,0,0,0.469,Low,0.0008,41.0,12.0,12.0,Standard,Standard retention nurture
137908,0.0001,0,0,0.4224,Low,0.0,2.0,1.0,1.0,Standard,Standard retention nurture
137909,0.0,0,0,0.2409,Low,0.0,0.0,0.0,0.0,Basic,Standard retention nurture
137910,0.0,0,0,0.1902,Low,0.0,0.0,0.0,0.0,Basic,Standard retention nurture
137911,0.9999,1,1,0.1697,Critical,0.1697,4525.0,1358.0,858.0,Basic,Relationship manager follow-up
137912,0.0579,0,0,0.4403,Low,0.0255,987.0,296.0,296.0,Standard,Standard retention nurture
137913,0.0,0,0,0.4466,Low,0.0,0.0,0.0,0.0,Standard,Standard retention nurture
137914,0.0,0,0,0.2418,Low,0.0,0.0,0.0,0.0,Basic,Standard retention nurture
137915,0.0,0,0,0.2848,Low,0.0,0.0,0.0,0.0,Standard,Standard retention nurture
137916,0.0,0,0,0.1473,Low,0.0,0.0,0.0,0.0,Basic,Standard retention nurture
137917,0.0,0,0,0.2602,Low,0.0,0.0,0.0,0.0,Standard,Standard retention nurture
137918,0.0,0,0,0.3449,Low,0.0,0.0,0.0,0.0,Standard,Standard retention nurture
137919,0.0178,0,0,0.2578,Low,0.0046,127.0,38.0,38.0,Standard,Standard retention nurture
137920,0.0001,0,0,0.3285,Low,0.0,1.0,0.0,0.0,Standard,Standard retention nurture
137921,0.0,0,0,0.4961,Low,0.0,0.0,0.0,0.0,Standard,Standard retention nurture
137922,0.0,0,0,0.5264,Low,0.0,0.0,0.0,0.0,Premium,Standard retention nurture
137923,0.0,0,0,0.3178,Low,0.0,0.0,0.0,0.0,Standard,Standard retention nurture
137924,0.9999,1,1,0.4198,Critical,0.4198,13913.0,4174.0,3674.0,Standard,Relationship manager follow-up
137925,0.0,0,0,0.4529,Low,0.0,0.0,0.0,0.0,Standard,Standard retention nurture
137926,0.0,0,0,0.8788,Low,0.0,0.0,0.0,0.0,Elite,Standard retention nurture
137927,0.0,0,0,0.2518,Low,0.0,0.0,0.0,0.0,Standard,Standard retention nurture
137928,0.0,0,0,0.2551,Low,0.0,0.0,0.0,0.0,Standard,Standard retention nurture
137929,0.0,0,0,0.6333,Low,0.0,0.0,0.0,0.0,Premium,Standard retention nurture
137930,0.0001,0,0,0.5189,Low,0.0001,3.0,1.0,1.0,Premium,Standard retention nurture
137931,0.1684,1,1,0.2269,Low,0.0382,854.0,256.0,-244.0,Basic,Relationship manager follow-up
137932,0.0,0,0,0.6863,Low,0.0,0.0,0.0,0.0,Premium,Standard retention nurture
137933,0.0,0,0,0.4956,Low,0.0,0.0,0.0,0.0,Standard,Standard retention nurture
137934,0.0,0,0,0.2064,Low,0.0,0.0,0.0,0.0,Basic,Standard retention nurture
137935,1.0,1,1,0.0474,Critical,0.0474,3082.0,925.0,425.0,Basic,Relationship manager follow-up
137936,0.0008,0,0,0.2725,Low,0.0002,9.0,3.0,3.0,Standard,Standard retention nurture
137937,0.0002,0,0,0.3947,Low,0.0001,4.0,1.0,1.0,Standard,Standard retention nurture
137938,0.9998,1,1,0.2475,Critical,0.2475,8557.0,2567.0,2067.0,Basic,Relationship manager follow-up
137939,0.0004,0,0,0.2084,Low,0.0001,2.0,1.0,1.0,Basic,Standard retention nurture
137940,0.0,0,0,0.1959,Low,0.0,0.0,0.0,0.0,Basic,Standard retention nurture
137941,0.0,0,0,0.9299,Low,0.0,0.0,0.0,0.0,Elite,Standard retention nurture
137942,0.0,0,0,0.4628,Low,0.0,0.0,0.0,0.0,Standard,Standard retention nurture
137943,0.0,0,0,0.8727,Low,0.0,0.0,0.0,0.0,Elite,Standard retention nurture
137944,0.0,0,0,0.2147,Low,0.0,0.0,0.0,0.0,Basic,Standard retention nurture
137945,0.0,0,0,0.3949,Low,0.0,0.0,0.0,0.0,Standard,Standard retention nurture
137946,0.0,0,0,0.6558,Low,0.0,0.0,0.0,0.0,Premium,Standard retention nurture
137947,0.0,0,0,0.5331,Low,0.0,0.0,0.0,0.0,Premium,Standard retention nurture
137948,0.6976,1,1,0.3175,High,0.2215,8517.0,2555.0,2055.0,Standard,Relationship manager follow-up
137949,0.0001,0,0,0.228,Low,0.0,1.0,0.0,0.0,Basic,Standard retention nurture
137950,0.0,0,0,0.4102,Low,0.0,0.0,0.0,0.0,Standard,Standard retention nurture
137951,0.0,0,0,0.1918,Low,0.0,0.0,0.0,0.0,Basic,Standard retention nurture
137952,0.0004,0,0,0.2897,Low,0.0001,4.0,1.0,1.0,Standard,Standard retention nurture
137953,0.0001,0,0,0.3178,Low,0.0,1.0,0.0,0.0,Standard,Standard retention nurture
137954,0.0022,0,0,0.2803,Low,0.0006,28.0,8.0,8.0,Standard,Standard retention nurture
137955,0.0059,0,0,0.2707,Low,0.0016,58.0,17.0,17.0,Standard,Standard retention nurture
137956,0.9999,1,1,0.2029,Critical,0.2029,4436.0,1331.0,831.0,Basic,Relationship manager follow-up
137957,0.0053,0,0,0.2113,Low,0.0011,38.0,11.0,11.0,Basic,Standard retention nurture
137958,0.0,0,0,0.2972,Low,0.0,0.0,0.0,0.0,Standard,Standard retention nurture
137959,0.0,0,0,0.2788,Low,0.0,0.0,0.0,0.0,Standard,Standard retention nurture
137960,0.0,0,0,0.3298,Low,0.0,0.0,0.0,0.0,Standard,Standard retention nurture
137961,0.0,0,0,0.6983,Low,0.0,0.0,0.0,0.0,Premium,Standard retention nurture
137962,0.0001,0,0,0.6049,Low,0.0001,2.0,1.0,1.0,Premium,Standard retention nurture
137963,0.9604,1,1,0.4136,Critical,0.3972,18215.0,5464.0,4964.0,Standard,Relationship manager follow-up
137964,0.0,0,0,0.1485,Low,0.0,0.0,0.0,0.0,Basic,Standard retention nurture
137965,0.0061,0,0,0.2184,Low,0.0013,26.0,8.0,8.0,Basic,Standard retention nurture
137966,0.0,0,0,0.6253,Low,0.0,0.0,0.0,0.0,Premium,Standard retention nurture
137967,0.0,0,0,0.392,Low,0.0,0.0,0.0,0.0,Standard,Standard retention nurture
137968,0.0033,0,0,0.2164,Low,0.0007,11.0,3.0,3.0,Basic,Standard retention nurture
137969,0.9997,1,1,0.273,Critical,0.2729,8211.0,2463.0,1963.0,Standard,Relationship manager follow-up
137970,0.0,0,0,0.421,Low,0.0,0.0,0.0,0.0,Standard,Standard retention nurture
137971,0.0,0,0,0.3266,Low,0.0,0.0,0.0,0.0,Standard,Standard retention nurture
137972,0.0003,0,0,0.1575,Low,0.0,2.0,1.0,1.0,Basic,Standard retention nurture
137973,0.0,0,0,0.334,Low,0.0,0.0,0.0,0.0,Standard,Standard retention nurture
137974,0.0,0,0,0.3774,Low,0.0,0.0,0.0,0.0,Standard,Standard retention nurture
137975,0.0,0,0,0.2782,Low,0.0,0.0,0.0,0.0,Standard,Standard retention nurture
137976,0.0,0,0,0.6855,Low,0.0,0.0,0.0,0.0,Premium,Standard retention nurture
137977,0.0,0,0,0.7662,Low,0.0,0.0,0.0,0.0,Elite,Standard retention nurture
137978,0.0,0,0,0.4065,Low,0.0,0.0,0.0,0.0,Standard,Standard retention nurture
137979,0.0005,0,0,0.396,Low,0.0002,5.0,2.0,2.0,Standard,Standard retention nurture
137980,0.0,0,0,0.6543,Low,0.0,0.0,0.0,0.0,Premium,Standard retention nurture
137981,0.0,0,0,0.2453,Low,0.0,0.0,0.0,0.0,Basic,Standard retention nurture
137982,0.0,0,0,0.3365,Low,0.0,0.0,0.0,0.0,Standard,Standard retention nurture
137983,0.0,0,0,0.5652,Low,0.0,0.0,0.0,0.0,Premium,Standard retention nurture
137984,0.0,0,0,0.4277,Low,0.0,0.0,0.0,0.0,Standard,Standard retention nurture
137985,0.0,0,0,0.2472,Low,0.0,0.0,0.0,0.0,Basic,Standard retention nurture
137986,0.0,0,0,0.308,Low,0.0,0.0,0.0,0.0,Standard,Standard retention nurture
137987,0.0016,0,0,0.2877,Low,0.0005,15.0,4.0,4.0,Standard,Standard retention nurture
137988,0.0,0,0,0.3311,Low,0.0,0.0,0.0,0.0,Standard,Standard retention nurture
137989,0.0,0,0,0.2582,Low,0.0,0.0,0.0,0.0,Standard,Standard retention nurture
137990,0.0,0,0,0.5266,Low,0.0,0.0,0.0,0.0,Premium,Standard retention nurture
137991,0.0036,0,0,0.3289,Low,0.0012,49.0,15.0,15.0,Standard,Standard retention nurture
137992,0.0,0,0,0.2789,Low,0.0,0.0,0.0,0.0,Standard,Standard retention nurture
137993,0.0,0,0,0.5156,Low,0.0,0.0,0.0,0.0,Premium,Standard retention nurture
137994,0.0008,0,0,0.2212,Low,0.0002,8.0,2.0,2.0,Basic,Standard retention nurture
137995,0.0,0,0,0.3874,Low,0.0,0.0,0.0,0.0,Standard,Standard retention nurture
137996,0.0,0,0,0.2973,Low,0.0,0.0,0.0,0.0,Standard,Standard retention nurture
137997,0.0,0,0,0.6471,Low,0.0,0.0,0.0,0.0,Premium,Standard retention nurture
137998,0.0,0,0,0.3554,Low,0.0,0.0,0.0,0.0,Standard,Standard retention nurture
137999,0.0,0,0,0.3251,Low,0.0,0.0,0.0,0.0,Standard,Standard retention nurture
138000,0.9998,1,1,0.2641,Critical,0.264,5039.0,1512.0,1012.0,Standard,Relationship manager follow-up
138001,0.0,0,0,0.5654,Low,0.0,0.0,0.0,0.0,Premium,Standard retention nurture
138002,0.9294,1,1,0.1657,Critical,0.154,3875.0,1162.0,662.0,Basic,Relationship manager follow-up
138003,0.0,0,0,0.3923,Low,0.0,0.0,0.0,0.0,Standard,Standard retention nurture
138004,0.0005,0,0,0.2014,Low,0.0001,4.0,1.0,1.0,Basic,Standard retention nurture
138005,0.0001,0,0,0.2698,Low,0.0,1.0,0.0,0.0,Standard,Standard retention nurture
138006,0.1001,0,0,0.1319,Low,0.0132,382.0,115.0,115.0,Basic,Standard retention nurture
138007,0.9997,1,1,0.2571,Critical,0.257,11361.0,3408.0,2908.0,Standard,Relationship manager follow-up
138008,0.0,0,0,0.5914,Low,0.0,0.0,0.0,0.0,Premium,Standard retention nurture
138009,0.0001,0,0,0.1852,Low,0.0,1.0,0.0,0.0,Basic,Standard retention nurture
138010,0.0001,0,0,0.4328,Low,0.0,2.0,1.0,1.0,Standard,Standard retention nurture
138011,0.0,0,0,0.2746,Low,0.0,0.0,0.0,0.0,Standard,Standard retention nurture
138012,0.0292,0,0,0.5825,Low,0.017,561.0,168.0,168.0,Premium,Standard retention nurture
138013,1.0,1,1,0.452,Critical,0.452,17417.0,5225.0,4725.0,Standard,Relationship manager follow-up
138014,0.0,0,0,0.2611,Low,0.0,0.0,0.0,0.0,Standard,Standard retention nurture
138015,0.0156,0,0,0.2642,Low,0.0041,168.0,50.0,50.0,Standard,Standard retention nurture
138016,0.0767,0,0,0.1834,Low,0.0141,465.0,140.0,140.0,Basic,Standard retention nurture
138017,0.0002,0,0,0.645,Low,0.0001,6.0,2.0,2.0,Premium,Standard retention nurture
138018,0.0001,0,0,0.2344,Low,0.0,1.0,0.0,0.0,Basic,Standard retention nurture
138019,0.0,0,0,0.3914,Low,0.0,0.0,0.0,0.0,Standard,Standard retention nurture
138020,0.0,0,0,0.203,Low,0.0,0.0,0.0,0.0,Basic,Standard retention nurture
138021,0.0,0,0,0.5853,Low,0.0,0.0,0.0,0.0,Premium,Standard retention nurture
138022,0.0,0,0,0.198,Low,0.0,0.0,0.0,0.0,Basic,Standard retention nurture
138023,0.0,0,0,0.2941,Low,0.0,0.0,0.0,0.0,Standard,Standard retention nurture
138024,0.0,0,0,0.2061,Low,0.0,0.0,0.0,0.0,Basic,Standard retention nurture
138025,0.0,0,0,0.1933,Low,0.0,0.0,0.0,0.0,Basic,Standard retention nurture
138026,0.0,0,0,0.5854,Low,0.0,0.0,0.0,0.0,Premium,Standard retention nurture
138027,0.0,0,0,0.6213,Low,0.0,0.0,0.0,0.0,Premium,Standard retention nurture
138028,0.0,0,0,0.3915,Low,0.0,0.0,0.0,0.0,Standard,Standard retention nurture
138029,0.0,0,0,0.612,Low,0.0,0.0,0.0,0.0,Premium,Standard retention nurture
138030,0.0,0,0,0.4233,Low,0.0,0.0,0.0,0.0,Standard,Standard retention nurture
138031,0.0,0,0,0.3264,Low,0.0,0.0,0.0,0.0,Standard,Standard retention nurture
138032,0.172,1,0,0.2965,Low,0.051,1858.0,557.0,57.0,Standard,Relationship manager follow-up
138033,0.0,0,0,0.4867,Low,0.0,0.0,0.0,0.0,Standard,Standard retention nurture
138034,0.0,0,0,0.3025,Low,0.0,0.0,0.0,0.0,Standard,Standard retention nurture
138035,0.0,0,0,0.6441,Low,0.0,0.0,0.0,0.0,Premium,Standard retention nurture
138036,0.0022,0,0,0.2387,Low,0.0005,19.0,6.0,6.0,Basic,Standard retention nurture
138037,0.0195,0,0,0.4685,Low,0.0091,460.0,138.0,138.0,Standard,Standard retention nurture
138038,0.0,0,0,0.5311,Low,0.0,0.0,0.0,0.0,Premium,Standard retention nurture
138039,0.0,0,0,0.6158,Low,0.0,0.0,0.0,0.0,Premium,Standard retention nurture
138040,0.0001,0,0,0.1467,Low,0.0,1.0,0.0,0.0,Basic,Standard retention nurture
138041,0.0,0,0,0.5478,Low,0.0,0.0,0.0,0.0,Premium,Standard retention nurture
138042,0.0,0,0,0.3208,Low,0.0,0.0,0.0,0.0,Standard,Standard retention nurture
138043,0.9954,1,1,0.548,Critical,0.5455,27321.0,8196.0,7696.0,Premium,Relationship manager follow-up
138044,0.0,0,0,0.5859,Low,0.0,0.0,0.0,0.0,Premium,Standard retention nurture
138045,0.0077,0,0,0.3034,Low,0.0023,64.0,19.0,19.0,Standard,Standard retention nurture
138046,0.0,0,0,0.5608,Low,0.0,0.0,0.0,0.0,Premium,Standard retention nurture
138047,0.0,0,0,0.231,Low,0.0,0.0,0.0,0.0,Basic,Standard retention nurture
138048,0.0,0,0,0.6138,Low,0.0,0.0,0.0,0.0,Premium,Standard retention nurture
138049,0.0087,0,0,0.2517,Low,0.0022,81.0,24.0,24.0,Standard,Standard retention nurture
138050,0.004,0,0,0.3452,Low,0.0014,51.0,15.0,15.0,Standard,Standard retention nurture
138051,0.0,0,0,0.7767,Low,0.0,0.0,0.0,0.0,Elite,Standard retention nurture
138052,1.0,1,1,0.0912,Critical,0.0912,1652.0,496.0,-4.0,Basic,Relationship manager follow-up
138053,0.0,0,0,0.2601,Low,0.0,0.0,0.0,0.0,Standard,Standard retention nurture
138054,0.9999,1,1,0.1508,Critical,0.1508,2372.0,712.0,212.0,Basic,Relationship manager follow-up
138055,0.0001,0,0,0.6824,Low,0.0001,4.0,1.0,1.0,Premium,Standard retention nurture
138056,0.0259,0,0,0.1687,Low,0.0044,133.0,40.0,40.0,Basic,Standard retention nurture
138057,0.0,0,0,0.4677,Low,0.0,0.0,0.0,0.0,Standard,Standard retention nurture
138058,0.7889,1,1,0.3359,Critical,0.265,10629.0,3189.0,2689.0,Standard,Relationship manager follow-up
138059,1.0,1,1,0.261,Critical,0.261,6298.0,1889.0,1389.0,Standard,Relationship manager follow-up
138060,0.0,0,0,0.6654,Low,0.0,0.0,0.0,0.0,Premium,Standard retention nurture
138061,0.0,0,0,0.4061,Low,0.0,0.0,0.0,0.0,Standard,Standard retention nurture
138062,0.0,0,0,0.3896,Low,0.0,0.0,0.0,0.0,Standard,Standard retention nurture
138063,0.0,0,0,0.1402,Low,0.0,0.0,0.0,0.0,Basic,Standard retention nurture
138064,0.0,0,0,0.2837,Low,0.0,0.0,0.0,0.0,Standard,Standard retention nurture
138065,0.0,0,0,0.1249,Low,0.0,0.0,0.0,0.0,Basic,Standard retention nurture
138066,1.0,1,1,0.1047,Critical,0.1047,3618.0,1085.0,585.0,Basic,Relationship manager follow-up
138067,0.0,0,0,0.2908,Low,0.0,0.0,0.0,0.0,Standard,Standard retention nurture
138068,0.9666,1,1,0.626,Critical,0.6051,28776.0,8633.0,8133.0,Premium,Relationship manager follow-up
138069,0.0001,0,0,0.3879,Low,0.0,2.0,1.0,1.0,Standard,Standard retention nurture
138070,0.0,0,0,0.732,Low,0.0,0.0,0.0,0.0,Premium,Standard retention nurture
138071,0.0001,0,0,0.3013,Low,0.0,1.0,0.0,0.0,Standard,Standard retention nurture
138072,0.0,0,0,0.4485,Low,0.0,0.0,0.0,0.0,Standard,Standard retention nurture
138073,0.0015,0,0,0.4288,Low,0.0006,22.0,7.0,7.0,Standard,Standard retention nurture
138074,0.0,0,0,0.1967,Low,0.0,0.0,0.0,0.0,Basic,Standard retention nurture
138075,0.0,0,0,0.4753,Low,0.0,0.0,0.0,0.0,Standard,Standard retention nurture
138076,0.0002,0,0,0.1201,Low,0.0,0.0,0.0,0.0,Basic,Standard retention nurture
138077,0.0131,0,0,0.3435,Low,0.0045,125.0,38.0,38.0,Standard,Standard retention nurture
138078,0.0001,0,0,0.1894,Low,0.0,0.0,0.0,0.0,Basic,Standard retention nurture
138079,0.0002,0,0,0.3586,Low,0.0001,2.0,1.0,1.0,Standard,Standard retention nurture
138080,0.0,0,0,0.8447,Low,0.0,0.0,0.0,0.0,Elite,Standard retention nurture
138081,0.0,0,0,0.6064,Low,0.0,0.0,0.0,0.0,Premium,Standard retention nurture
138082,0.0,0,0,0.2968,Low,0.0,0.0,0.0,0.0,Standard,Standard retention nurture
138083,0.0102,0,0,0.3496,Low,0.0036,84.0,25.0,25.0,Standard,Standard retention nurture
138084,0.0,0,0,0.2527,Low,0.0,0.0,0.0,0.0,Standard,Standard retention nurture
138085,0.0,0,0,0.1967,Low,0.0,0.0,0.0,0.0,Basic,Standard retention nurture
138086,0.0793,0,0,0.3134,Low,0.0249,1054.0,316.0,316.0,Standard,Standard retention nurture
138087,1.0,1,1,0.5727,Critical,0.5727,24109.0,7233.0,6733.0,Premium,Relationship manager follow-up
138088,0.0,0,0,0.5621,Low,0.0,0.0,0.0,0.0,Premium,Standard retention nurture
138089,0.0001,0,0,0.3349,Low,0.0,1.0,0.0,0.0,Standard,Standard retention nurture
138090,1.0,1,1,0.1085,Critical,0.1085,4563.0,1369.0,869.0,Basic,Relationship manager follow-up
138091,0.0,0,0,0.9413,Low,0.0,0.0,0.0,0.0,Elite,Standard retention nurture
138092,0.0,0,0,0.491,Low,0.0,0.0,0.0,0.0,Standard,Standard retention nurture
138093,0.0,0,0,0.244,Low,0.0,0.0,0.0,0.0,Basic,Standard retention nurture
138094,0.0014,0,0,0.4062,Low,0.0006,19.0,6.0,6.0,Standard,Standard retention nurture
138095,0.0004,0,0,0.4061,Low,0.0002,6.0,2.0,2.0,Standard,Standard retention nurture
138096,0.9992,1,1,0.2391,Critical,0.2389,7725.0,2318.0,1818.0,Basic,Relationship manager follow-up
138097,0.0,0,0,0.5774,Low,0.0,0.0,0.0,0.0,Premium,Standard retention nurture
138098,0.0,0,0,0.6012,Low,0.0,0.0,0.0,0.0,Premium,Standard retention nurture
138099,0.0002,0,0,0.1907,Low,0.0,2.0,1.0,1.0,Basic,Standard retention nurture
138100,0.0,0,0,0.5094,Low,0.0,0.0,0.0,0.0,Premium,Standard retention nurture
138101,0.0,0,0,0.401,Low,0.0,0.0,0.0,0.0,Standard,Standard retention nurture
138102,0.0,0,0,0.3425,Low,0.0,0.0,0.0,0.0,Standard,Standard retention nurture
138103,1.0,1,1,0.2961,Critical,0.2961,8650.0,2595.0,2095.0,Standard,Relationship manager follow-up
138104,0.0001,0,0,0.183,Low,0.0,1.0,0.0,0.0,Basic,Standard retention nurture
138105,0.9994,1,1,0.1536,Critical,0.1535,2288.0,686.0,186.0,Basic,Relationship manager follow-up
138106,0.0,0,0,0.147,Low,0.0,0.0,0.0,0.0,Basic,Standard retention nurture
138107,0.0,0,0,0.2693,Low,0.0,0.0,0.0,0.0,Standard,Standard retention nurture
138108,0.0,0,0,0.3167,Low,0.0,0.0,0.0,0.0,Standard,Standard retention nurture
138109,0.0,0,0,0.3862,Low,0.0,0.0,0.0,0.0,Standard,Standard retention nurture
138110,0.0,0,0,0.2395,Low,0.0,0.0,0.0,0.0,Basic,Standard retention nurture
138111,0.0,0,0,0.4162,Low,0.0,0.0,0.0,0.0,Standard,Standard retention nurture
138112,0.0,0,0,0.1803,Low,0.0,0.0,0.0,0.0,Basic,Standard retention nurture
138113,0.0001,0,0,0.2339,Low,0.0,1.0,0.0,0.0,Basic,Standard retention nurture
138114,0.0,0,0,0.2891,Low,0.0,0.0,0.0,0.0,Standard,Standard retention nurture
138115,0.0,0,0,0.3026,Low,0.0,0.0,0.0,0.0,Standard,Standard retention nurture
138116,0.0001,0,0,0.7834,Low,0.0001,4.0,1.0,1.0,Elite,Standard retention nurture
138117,0.0002,0,0,0.6818,Low,0.0001,5.0,2.0,2.0,Premium,Standard retention nurture
138118,0.9985,1,1,0.5182,Critical,0.5174,16377.0,4913.0,4413.0,Premium,Relationship manager follow-up
138119,0.0003,0,0,0.3981,Low,0.0001,5.0,2.0,2.0,Standard,Standard retention nurture
138120,0.9725,1,1,0.4529,Critical,0.4404,19793.0,5938.0,5438.0,Standard,Relationship manager follow-up
138121,0.0,0,0,0.4673,Low,0.0,0.0,0.0,0.0,Standard,Standard retention nurture
138122,0.0,0,0,0.4156,Low,0.0,0.0,0.0,0.0,Standard,Standard retention nurture
138123,0.0001,0,0,0.1352,Low,0.0,0.0,0.0,0.0,Basic,Standard retention nurture
138124,0.0,0,0,0.2984,Low,0.0,0.0,0.0,0.0,Standard,Standard retention nurture
138125,0.0,0,0,0.5994,Low,0.0,0.0,0.0,0.0,Premium,Standard retention nurture
138126,0.0,0,0,0.3861,Low,0.0,0.0,0.0,0.0,Standard,Standard retention nurture
138127,0.0,0,0,0.2365,Low,0.0,0.0,0.0,0.0,Basic,Standard retention nurture
138128,0.0,0,0,0.738,Low,0.0,0.0,0.0,0.0,Premium,Standard retention nurture
138129,0.0347,0,0,0.7409,Low,0.0257,1271.0,381.0,381.0,Premium,Standard retention nurture
138130,0.0003,0,0,0.3082,Low,0.0001,1.0,0.0,0.0,Standard,Standard retention nurture
138131,0.0002,0,0,0.1616,Low,0.0,2.0,1.0,1.0,Basic,Standard retention nurture
138132,0.9628,1,1,0.5015,Critical,0.4828,15865.0,4760.0,4260.0,Premium,Relationship manager follow-up
138133,0.0,0,0,0.3011,Low,0.0,0.0,0.0,0.0,Standard,Standard retention nurture
138134,0.0338,0,0,0.294,Low,0.0099,216.0,65.0,65.0,Standard,Standard retention nurture
138135,0.0,0,0,0.96,Low,0.0,0.0,0.0,0.0,Elite,Standard retention nurture
138136,0.0009,0,0,0.4868,Low,0.0004,24.0,7.0,7.0,Standard,Standard retention nurture
138137,0.9999,1,1,0.1608,Critical,0.1608,2507.0,752.0,252.0,Basic,Relationship manager follow-up
138138,0.0001,0,0,0.623,Low,0.0001,4.0,1.0,1.0,Premium,Standard retention nurture
138139,0.0011,0,0,0.1606,Low,0.0002,4.0,1.0,1.0,Basic,Standard retention nurture
138140,0.0,0,0,0.7575,Low,0.0,0.0,0.0,0.0,Elite,Standard retention nurture
138141,0.0003,0,0,0.6986,Low,0.0002,11.0,3.0,3.0,Premium,Standard retention nurture
138142,0.0,0,0,0.3359,Low,0.0,0.0,0.0,0.0,Standard,Standard retention nurture
138143,0.0,0,0,0.3163,Low,0.0,0.0,0.0,0.0,Standard,Standard retention nurture
138144,0.9841,1,1,0.2685,Critical,0.2642,9413.0,2824.0,2324.0,Standard,Relationship manager follow-up
138145,0.0,0,0,0.4315,Low,0.0,0.0,0.0,0.0,Standard,Standard retention nurture
138146,0.0019,0,0,0.4683,Low,0.0009,44.0,13.0,13.0,Standard,Standard retention nurture
138147,0.0005,0,0,0.1834,Low,0.0001,2.0,1.0,1.0,Basic,Standard retention nurture
138148,0.0023,0,0,0.4295,Low,0.001,58.0,17.0,17.0,Standard,Standard retention nurture
138149,0.0076,0,0,0.5359,Low,0.0041,191.0,57.0,57.0,Premium,Standard retention nurture
138150,0.0278,0,0,0.724,Low,0.0201,786.0,236.0,236.0,Premium,Standard retention nurture
138151,0.0,0,0,0.4122,Low,0.0,0.0,0.0,0.0,Standard,Standard retention nurture
138152,0.9591,1,0,0.1204,Critical,0.1155,3877.0,1163.0,663.0,Basic,Relationship manager follow-up
138153,0.0,0,0,0.5864,Low,0.0,0.0,0.0,0.0,Premium,Standard retention nurture
138154,0.9956,1,1,0.1863,Critical,0.1855,6245.0,1874.0,1374.0,Basic,Relationship manager follow-up
138155,0.0001,0,0,0.2897,Low,0.0,0.0,0.0,0.0,Standard,Standard retention nurture
138156,0.0,0,0,0.6467,Low,0.0,0.0,0.0,0.0,Premium,Standard retention nurture
138157,0.0,0,0,0.1785,Low,0.0,0.0,0.0,0.0,Basic,Standard retention nurture
138158,0.9999,1,1,0.1159,Critical,0.1159,2886.0,866.0,366.0,Basic,Relationship manager follow-up
138159,0.0003,0,0,0.1957,Low,0.0001,1.0,0.0,0.0,Basic,Standard retention nurture
138160,0.0,0,0,0.6584,Low,0.0,0.0,0.0,0.0,Premium,Standard retention nurture
138161,0.0,0,0,0.8004,Low,0.0,0.0,0.0,0.0,Elite,Standard retention nurture
138162,0.12,1,0,0.3618,Low,0.0434,1746.0,524.0,24.0,Standard,Relationship manager follow-up
138163,0.0,0,0,0.3668,Low,0.0,0.0,0.0,0.0,Standard,Standard retention nurture
138164,0.9979,1,1,0.1405,Critical,0.1402,3832.0,1150.0,650.0,Basic,Relationship manager follow-up
138165,1.0,1,1,0.2712,Critical,0.2712,11164.0,3349.0,2849.0,Standard,Relationship manager follow-up
138166,0.006,0,0,0.2258,Low,0.0014,44.0,13.0,13.0,Basic,Standard retention nurture
138167,0.0002,0,0,0.2412,Low,0.0,2.0,1.0,1.0,Basic,Standard retention nurture
138168,1.0,1,1,0.0317,Critical,0.0317,1095.0,328.0,-172.0,Basic,Relationship manager follow-up
138169,0.0,0,0,0.9017,Low,0.0,0.0,0.0,0.0,Elite,Standard retention nurture
138170,0.0,0,0,0.5142,Low,0.0,0.0,0.0,0.0,Premium,Standard retention nurture
138171,0.0,0,0,0.4564,Low,0.0,0.0,0.0,0.0,Standard,Standard retention nurture
138172,0.0,0,0,0.4196,Low,0.0,0.0,0.0,0.0,Standard,Standard retention nurture
138173,0.0001,0,0,0.4743,Low,0.0,3.0,1.0,1.0,Standard,Standard retention nurture
138174,0.0008,0,0,0.2717,Low,0.0002,8.0,2.0,2.0,Standard,Standard retention nurture
138175,0.1544,1,0,0.1918,Low,0.0296,966.0,290.0,-210.0,Basic,Relationship manager follow-up
138176,0.0,0,0,0.69,Low,0.0,0.0,0.0,0.0,Premium,Standard retention nurture
138177,0.0,0,0,0.6373,Low,0.0,0.0,0.0,0.0,Premium,Standard retention nurture
138178,0.0031,0,0,0.264,Low,0.0008,34.0,10.0,10.0,Standard,Standard retention nurture
138179,1.0,1,1,0.3141,Critical,0.3141,10172.0,3052.0,2552.0,Standard,Relationship manager follow-up
138180,0.0,0,0,0.8273,Low,0.0,0.0,0.0,0.0,Elite,Standard retention nurture
138181,0.9209,1,1,0.1108,Critical,0.102,2843.0,853.0,353.0,Basic,Relationship manager follow-up
138182,0.0,0,0,0.2012,Low,0.0,0.0,0.0,0.0,Basic,Standard retention nurture
138183,0.0,0,0,0.269,Low,0.0,0.0,0.0,0.0,Standard,Standard retention nurture
138184,0.0,0,0,0.4884,Low,0.0,0.0,0.0,0.0,Standard,Standard retention nurture
138185,0.0,0,0,0.1153,Low,0.0,0.0,0.0,0.0,Basic,Standard retention nurture
138186,0.0182,0,0,0.4763,Low,0.0087,324.0,97.0,97.0,Standard,Standard retention nurture
138187,0.0,0,0,0.389,Low,0.0,0.0,0.0,0.0,Standard,Standard retention nurture
138188,0.0,0,0,0.1276,Low,0.0,0.0,0.0,0.0,Basic,Standard retention nurture
138189,0.0,0,0,0.3054,Low,0.0,0.0,0.0,0.0,Standard,Standard retention nurture
138190,1.0,1,1,0.1989,Critical,0.1989,5870.0,1761.0,1261.0,Basic,Relationship manager follow-up
138191,0.0023,0,0,0.0812,Low,0.0002,9.0,3.0,3.0,Basic,Standard retention nurture
138192,0.0001,0,0,0.7211,Low,0.0001,4.0,1.0,1.0,Premium,Standard retention nurture
138193,0.0,0,0,0.1245,Low,0.0,0.0,0.0,0.0,Basic,Standard retention nurture
138194,0.0,0,0,0.5709,Low,0.0,0.0,0.0,0.0,Premium,Standard retention nurture
138195,0.0,0,0,0.2182,Low,0.0,0.0,0.0,0.0,Basic,Standard retention nurture
138196,0.0,0,0,0.2897,Low,0.0,0.0,0.0,0.0,Standard,Standard retention nurture
138197,0.0,0,0,0.2593,Low,0.0,0.0,0.0,0.0,Standard,Standard retention nurture
138198,0.0,0,0,0.6604,Low,0.0,0.0,0.0,0.0,Premium,Standard retention nurture
138199,0.0003,0,0,0.4896,Low,0.0001,6.0,2.0,2.0,Standard,Standard retention nurture
138200,0.0,0,0,0.2088,Low,0.0,0.0,0.0,0.0,Basic,Standard retention nurture
138201,0.0005,0,0,0.3264,Low,0.0002,3.0,1.0,1.0,Standard,Standard retention nurture
138202,0.0,0,0,0.186,Low,0.0,0.0,0.0,0.0,Basic,Standard retention nurture
138203,0.0,0,0,0.3202,Low,0.0,0.0,0.0,0.0,Standard,Standard retention nurture
138204,0.0,0,0,0.4647,Low,0.0,0.0,0.0,0.0,Standard,Standard retention nurture
138205,0.0003,0,0,0.5245,Low,0.0002,7.0,2.0,2.0,Premium,Standard retention nurture
138206,0.0,0,0,0.6318,Low,0.0,0.0,0.0,0.0,Premium,Standard retention nurture
138207,0.9943,1,1,0.1896,Critical,0.1885,5636.0,1691.0,1191.0,Basic,Relationship manager follow-up
138208,0.0,0,0,0.2458,Low,0.0,0.0,0.0,0.0,Basic,Standard retention nurture
138209,0.002,0,0,0.2687,Low,0.0005,25.0,8.0,8.0,Standard,Standard retention nurture
138210,0.0,0,0,0.5714,Low,0.0,0.0,0.0,0.0,Premium,Standard retention nurture
138211,0.0001,0,0,0.4095,Low,0.0,1.0,0.0,0.0,Standard,Standard retention nurture
138212,0.0046,0,0,0.4722,Low,0.0022,68.0,20.0,20.0,Standard,Standard retention nurture
138213,0.0,0,0,0.6338,Low,0.0,0.0,0.0,0.0,Premium,Standard retention nurture
138214,0.0027,0,0,0.1837,Low,0.0005,19.0,6.0,6.0,Basic,Standard retention nurture
138215,0.0,0,0,0.3897,Low,0.0,0.0,0.0,0.0,Standard,Standard retention nurture
138216,0.0028,0,0,0.5228,Low,0.0015,59.0,18.0,18.0,Premium,Standard retention nurture
138217,0.0,0,0,0.7123,Low,0.0,0.0,0.0,0.0,Premium,Standard retention nurture
138218,0.0,0,0,0.1692,Low,0.0,0.0,0.0,0.0,Basic,Standard retention nurture
138219,0.0,0,0,0.4299,Low,0.0,0.0,0.0,0.0,Standard,Standard retention nurture
138220,0.0001,0,0,0.2663,Low,0.0,1.0,0.0,0.0,Standard,Standard retention nurture
138221,0.9815,1,1,0.5704,Critical,0.5598,15322.0,4597.0,4097.0,Premium,Relationship manager follow-up
138222,0.0,0,0,0.5537,Low,0.0,0.0,0.0,0.0,Premium,Standard retention nurture
138223,0.0132,0,1,0.2114,Low,0.0028,46.0,14.0,14.0,Basic,Standard retention nurture
138224,0.0,0,0,0.5847,Low,0.0,0.0,0.0,0.0,Premium,Standard retention nurture
138225,1.0,1,1,0.08,Critical,0.08,1569.0,471.0,-29.0,Basic,Relationship manager follow-up
138226,0.991,1,1,0.8409,Critical,0.8333,36290.0,10887.0,10387.0,Elite,Relationship manager follow-up
138227,0.0,0,0,0.2891,Low,0.0,0.0,0.0,0.0,Standard,Standard retention nurture
138228,0.0,0,0,0.1665,Low,0.0,0.0,0.0,0.0,Basic,Standard retention nurture
138229,1.0,1,1,0.3551,Critical,0.3551,7333.0,2200.0,1700.0,Standard,Relationship manager follow-up
138230,0.0,0,0,0.4202,Low,0.0,0.0,0.0,0.0,Standard,Standard retention nurture
138231,0.0001,0,0,0.2066,Low,0.0,0.0,0.0,0.0,Basic,Standard retention nurture
138232,0.0,0,0,0.7999,Low,0.0,0.0,0.0,0.0,Elite,Standard retention nurture
138233,0.9877,1,1,0.2401,Critical,0.2371,4309.0,1293.0,793.0,Basic,Relationship manager follow-up
138234,0.0,0,0,0.2705,Low,0.0,0.0,0.0,0.0,Standard,Standard retention nurture
138235,0.9998,1,1,0.5586,Critical,0.5585,24075.0,7222.0,6722.0,Premium,Relationship manager follow-up
138236,0.9999,1,1,0.2833,Critical,0.2833,6978.0,2093.0,1593.0,Standard,Relationship manager follow-up
138237,1.0,1,1,0.168,Critical,0.168,6593.0,1978.0,1478.0,Basic,Relationship manager follow-up
138238,0.0,0,0,0.205,Low,0.0,0.0,0.0,0.0,Basic,Standard retention nurture
138239,0.9998,1,1,0.0987,Critical,0.0987,2552.0,766.0,266.0,Basic,Relationship manager follow-up
138240,0.0,0,0,0.3707,Low,0.0,0.0,0.0,0.0,Standard,Standard retention nurture
138241,0.0,0,0,0.4598,Low,0.0,0.0,0.0,0.0,Standard,Standard retention nurture
138242,0.0,0,0,0.4241,Low,0.0,0.0,0.0,0.0,Standard,Standard retention nurture
138243,1.0,1,1,0.1834,Critical,0.1834,3176.0,953.0,453.0,Basic,Relationship manager follow-up
138244,0.0,0,0,0.2881,Low,0.0,0.0,0.0,0.0,Standard,Standard retention nurture
138245,0.0,0,0,0.2618,Low,0.0,0.0,0.0,0.0,Standard,Standard retention nurture
138246,0.0,0,0,0.2644,Low,0.0,0.0,0.0,0.0,Standard,Standard retention nurture
138247,0.0,0,0,0.4778,Low,0.0,0.0,0.0,0.0,Standard,Standard retention nurture
138248,1.0,1,1,0.1369,Critical,0.1369,2971.0,891.0,391.0,Basic,Relationship manager follow-up
138249,1.0,1,1,0.0864,Critical,0.0864,5030.0,1509.0,1009.0,Basic,Relationship manager follow-up
138250,0.0002,0,0,0.3529,Low,0.0001,1.0,0.0,0.0,Standard,Standard retention nurture
138251,0.0,0,0,0.3433,Low,0.0,0.0,0.0,0.0,Standard,Standard retention nurture
138252,0.0001,0,0,0.5158,Low,0.0001,2.0,1.0,1.0,Premium,Standard retention nurture
138253,0.0002,0,0,0.4309,Low,0.0001,2.0,1.0,1.0,Standard,Standard retention nurture
138254,0.0,0,0,0.264,Low,0.0,0.0,0.0,0.0,Standard,Standard retention nurture
138255,0.0,0,0,0.2946,Low,0.0,0.0,0.0,0.0,Standard,Standard retention nurture
138256,0.0,0,0,0.3919,Low,0.0,0.0,0.0,0.0,Standard,Standard retention nurture
138257,0.0019,0,0,0.3203,Low,0.0006,15.0,4.0,4.0,Standard,Standard retention nurture
138258,0.0,0,0,0.2117,Low,0.0,0.0,0.0,0.0,Basic,Standard retention nurture
138259,0.0001,0,0,0.8348,Low,0.0001,4.0,1.0,1.0,Elite,Standard retention nurture
138260,0.0002,0,0,0.2115,Low,0.0,1.0,0.0,0.0,Basic,Standard retention nurture
138261,0.0,0,0,0.3099,Low,0.0,0.0,0.0,0.0,Standard,Standard retention nurture
138262,0.0017,0,0,0.2325,Low,0.0004,21.0,6.0,6.0,Basic,Standard retention nurture
138263,0.0,0,0,0.5691,Low,0.0,0.0,0.0,0.0,Premium,Standard retention nurture
138264,0.0,0,0,0.8816,Low,0.0,0.0,0.0,0.0,Elite,Standard retention nurture
138265,0.0,0,0,0.389,Low,0.0,0.0,0.0,0.0,Standard,Standard retention nurture
138266,0.0007,0,0,0.174,Low,0.0001,3.0,1.0,1.0,Basic,Standard retention nurture
138267,0.0001,0,0,0.3308,Low,0.0,1.0,0.0,0.0,Standard,Standard retention nurture
138268,0.0,0,0,0.2783,Low,0.0,0.0,0.0,0.0,Standard,Standard retention nurture
138269,0.3376,1,0,0.1568,Low,0.0529,1121.0,336.0,-164.0,Basic,Relationship manager follow-up
138270,1.0,1,1,0.202,Critical,0.202,3761.0,1128.0,628.0,Basic,Relationship manager follow-up
138271,0.0,0,0,0.5234,Low,0.0,0.0,0.0,0.0,Premium,Standard retention nurture
138272,0.0,0,0,0.241,Low,0.0,0.0,0.0,0.0,Basic,Standard retention nurture
138273,0.0053,0,0,0.5259,Low,0.0028,115.0,34.0,34.0,Premium,Standard retention nurture
138274,0.0001,0,0,0.6355,Low,0.0001,3.0,1.0,1.0,Premium,Standard retention nurture
138275,0.0,0,0,0.6649,Low,0.0,0.0,0.0,0.0,Premium,Standard retention nurture
138276,0.0209,0,0,0.2348,Low,0.0049,170.0,51.0,51.0,Basic,Standard retention nurture
138277,0.0003,0,0,0.4343,Low,0.0001,5.0,2.0,2.0,Standard,Standard retention nurture
138278,0.0001,0,0,0.3629,Low,0.0,1.0,0.0,0.0,Standard,Standard retention nurture
138279,0.002,0,0,0.1943,Low,0.0004,6.0,2.0,2.0,Basic,Standard retention nurture
138280,0.9986,1,1,0.1884,Critical,0.1881,6965.0,2090.0,1590.0,Basic,Relationship manager follow-up
138281,0.0,0,0,0.56,Low,0.0,0.0,0.0,0.0,Premium,Standard retention nurture
138282,0.0,0,0,0.2665,Low,0.0,0.0,0.0,0.0,Standard,Standard retention nurture
138283,0.0,0,0,0.5593,Low,0.0,0.0,0.0,0.0,Premium,Standard retention nurture
138284,0.0,0,0,0.2,Low,0.0,0.0,0.0,0.0,Basic,Standard retention nurture
138285,0.0,0,0,0.377,Low,0.0,0.0,0.0,0.0,Standard,Standard retention nurture
138286,0.0,0,0,0.8072,Low,0.0,0.0,0.0,0.0,Elite,Standard retention nurture
138287,0.9992,1,1,0.1953,Critical,0.1951,7913.0,2374.0,1874.0,Basic,Relationship manager follow-up
138288,0.0006,0,0,0.6364,Low,0.0004,18.0,5.0,5.0,Premium,Standard retention nurture
138289,0.0,0,0,0.164,Low,0.0,0.0,0.0,0.0,Basic,Standard retention nurture
138290,0.0,0,0,0.3828,Low,0.0,0.0,0.0,0.0,Standard,Standard retention nurture
138291,0.0,0,0,0.2033,Low,0.0,0.0,0.0,0.0,Basic,Standard retention nurture
138292,0.0089,0,0,0.6082,Low,0.0054,249.0,75.0,75.0,Premium,Standard retention nurture
138293,0.0006,0,0,0.3678,Low,0.0002,6.0,2.0,2.0,Standard,Standard retention nurture
138294,0.0014,0,0,0.7722,Low,0.0011,51.0,15.0,15.0,Elite,Standard retention nurture
138295,0.0361,0,0,0.4054,Low,0.0146,789.0,237.0,237.0,Standard,Standard retention nurture
138296,1.0,1,1,0.2798,Critical,0.2798,5838.0,1751.0,1251.0,Standard,Relationship manager follow-up
138297,0.0,0,0,0.3377,Low,0.0,0.0,0.0,0.0,Standard,Standard retention nurture
138298,0.0,0,0,0.4528,Low,0.0,0.0,0.0,0.0,Standard,Standard retention nurture
138299,0.0,0,0,0.6464,Low,0.0,0.0,0.0,0.0,Premium,Standard retention nurture
138300,0.6579,1,1,0.1736,High,0.1142,2514.0,754.0,254.0,Basic,Relationship manager follow-up
138301,0.0005,0,0,0.5141,Low,0.0003,10.0,3.0,3.0,Premium,Standard retention nurture
138302,0.0,0,0,0.3635,Low,0.0,0.0,0.0,0.0,Standard,Standard retention nurture
138303,0.0,0,0,0.3877,Low,0.0,0.0,0.0,0.0,Standard,Standard retention nurture
138304,0.0,0,0,0.3512,Low,0.0,0.0,0.0,0.0,Standard,Standard retention nurture
138305,0.0,0,0,0.344,Low,0.0,0.0,0.0,0.0,Standard,Standard retention nurture
138306,0.0,0,0,0.2654,Low,0.0,0.0,0.0,0.0,Standard,Standard retention nurture
138307,0.0032,0,0,0.4063,Low,0.0013,62.0,19.0,19.0,Standard,Standard retention nurture
138308,0.0,0,0,0.9128,Low,0.0,0.0,0.0,0.0,Elite,Standard retention nurture
138309,0.0018,0,0,0.2034,Low,0.0004,8.0,2.0,2.0,Basic,Standard retention nurture
138310,0.0018,0,0,0.6593,Low,0.0012,50.0,15.0,15.0,Premium,Standard retention nurture
138311,0.0001,0,0,0.3388,Low,0.0,1.0,0.0,0.0,Standard,Standard retention nurture
138312,0.0,0,0,0.4396,Low,0.0,0.0,0.0,0.0,Standard,Standard retention nurture
138313,0.0,0,0,0.4388,Low,0.0,0.0,0.0,0.0,Standard,Standard retention nurture
138314,0.0,0,0,0.386,Low,0.0,0.0,0.0,0.0,Standard,Standard retention nurture
138315,0.0,0,0,0.5135,Low,0.0,0.0,0.0,0.0,Premium,Standard retention nurture
138316,0.0,0,0,0.5518,Low,0.0,0.0,0.0,0.0,Premium,Standard retention nurture
138317,0.0,0,0,0.225,Low,0.0,0.0,0.0,0.0,Basic,Standard retention nurture
138318,0.0,0,0,0.6669,Low,0.0,0.0,0.0,0.0,Premium,Standard retention nurture
138319,0.0001,0,0,0.2908,Low,0.0,1.0,0.0,0.0,Standard,Standard retention nurture
138320,1.0,1,1,0.0729,Critical,0.0729,3388.0,1016.0,516.0,Basic,Relationship manager follow-up
138321,0.9557,1,1,0.0616,Critical,0.0589,1215.0,364.0,-136.0,Basic,Relationship manager follow-up
138322,0.0,0,0,0.4009,Low,0.0,0.0,0.0,0.0,Standard,Standard retention nurture
138323,0.0001,0,0,0.7487,Low,0.0001,3.0,1.0,1.0,Premium,Standard retention nurture
138324,0.0,0,0,0.2472,Low,0.0,0.0,0.0,0.0,Basic,Standard retention nurture
138325,0.0,0,0,0.1921,Low,0.0,0.0,0.0,0.0,Basic,Standard retention nurture
138326,0.0004,0,0,0.537,Low,0.0002,9.0,3.0,3.0,Premium,Standard retention nurture
138327,0.0,0,0,0.4967,Low,0.0,0.0,0.0,0.0,Standard,Standard retention nurture
138328,0.0,0,0,0.2764,Low,0.0,0.0,0.0,0.0,Standard,Standard retention nurture
138329,0.0,0,0,0.4357,Low,0.0,0.0,0.0,0.0,Standard,Standard retention nurture
138330,0.0001,0,0,0.755,Low,0.0001,4.0,1.0,1.0,Elite,Standard retention nurture
138331,0.0,0,0,0.329,Low,0.0,0.0,0.0,0.0,Standard,Standard retention nurture
138332,0.0,0,0,0.7667,Low,0.0,0.0,0.0,0.0,Elite,Standard retention nurture
138333,0.9049,1,1,0.1777,Critical,0.1608,4655.0,1396.0,896.0,Basic,Relationship manager follow-up
138334,0.0,0,0,0.1463,Low,0.0,0.0,0.0,0.0,Basic,Standard retention nurture
138335,0.0003,0,0,0.7234,Low,0.0002,11.0,3.0,3.0,Premium,Standard retention nurture
138336,0.0,0,0,0.2881,Low,0.0,0.0,0.0,0.0,Standard,Standard retention nurture
138337,0.0002,0,0,0.1569,Low,0.0,2.0,1.0,1.0,Basic,Standard retention nurture
138338,0.0,0,0,0.475,Low,0.0,0.0,0.0,0.0,Standard,Standard retention nurture
138339,0.9986,1,1,0.2518,Critical,0.2514,8015.0,2404.0,1904.0,Standard,Relationship manager follow-up
138340,0.9943,1,1,0.4364,Critical,0.4339,10814.0,3244.0,2744.0,Standard,Relationship manager follow-up
138341,0.9999,1,1,0.165,Critical,0.165,3508.0,1052.0,552.0,Basic,Relationship manager follow-up
138342,0.0,0,0,0.4961,Low,0.0,0.0,0.0,0.0,Standard,Standard retention nurture
138343,0.0001,0,0,0.2294,Low,0.0,1.0,0.0,0.0,Basic,Standard retention nurture
138344,0.0,0,0,0.2567,Low,0.0,0.0,0.0,0.0,Standard,Standard retention nurture
138345,1.0,1,1,0.242,Critical,0.242,6309.0,1893.0,1393.0,Basic,Relationship manager follow-up
138346,0.0001,0,0,0.6465,Low,0.0001,3.0,1.0,1.0,Premium,Standard retention nurture
138347,0.0001,0,0,0.2352,Low,0.0,1.0,0.0,0.0,Basic,Standard retention nurture
138348,1.0,1,1,0.2733,Critical,0.2733,6665.0,2000.0,1500.0,Standard,Relationship manager follow-up
138349,0.9998,1,1,0.1476,Critical,0.1476,2021.0,606.0,106.0,Basic,Relationship manager follow-up
138350,0.0,0,0,0.4379,Low,0.0,0.0,0.0,0.0,Standard,Standard retention nurture
138351,0.9962,1,1,0.0966,Critical,0.0962,1515.0,454.0,-46.0,Basic,Relationship manager follow-up
138352,0.0002,0,0,0.7364,Low,0.0001,7.0,2.0,2.0,Premium,Standard retention nurture
138353,0.0001,0,0,0.681,Low,0.0001,3.0,1.0,1.0,Premium,Standard retention nurture
138354,0.0001,0,0,0.2312,Low,0.0,1.0,0.0,0.0,Basic,Standard retention nurture
138355,0.0,0,0,0.214,Low,0.0,0.0,0.0,0.0,Basic,Standard retention nurture
138356,0.0,0,0,0.32,Low,0.0,0.0,0.0,0.0,Standard,Standard retention nurture
138357,0.0,0,0,0.3081,Low,0.0,0.0,0.0,0.0,Standard,Standard retention nurture
138358,0.0003,0,0,0.2323,Low,0.0001,1.0,0.0,0.0,Basic,Standard retention nurture
138359,0.0,0,0,0.5602,Low,0.0,0.0,0.0,0.0,Premium,Standard retention nurture
138360,0.9997,1,1,0.1687,Critical,0.1686,3143.0,943.0,443.0,Basic,Relationship manager follow-up
138361,0.0,0,0,0.5279,Low,0.0,0.0,0.0,0.0,Premium,Standard retention nurture
138362,0.9905,1,1,0.2542,Critical,0.2518,9395.0,2818.0,2318.0,Standard,Relationship manager follow-up
138363,0.0,0,0,0.96,Low,0.0,0.0,0.0,0.0,Elite,Standard retention nurture
138364,0.0,0,0,0.5279,Low,0.0,0.0,0.0,0.0,Premium,Standard retention nurture
138365,0.9991,1,1,0.1461,Critical,0.146,5067.0,1520.0,1020.0,Basic,Relationship manager follow-up
138366,0.0001,0,0,0.2795,Low,0.0,0.0,0.0,0.0,Standard,Standard retention nurture
138367,0.0,0,0,0.3929,Low,0.0,0.0,0.0,0.0,Standard,Standard retention nurture
138368,1.0,1,1,0.3167,Critical,0.3167,7218.0,2165.0,1665.0,Standard,Relationship manager follow-up
138369,0.0002,0,0,0.455,Low,0.0001,4.0,1.0,1.0,Standard,Standard retention nurture
138370,0.0,0,0,0.328,Low,0.0,0.0,0.0,0.0,Standard,Standard retention nurture
138371,1.0,1,1,0.0598,Critical,0.0598,2845.0,854.0,354.0,Basic,Relationship manager follow-up
138372,0.0,0,0,0.5001,Low,0.0,0.0,0.0,0.0,Premium,Standard retention nurture
138373,0.0,0,0,0.4139,Low,0.0,0.0,0.0,0.0,Standard,Standard retention nurture
138374,0.0016,0,0,0.9015,Low,0.0014,59.0,18.0,18.0,Elite,Standard retention nurture
138375,0.9988,1,1,0.1279,Critical,0.1277,3032.0,910.0,410.0,Basic,Relationship manager follow-up
138376,0.9564,1,1,0.2766,Critical,0.2645,9783.0,2935.0,2435.0,Standard,Relationship manager follow-up
138377,1.0,1,1,0.3931,Critical,0.3931,11920.0,3576.0,3076.0,Standard,Relationship manager follow-up
138378,0.0,0,0,0.7286,Low,0.0,0.0,0.0,0.0,Premium,Standard retention nurture
138379,0.0,0,0,0.2241,Low,0.0,0.0,0.0,0.0,Basic,Standard retention nurture
138380,0.0001,0,0,0.4592,Low,0.0,1.0,0.0,0.0,Standard,Standard retention nurture
138381,0.0,0,0,0.3748,Low,0.0,0.0,0.0,0.0,Standard,Standard retention nurture
138382,0.0,0,0,0.8658,Low,0.0,0.0,0.0,0.0,Elite,Standard retention nurture
138383,0.0007,0,0,0.2106,Low,0.0001,5.0,2.0,2.0,Basic,Standard retention nurture
138384,0.0006,0,0,0.8262,Low,0.0005,22.0,7.0,7.0,Elite,Standard retention nurture
138385,0.9403,1,1,0.2023,Critical,0.1902,7620.0,2286.0,1786.0,Basic,Relationship manager follow-up
138386,0.0,0,0,0.2737,Low,0.0,0.0,0.0,0.0,Standard,Standard retention nurture
138387,0.0,0,0,0.1466,Low,0.0,0.0,0.0,0.0,Basic,Standard retention nurture
138388,0.0034,0,0,0.1969,Low,0.0007,15.0,4.0,4.0,Basic,Standard retention nurture
138389,0.9996,1,1,0.1869,Critical,0.1868,5090.0,1527.0,1027.0,Basic,Relationship manager follow-up
138390,0.0,0,0,0.8714,Low,0.0,0.0,0.0,0.0,Elite,Standard retention nurture
138391,0.0,0,0,0.3359,Low,0.0,0.0,0.0,0.0,Standard,Standard retention nurture
138392,0.0002,0,0,0.4928,Low,0.0001,2.0,1.0,1.0,Standard,Standard retention nurture
138393,0.1621,1,0,0.1527,Low,0.0248,274.0,82.0,-418.0,Basic,Relationship manager follow-up
138394,0.0006,0,0,0.455,Low,0.0003,9.0,3.0,3.0,Standard,Standard retention nurture
138395,0.0,0,0,0.3067,Low,0.0,0.0,0.0,0.0,Standard,Standard retention nurture
138396,0.9994,1,1,0.484,Critical,0.4837,14525.0,4358.0,3858.0,Standard,Relationship manager follow-up
138397,0.9849,1,1,0.6055,Critical,0.5964,18983.0,5695.0,5195.0,Premium,Relationship manager follow-up
138398,0.0,0,0,0.3035,Low,0.0,0.0,0.0,0.0,Standard,Standard retention nurture
138399,0.0,0,0,0.3368,Low,0.0,0.0,0.0,0.0,Standard,Standard retention nurture
138400,1.0,1,1,0.1269,Critical,0.1269,4082.0,1225.0,725.0,Basic,Relationship manager follow-up
138401,0.0,0,0,0.3407,Low,0.0,0.0,0.0,0.0,Standard,Standard retention nurture
138402,0.0374,0,0,0.1928,Low,0.0072,213.0,64.0,64.0,Basic,Standard retention nurture
138403,0.0001,0,0,0.4096,Low,0.0,2.0,1.0,1.0,Standard,Standard retention nurture
138404,0.0,0,0,0.5505,Low,0.0,0.0,0.0,0.0,Premium,Standard retention nurture
138405,0.0001,0,0,0.751,Low,0.0001,4.0,1.0,1.0,Elite,Standard retention nurture
138406,0.0,0,0,0.2238,Low,0.0,0.0,0.0,0.0,Basic,Standard retention nurture
138407,0.0002,0,0,0.4647,Low,0.0001,5.0,2.0,2.0,Standard,Standard retention nurture
138408,0.0,0,0,0.3198,Low,0.0,0.0,0.0,0.0,Standard,Standard retention nurture
138409,0.0013,0,0,0.3039,Low,0.0004,13.0,4.0,4.0,Standard,Standard retention nurture
138410,0.0,0,0,0.3996,Low,0.0,0.0,0.0,0.0,Standard,Standard retention nurture
138411,0.0273,0,0,0.362,Low,0.0099,475.0,142.0,142.0,Standard,Standard retention nurture
138412,0.0,0,0,0.3955,Low,0.0,0.0,0.0,0.0,Standard,Standard retention nurture
138413,0.0356,0,0,0.2597,Low,0.0092,206.0,62.0,62.0,Standard,Standard retention nurture
138414,0.0015,0,0,0.2328,Low,0.0003,15.0,4.0,4.0,Basic,Standard retention nurture
138415,0.9861,1,1,0.3476,Critical,0.3428,14550.0,4365.0,3865.0,Standard,Relationship manager follow-up
138416,0.0063,0,0,0.7885,Low,0.005,231.0,69.0,69.0,Elite,Standard retention nurture
138417,0.0,0,0,0.2298,Low,0.0,0.0,0.0,0.0,Basic,Standard retention nurture
138418,0.0004,0,0,0.3584,Low,0.0001,5.0,2.0,2.0,Standard,Standard retention nurture
138419,0.0004,0,0,0.4282,Low,0.0002,5.0,2.0,2.0,Standard,Standard retention nurture
138420,0.9985,1,1,0.1781,Critical,0.1778,5059.0,1518.0,1018.0,Basic,Relationship manager follow-up
138421,0.0,0,0,0.2554,Low,0.0,0.0,0.0,0.0,Standard,Standard retention nurture
138422,0.0004,0,0,0.181,Low,0.0001,4.0,1.0,1.0,Basic,Standard retention nurture
138423,0.0,0,0,0.5922,Low,0.0,0.0,0.0,0.0,Premium,Standard retention nurture
138424,0.0,0,0,0.1467,Low,0.0,0.0,0.0,0.0,Basic,Standard retention nurture
138425,0.0004,0,0,0.2454,Low,0.0001,1.0,0.0,0.0,Basic,Standard retention nurture
138426,0.0002,0,0,0.377,Low,0.0001,3.0,1.0,1.0,Standard,Standard retention nurture
138427,0.0001,0,0,0.807,Low,0.0001,4.0,1.0,1.0,Elite,Standard retention nurture
138428,0.0001,0,0,0.4947,Low,0.0,2.0,1.0,1.0,Standard,Standard retention nurture
138429,0.9999,1,1,0.081,Critical,0.081,3688.0,1106.0,606.0,Basic,Relationship manager follow-up
138430,0.0,0,0,0.2795,Low,0.0,0.0,0.0,0.0,Standard,Standard retention nurture
138431,0.9992,1,1,0.2006,Critical,0.2004,3033.0,910.0,410.0,Basic,Relationship manager follow-up
138432,0.0,0,0,0.3728,Low,0.0,0.0,0.0,0.0,Standard,Standard retention nurture
138433,0.0,0,0,0.5893,Low,0.0,0.0,0.0,0.0,Premium,Standard retention nurture
138434,0.0,0,0,0.2574,Low,0.0,0.0,0.0,0.0,Standard,Standard retention nurture
138435,0.0,0,0,0.581,Low,0.0,0.0,0.0,0.0,Premium,Standard retention nurture
138436,0.0002,0,0,0.1893,Low,0.0,1.0,0.0,0.0,Basic,Standard retention nurture
138437,0.0002,0,0,0.2282,Low,0.0,1.0,0.0,0.0,Basic,Standard retention nurture
138438,0.1412,1,0,0.7288,Low,0.1029,5171.0,1551.0,1051.0,Premium,Relationship manager follow-up
138439,0.0,0,0,0.1768,Low,0.0,0.0,0.0,0.0,Basic,Standard retention nurture
138440,0.0,0,0,0.4942,Low,0.0,0.0,0.0,0.0,Standard,Standard retention nurture
138441,0.0,0,0,0.3224,Low,0.0,0.0,0.0,0.0,Standard,Standard retention nurture
138442,0.0083,0,0,0.3248,Low,0.0027,23.0,7.0,7.0,Standard,Standard retention nurture
138443,0.0034,0,0,0.7763,Low,0.0026,109.0,33.0,33.0,Elite,Standard retention nurture
138444,0.9662,1,1,0.2307,Critical,0.2229,8575.0,2572.0,2072.0,Basic,Relationship manager follow-up
138445,0.0,0,0,0.3623,Low,0.0,0.0,0.0,0.0,Standard,Standard retention nurture
138446,0.9991,1,1,0.1459,Critical,0.1458,2604.0,781.0,281.0,Basic,Relationship manager follow-up
138447,0.0,0,0,0.4237,Low,0.0,0.0,0.0,0.0,Standard,Standard retention nurture
138448,0.0,0,0,0.2849,Low,0.0,0.0,0.0,0.0,Standard,Standard retention nurture
138449,0.0,0,0,0.4477,Low,0.0,0.0,0.0,0.0,Standard,Standard retention nurture
138450,0.0011,0,0,0.1439,Low,0.0002,8.0,2.0,2.0,Basic,Standard retention nurture
138451,0.9979,1,1,0.2267,Critical,0.2262,7805.0,2342.0,1842.0,Basic,Relationship manager follow-up
138452,1.0,1,1,0.2916,Critical,0.2916,10009.0,3003.0,2503.0,Standard,Relationship manager follow-up
138453,0.0,0,0,0.4061,Low,0.0,0.0,0.0,0.0,Standard,Standard retention nurture
138454,0.0021,0,0,0.2033,Low,0.0004,12.0,4.0,4.0,Basic,Standard retention nurture
138455,0.0,0,0,0.5371,Low,0.0,0.0,0.0,0.0,Premium,Standard retention nurture
138456,0.0274,0,0,0.2343,Low,0.0064,263.0,79.0,79.0,Basic,Standard retention nurture
138457,0.0004,0,0,0.4852,Low,0.0002,7.0,2.0,2.0,Standard,Standard retention nurture
138458,0.0,0,0,0.9252,Low,0.0,0.0,0.0,0.0,Elite,Standard retention nurture
138459,0.0,0,0,0.7259,Low,0.0,0.0,0.0,0.0,Premium,Standard retention nurture
138460,0.0,0,0,0.3033,Low,0.0,0.0,0.0,0.0,Standard,Standard retention nurture
138461,0.0,0,0,0.324,Low,0.0,0.0,0.0,0.0,Standard,Standard retention nurture
138462,0.0,0,0,0.3843,Low,0.0,0.0,0.0,0.0,Standard,Standard retention nurture
138463,0.0,0,0,0.2127,Low,0.0,0.0,0.0,0.0,Basic,Standard retention nurture
138464,0.0011,0,0,0.347,Low,0.0004,19.0,6.0,6.0,Standard,Standard retention nurture
138465,0.0,0,0,0.6071,Low,0.0,0.0,0.0,0.0,Premium,Standard retention nurture
138466,0.0,0,0,0.4546,Low,0.0,0.0,0.0,0.0,Standard,Standard retention nurture
138467,0.0,0,0,0.3729,Low,0.0,0.0,0.0,0.0,Standard,Standard retention nurture
138468,0.0,0,0,0.7683,Low,0.0,0.0,0.0,0.0,Elite,Standard retention nurture
138469,0.0,0,0,0.6349,Low,0.0,0.0,0.0,0.0,Premium,Standard retention nurture
138470,0.0,0,0,0.4051,Low,0.0,0.0,0.0,0.0,Standard,Standard retention nurture
138471,0.0,0,0,0.2571,Low,0.0,0.0,0.0,0.0,Standard,Standard retention nurture
138472,0.0,0,0,0.4421,Low,0.0,0.0,0.0,0.0,Standard,Standard retention nurture
138473,0.0,0,0,0.3882,Low,0.0,0.0,0.0,0.0,Standard,Standard retention nurture
138474,0.0002,0,0,0.2745,Low,0.0001,1.0,0.0,0.0,Standard,Standard retention nurture
138475,0.0,0,0,0.2747,Low,0.0,0.0,0.0,0.0,Standard,Standard retention nurture
138476,0.0,0,0,0.554,Low,0.0,0.0,0.0,0.0,Premium,Standard retention nurture
138477,0.0,0,0,0.6475,Low,0.0,0.0,0.0,0.0,Premium,Standard retention nurture
138478,0.0,0,0,0.5257,Low,0.0,0.0,0.0,0.0,Premium,Standard retention nurture
138479,0.0002,0,0,0.2611,Low,0.0001,3.0,1.0,1.0,Standard,Standard retention nurture
138480,0.0,0,0,0.4876,Low,0.0,0.0,0.0,0.0,Standard,Standard retention nurture
138481,0.0,0,0,0.4959,Low,0.0,0.0,0.0,0.0,Standard,Standard retention nurture
138482,0.0078,0,0,0.5912,Low,0.0046,269.0,81.0,81.0,Premium,Standard retention nurture
138483,0.0,0,0,0.3364,Low,0.0,0.0,0.0,0.0,Standard,Standard retention nurture
138484,0.0011,0,0,0.4017,Low,0.0004,13.0,4.0,4.0,Standard,Standard retention nurture
138485,0.0,0,0,0.3551,Low,0.0,0.0,0.0,0.0,Standard,Standard retention nurture
138486,0.0,0,0,0.2707,Low,0.0,0.0,0.0,0.0,Standard,Standard retention nurture
138487,0.0,0,0,0.225,Low,0.0,0.0,0.0,0.0,Basic,Standard retention nurture
138488,0.0,0,0,0.6463,Low,0.0,0.0,0.0,0.0,Premium,Standard retention nurture
138489,0.0214,0,0,0.2644,Low,0.0057,154.0,46.0,46.0,Standard,Standard retention nurture
138490,0.0,0,0,0.2121,Low,0.0,0.0,0.0,0.0,Basic,Standard retention nurture
138491,1.0,1,1,0.204,Critical,0.204,3695.0,1108.0,608.0,Basic,Relationship manager follow-up
138492,0.0001,0,0,0.6541,Low,0.0001,2.0,1.0,1.0,Premium,Standard retention nurture
138493,0.9979,1,1,0.131,Critical,0.1307,1562.0,469.0,-31.0,Basic,Relationship manager follow-up
138494,0.0014,0,0,0.5021,Low,0.0007,22.0,7.0,7.0,Premium,Standard retention nurture
138495,0.0,0,0,0.217,Low,0.0,0.0,0.0,0.0,Basic,Standard retention nurture
138496,0.0,0,0,0.3371,Low,0.0,0.0,0.0,0.0,Standard,Standard retention nurture
138497,0.0,0,0,0.2641,Low,0.0,0.0,0.0,0.0,Standard,Standard retention nurture
138498,0.0002,0,0,0.5903,Low,0.0001,5.0,2.0,2.0,Premium,Standard retention nurture
138499,0.0399,0,0,0.4021,Low,0.016,529.0,159.0,159.0,Standard,Standard retention nurture
138500,1.0,1,1,0.0932,Critical,0.0932,3495.0,1048.0,548.0,Basic,Relationship manager follow-up
138501,0.0,0,0,0.3334,Low,0.0,0.0,0.0,0.0,Standard,Standard retention nurture
138502,0.0001,0,0,0.3886,Low,0.0,1.0,0.0,0.0,Standard,Standard retention nurture
138503,0.9998,1,1,0.1177,Critical,0.1177,4883.0,1465.0,965.0,Basic,Relationship manager follow-up
138504,0.0001,0,0,0.3194,Low,0.0,1.0,0.0,0.0,Standard,Standard retention nurture
138505,0.0,0,0,0.2003,Low,0.0,0.0,0.0,0.0,Basic,Standard retention nurture
138506,0.0017,0,0,0.801,Low,0.0014,62.0,19.0,19.0,Elite,Standard retention nurture
138507,0.9965,1,1,0.1045,Critical,0.1041,3050.0,915.0,415.0,Basic,Relationship manager follow-up
138508,0.0008,0,0,0.2709,Low,0.0002,5.0,2.0,2.0,Standard,Standard retention nurture
138509,0.995,1,1,0.1374,Critical,0.1367,2311.0,693.0,193.0,Basic,Relationship manager follow-up
138510,0.0,0,0,0.6396,Low,0.0,0.0,0.0,0.0,Premium,Standard retention nurture
138511,0.9828,1,1,0.1795,Critical,0.1764,1787.0,536.0,36.0,Basic,Relationship manager follow-up
138512,0.4613,1,1,0.2012,Medium,0.0928,3049.0,915.0,415.0,Basic,Relationship manager follow-up
138513,0.0,0,0,0.5773,Low,0.0,0.0,0.0,0.0,Premium,Standard retention nurture
138514,0.0,0,0,0.1981,Low,0.0,0.0,0.0,0.0,Basic,Standard retention nurture
138515,0.0,0,0,0.8364,Low,0.0,0.0,0.0,0.0,Elite,Standard retention nurture
138516,0.2693,1,0,0.2538,Low,0.0683,1849.0,555.0,55.0,Standard,Relationship manager follow-up
138517,0.0,0,0,0.3023,Low,0.0,0.0,0.0,0.0,Standard,Standard retention nurture
138518,0.0004,0,0,0.2826,Low,0.0001,4.0,1.0,1.0,Standard,Standard retention nurture
138519,0.0,0,0,0.1962,Low,0.0,0.0,0.0,0.0,Basic,Standard retention nurture
138520,0.0005,0,0,0.1634,Low,0.0001,3.0,1.0,1.0,Basic,Standard retention nurture
138521,0.0,0,0,0.4999,Low,0.0,0.0,0.0,0.0,Standard,Standard retention nurture
138522,0.0,0,0,0.5028,Low,0.0,0.0,0.0,0.0,Premium,Standard retention nurture
138523,0.0,0,0,0.4061,Low,0.0,0.0,0.0,0.0,Standard,Standard retention nurture
138524,0.0,0,0,0.2263,Low,0.0,0.0,0.0,0.0,Basic,Standard retention nurture
138525,0.0,0,0,0.8272,Low,0.0,0.0,0.0,0.0,Elite,Standard retention nurture
138526,0.0001,0,0,0.4658,Low,0.0,2.0,1.0,1.0,Standard,Standard retention nurture
138527,0.0,0,0,0.9304,Low,0.0,0.0,0.0,0.0,Elite,Standard retention nurture
138528,0.0,0,0,0.2096,Low,0.0,0.0,0.0,0.0,Basic,Standard retention nurture
138529,0.0,0,0,0.5096,Low,0.0,0.0,0.0,0.0,Premium,Standard retention nurture
138530,0.0,0,0,0.3334,Low,0.0,0.0,0.0,0.0,Standard,Standard retention nurture
138531,0.0,0,0,0.2653,Low,0.0,0.0,0.0,0.0,Standard,Standard retention nurture
138532,0.0,0,0,0.3102,Low,0.0,0.0,0.0,0.0,Standard,Standard retention nurture
138533,0.0,0,0,0.6065,Low,0.0,0.0,0.0,0.0,Premium,Standard retention nurture
138534,0.0001,0,0,0.675,Low,0.0001,3.0,1.0,1.0,Premium,Standard retention nurture
138535,0.0,0,0,0.1234,Low,0.0,0.0,0.0,0.0,Basic,Standard retention nurture
138536,0.0003,0,0,0.1411,Low,0.0,2.0,1.0,1.0,Basic,Standard retention nurture
138537,0.9997,1,1,0.2103,Critical,0.2102,10139.0,3042.0,2542.0,Basic,Relationship manager follow-up
138538,0.0,0,0,0.3797,Low,0.0,0.0,0.0,0.0,Standard,Standard retention nurture
138539,0.0,0,0,0.4311,Low,0.0,0.0,0.0,0.0,Standard,Standard retention nurture
138540,0.0,0,0,0.3089,Low,0.0,0.0,0.0,0.0,Standard,Standard retention nurture
138541,0.0,0,0,0.4303,Low,0.0,0.0,0.0,0.0,Standard,Standard retention nurture
138542,0.0004,0,0,0.4736,Low,0.0002,8.0,2.0,2.0,Standard,Standard retention nurture
138543,0.0001,0,0,0.2347,Low,0.0,1.0,0.0,0.0,Basic,Standard retention nurture
138544,0.9997,1,1,0.205,Critical,0.2049,9328.0,2798.0,2298.0,Basic,Relationship manager follow-up
138545,0.0,0,0,0.1768,Low,0.0,0.0,0.0,0.0,Basic,Standard retention nurture
138546,0.0,0,0,0.3491,Low,0.0,0.0,0.0,0.0,Standard,Standard retention nurture
138547,0.0642,0,0,0.689,Low,0.0442,1994.0,598.0,598.0,Premium,Standard retention nurture
138548,0.0,0,0,0.8588,Low,0.0,0.0,0.0,0.0,Elite,Standard retention nurture
138549,0.0,0,0,0.4346,Low,0.0,0.0,0.0,0.0,Standard,Standard retention nurture
138550,0.0,0,0,0.2464,Low,0.0,0.0,0.0,0.0,Basic,Standard retention nurture
138551,0.0001,0,0,0.256,Low,0.0,1.0,0.0,0.0,Standard,Standard retention nurture
138552,0.0,0,0,0.7863,Low,0.0,0.0,0.0,0.0,Elite,Standard retention nurture
138553,0.0002,0,0,0.149,Low,0.0,2.0,1.0,1.0,Basic,Standard retention nurture
138554,0.0001,0,0,0.2658,Low,0.0,1.0,0.0,0.0,Standard,Standard retention nurture
138555,0.0001,0,0,0.4217,Low,0.0,2.0,1.0,1.0,Standard,Standard retention nurture
138556,0.0001,0,0,0.3208,Low,0.0,1.0,0.0,0.0,Standard,Standard retention nurture
138557,0.0,0,0,0.7723,Low,0.0,0.0,0.0,0.0,Elite,Standard retention nurture
138558,0.0,0,0,0.5891,Low,0.0,0.0,0.0,0.0,Premium,Standard retention nurture
138559,0.0,0,0,0.2795,Low,0.0,0.0,0.0,0.0,Standard,Standard retention nurture
138560,0.9999,1,1,0.2854,Critical,0.2854,4592.0,1378.0,878.0,Standard,Relationship manager follow-up
138561,0.0,0,0,0.6101,Low,0.0,0.0,0.0,0.0,Premium,Standard retention nurture
138562,0.0,0,0,0.2659,Low,0.0,0.0,0.0,0.0,Standard,Standard retention nurture
138563,0.0,0,0,0.1621,Low,0.0,0.0,0.0,0.0,Basic,Standard retention nurture
138564,0.0087,0,0,0.3029,Low,0.0026,95.0,28.0,28.0,Standard,Standard retention nurture
138565,0.0,0,0,0.2311,Low,0.0,0.0,0.0,0.0,Basic,Standard retention nurture
138566,0.8995,1,1,0.5563,Critical,0.5004,25449.0,7635.0,7135.0,Premium,Relationship manager follow-up
138567,0.0007,0,0,0.3828,Low,0.0003,10.0,3.0,3.0,Standard,Standard retention nurture
138568,0.0,0,0,0.1817,Low,0.0,0.0,0.0,0.0,Basic,Standard retention nurture
138569,0.0151,0,0,0.2354,Low,0.0036,148.0,44.0,44.0,Basic,Standard retention nurture
138570,0.0,0,0,0.5671,Low,0.0,0.0,0.0,0.0,Premium,Standard retention nurture
138571,1.0,1,1,0.1551,Critical,0.1551,5132.0,1540.0,1040.0,Basic,Relationship manager follow-up
138572,0.0,0,0,0.3299,Low,0.0,0.0,0.0,0.0,Standard,Standard retention nurture
138573,0.0,0,0,0.5176,Low,0.0,0.0,0.0,0.0,Premium,Standard retention nurture
138574,0.0013,0,0,0.6415,Low,0.0008,38.0,11.0,11.0,Premium,Standard retention nurture
138575,0.0,0,0,0.5616,Low,0.0,0.0,0.0,0.0,Premium,Standard retention nurture
138576,0.0,0,0,0.3548,Low,0.0,0.0,0.0,0.0,Standard,Standard retention nurture
138577,0.0,0,0,0.6126,Low,0.0,0.0,0.0,0.0,Premium,Standard retention nurture
138578,0.0025,0,0,0.3293,Low,0.0008,23.0,7.0,7.0,Standard,Standard retention nurture
138579,0.0,0,0,0.387,Low,0.0,0.0,0.0,0.0,Standard,Standard retention nurture
138580,0.0,0,0,0.2601,Low,0.0,0.0,0.0,0.0,Standard,Standard retention nurture
138581,0.0005,0,0,0.5813,Low,0.0003,14.0,4.0,4.0,Premium,Standard retention nurture
138582,0.0002,0,0,0.6632,Low,0.0001,5.0,2.0,2.0,Premium,Standard retention nurture
138583,0.0,0,0,0.2838,Low,0.0,0.0,0.0,0.0,Standard,Standard retention nurture
138584,0.2298,1,0,0.5425,Low,0.1247,5837.0,1751.0,1251.0,Premium,Relationship manager follow-up
138585,1.0,1,1,0.3061,Critical,0.3061,10916.0,3275.0,2775.0,Standard,Relationship manager follow-up
138586,0.0,0,0,0.3171,Low,0.0,0.0,0.0,0.0,Standard,Standard retention nurture
138587,0.0,0,0,0.4226,Low,0.0,0.0,0.0,0.0,Standard,Standard retention nurture
138588,0.0,0,0,0.8215,Low,0.0,0.0,0.0,0.0,Elite,Standard retention nurture
138589,0.0333,0,0,0.2712,Low,0.009,295.0,88.0,88.0,Standard,Standard retention nurture
138590,1.0,1,1,0.2481,Critical,0.2481,5709.0,1713.0,1213.0,Basic,Relationship manager follow-up
138591,0.0,0,0,0.3514,Low,0.0,0.0,0.0,0.0,Standard,Standard retention nurture
138592,0.0,0,0,0.777,Low,0.0,0.0,0.0,0.0,Elite,Standard retention nurture
138593,0.998,1,1,0.3501,Critical,0.3494,15205.0,4562.0,4062.0,Standard,Relationship manager follow-up
138594,0.0001,0,0,0.4186,Low,0.0,1.0,0.0,0.0,Standard,Standard retention nurture
138595,0.0,0,0,0.3322,Low,0.0,0.0,0.0,0.0,Standard,Standard retention nurture
138596,0.0012,0,0,0.2135,Low,0.0003,12.0,4.0,4.0,Basic,Standard retention nurture
138597,0.0,0,0,0.4872,Low,0.0,0.0,0.0,0.0,Standard,Standard retention nurture
138598,0.2023,1,0,0.4987,Low,0.1009,2830.0,849.0,349.0,Standard,Relationship manager follow-up
138599,0.0037,0,0,0.2165,Low,0.0008,33.0,10.0,10.0,Basic,Standard retention nurture
138600,0.0,0,0,0.298,Low,0.0,0.0,0.0,0.0,Standard,Standard retention nurture
138601,0.0,0,0,0.4526,Low,0.0,0.0,0.0,0.0,Standard,Standard retention nurture
138602,0.0003,0,0,0.7575,Low,0.0002,11.0,3.0,3.0,Elite,Standard retention nurture
138603,0.0,0,0,0.3031,Low,0.0,0.0,0.0,0.0,Standard,Standard retention nurture
138604,0.0,0,0,0.4832,Low,0.0,0.0,0.0,0.0,Standard,Standard retention nurture
138605,0.0,0,0,0.2885,Low,0.0,0.0,0.0,0.0,Standard,Standard retention nurture
138606,0.0,0,0,0.2208,Low,0.0,0.0,0.0,0.0,Basic,Standard retention nurture
138607,0.0,0,0,0.4289,Low,0.0,0.0,0.0,0.0,Standard,Standard retention nurture
138608,0.0,0,0,0.1887,Low,0.0,0.0,0.0,0.0,Basic,Standard retention nurture
138609,0.0,0,0,0.3803,Low,0.0,0.0,0.0,0.0,Standard,Standard retention nurture
138610,0.0008,0,0,0.2128,Low,0.0002,9.0,3.0,3.0,Basic,Standard retention nurture
138611,0.0,0,0,0.5019,Low,0.0,0.0,0.0,0.0,Premium,Standard retention nurture
138612,0.0001,0,0,0.295,Low,0.0,1.0,0.0,0.0,Standard,Standard retention nurture
138613,0.0,0,0,0.2419,Low,0.0,0.0,0.0,0.0,Basic,Standard retention nurture
138614,0.0,0,0,0.4654,Low,0.0,0.0,0.0,0.0,Standard,Standard retention nurture
138615,0.0,0,0,0.2666,Low,0.0,0.0,0.0,0.0,Standard,Standard retention nurture
138616,0.0,0,0,0.3007,Low,0.0,0.0,0.0,0.0,Standard,Standard retention nurture
138617,0.0002,0,0,0.1615,Low,0.0,1.0,0.0,0.0,Basic,Standard retention nurture
138618,0.0,0,0,0.4212,Low,0.0,0.0,0.0,0.0,Standard,Standard retention nurture
138619,0.0,0,0,0.347,Low,0.0,0.0,0.0,0.0,Standard,Standard retention nurture
138620,0.0,0,0,0.2748,Low,0.0,0.0,0.0,0.0,Standard,Standard retention nurture
138621,0.0,0,0,0.426,Low,0.0,0.0,0.0,0.0,Standard,Standard retention nurture
138622,0.0,0,0,0.2108,Low,0.0,0.0,0.0,0.0,Basic,Standard retention nurture
138623,0.0051,0,0,0.1084,Low,0.0006,17.0,5.0,5.0,Basic,Standard retention nurture
138624,0.0,0,0,0.3382,Low,0.0,0.0,0.0,0.0,Standard,Standard retention nurture
138625,0.0,0,0,0.7609,Low,0.0,0.0,0.0,0.0,Elite,Standard retention nurture
138626,0.0003,0,0,0.2833,Low,0.0001,3.0,1.0,1.0,Standard,Standard retention nurture
138627,0.0065,0,0,0.3335,Low,0.0022,48.0,14.0,14.0,Standard,Standard retention nurture
138628,0.0,0,0,0.5549,Low,0.0,0.0,0.0,0.0,Premium,Standard retention nurture
138629,0.0,0,0,0.4027,Low,0.0,0.0,0.0,0.0,Standard,Standard retention nurture
138630,0.0,0,0,0.2101,Low,0.0,0.0,0.0,0.0,Basic,Standard retention nurture
138631,0.0076,0,0,0.3354,Low,0.0025,80.0,24.0,24.0,Standard,Standard retention nurture
138632,0.0011,0,0,0.2217,Low,0.0002,8.0,2.0,2.0,Basic,Standard retention nurture
138633,0.0,0,0,0.4233,Low,0.0,0.0,0.0,0.0,Standard,Standard retention nurture
138634,0.0,0,0,0.4848,Low,0.0,0.0,0.0,0.0,Standard,Standard retention nurture
138635,0.0,0,0,0.4596,Low,0.0,0.0,0.0,0.0,Standard,Standard retention nurture
138636,0.0,0,0,0.2407,Low,0.0,0.0,0.0,0.0,Basic,Standard retention nurture
138637,0.0,0,0,0.2254,Low,0.0,0.0,0.0,0.0,Basic,Standard retention nurture
138638,0.9683,1,1,0.1635,Critical,0.1583,1488.0,446.0,-54.0,Basic,Relationship manager follow-up
138639,0.0,0,0,0.9028,Low,0.0,0.0,0.0,0.0,Elite,Standard retention nurture
138640,0.0017,0,0,0.4666,Low,0.0008,32.0,10.0,10.0,Standard,Standard retention nurture
138641,0.0013,0,0,0.2223,Low,0.0003,9.0,3.0,3.0,Basic,Standard retention nurture
138642,0.0,0,0,0.3559,Low,0.0,0.0,0.0,0.0,Standard,Standard retention nurture
138643,0.0002,0,0,0.4388,Low,0.0001,4.0,1.0,1.0,Standard,Standard retention nurture
138644,0.0436,0,0,0.6938,Low,0.0302,1348.0,404.0,404.0,Premium,Standard retention nurture
138645,0.9999,1,1,0.4293,Critical,0.4293,14983.0,4495.0,3995.0,Standard,Relationship manager follow-up
138646,0.9999,1,1,0.1262,Critical,0.1262,3155.0,946.0,446.0,Basic,Relationship manager follow-up
138647,0.9998,1,1,0.0755,Critical,0.0755,2951.0,885.0,385.0,Basic,Relationship manager follow-up
138648,0.0002,0,0,0.224,Low,0.0,1.0,0.0,0.0,Basic,Standard retention nurture
138649,0.9996,1,1,0.112,Critical,0.112,1057.0,317.0,-183.0,Basic,Relationship manager follow-up
138650,0.9997,1,1,0.1343,Critical,0.1343,5812.0,1744.0,1244.0,Basic,Relationship manager follow-up
138651,0.0002,0,0,0.6478,Low,0.0001,6.0,2.0,2.0,Premium,Standard retention nurture
138652,0.0,0,0,0.4574,Low,0.0,0.0,0.0,0.0,Standard,Standard retention nurture
138653,0.0,0,0,0.7677,Low,0.0,0.0,0.0,0.0,Elite,Standard retention nurture
138654,0.0007,0,0,0.405,Low,0.0003,10.0,3.0,3.0,Standard,Standard retention nurture
138655,0.0001,0,0,0.3038,Low,0.0,1.0,0.0,0.0,Standard,Standard retention nurture
138656,0.0,0,0,0.3859,Low,0.0,0.0,0.0,0.0,Standard,Standard retention nurture
138657,0.4835,1,0,0.2379,Medium,0.115,3848.0,1154.0,654.0,Basic,Relationship manager follow-up
138658,1.0,1,1,0.2022,Critical,0.2022,4651.0,1395.0,895.0,Basic,Relationship manager follow-up
138659,0.2831,1,0,0.3454,Low,0.0978,4561.0,1368.0,868.0,Standard,Relationship manager follow-up
138660,0.0,0,0,0.2945,Low,0.0,0.0,0.0,0.0,Standard,Standard retention nurture
138661,0.0001,0,0,0.6252,Low,0.0001,3.0,1.0,1.0,Premium,Standard retention nurture
138662,0.0,0,0,0.98,Low,0.0,0.0,0.0,0.0,Elite,Standard retention nurture
138663,0.9994,1,1,0.1416,Critical,0.1415,1972.0,592.0,92.0,Basic,Relationship manager follow-up
138664,1.0,1,1,0.0763,Critical,0.0763,2007.0,602.0,102.0,Basic,Relationship manager follow-up
138665,0.0001,0,0,0.2921,Low,0.0,1.0,0.0,0.0,Standard,Standard retention nurture
138666,0.0004,0,0,0.445,Low,0.0002,6.0,2.0,2.0,Standard,Standard retention nurture
138667,0.0,0,0,0.6726,Low,0.0,0.0,0.0,0.0,Premium,Standard retention nurture
138668,0.0003,0,0,0.5123,Low,0.0002,4.0,1.0,1.0,Premium,Standard retention nurture
138669,0.0,0,0,0.6512,Low,0.0,0.0,0.0,0.0,Premium,Standard retention nurture
138670,0.9943,1,1,0.287,Critical,0.2854,8270.0,2481.0,1981.0,Standard,Relationship manager follow-up
138671,0.0,0,0,0.3747,Low,0.0,0.0,0.0,0.0,Standard,Standard retention nurture
138672,1.0,1,1,0.0932,Critical,0.0932,1458.0,437.0,-63.0,Basic,Relationship manager follow-up
138673,0.0,0,0,0.1901,Low,0.0,0.0,0.0,0.0,Basic,Standard retention nurture
138674,0.0,0,0,0.2923,Low,0.0,0.0,0.0,0.0,Standard,Standard retention nurture
138675,0.9995,1,1,0.269,Critical,0.2689,8600.0,2580.0,2080.0,Standard,Relationship manager follow-up
138676,0.0013,0,0,0.1684,Low,0.0002,8.0,2.0,2.0,Basic,Standard retention nurture
138677,0.0,0,0,0.2387,Low,0.0,0.0,0.0,0.0,Basic,Standard retention nurture
138678,0.0001,0,0,0.1906,Low,0.0,1.0,0.0,0.0,Basic,Standard retention nurture
138679,0.0001,0,0,0.3473,Low,0.0,2.0,1.0,1.0,Standard,Standard retention nurture
138680,1.0,1,1,0.2652,Critical,0.2652,4774.0,1432.0,932.0,Standard,Relationship manager follow-up
138681,0.0,0,0,0.9104,Low,0.0,0.0,0.0,0.0,Elite,Standard retention nurture
138682,0.0,0,0,0.6195,Low,0.0,0.0,0.0,0.0,Premium,Standard retention nurture
138683,0.0006,0,0,0.2268,Low,0.0001,6.0,2.0,2.0,Basic,Standard retention nurture
138684,0.0,0,0,0.7246,Low,0.0,0.0,0.0,0.0,Premium,Standard retention nurture
138685,0.0,0,0,0.2711,Low,0.0,0.0,0.0,0.0,Standard,Standard retention nurture
138686,0.0,0,0,0.4215,Low,0.0,0.0,0.0,0.0,Standard,Standard retention nurture
138687,0.0,0,0,0.727,Low,0.0,0.0,0.0,0.0,Premium,Standard retention nurture
138688,0.0001,0,0,0.2323,Low,0.0,1.0,0.0,0.0,Basic,Standard retention nurture
138689,0.0,0,0,0.6035,Low,0.0,0.0,0.0,0.0,Premium,Standard retention nurture
138690,0.9936,1,1,0.0472,Critical,0.0469,2424.0,727.0,227.0,Basic,Relationship manager follow-up
138691,0.9955,1,1,0.2584,Critical,0.2572,7135.0,2140.0,1640.0,Standard,Relationship manager follow-up
138692,0.0006,0,0,0.4423,Low,0.0003,10.0,3.0,3.0,Standard,Standard retention nurture
138693,0.0,0,0,0.3182,Low,0.0,0.0,0.0,0.0,Standard,Standard retention nurture
138694,0.0,0,0,0.3769,Low,0.0,0.0,0.0,0.0,Standard,Standard retention nurture
138695,0.0,0,0,0.3566,Low,0.0,0.0,0.0,0.0,Standard,Standard retention nurture
138696,0.0049,0,0,0.1404,Low,0.0007,10.0,3.0,3.0,Basic,Standard retention nurture
138697,0.9974,1,1,0.1514,Critical,0.151,3765.0,1130.0,630.0,Basic,Relationship manager follow-up
138698,1.0,1,1,0.2662,Critical,0.2662,5789.0,1737.0,1237.0,Standard,Relationship manager follow-up
138699,0.0,0,0,0.3878,Low,0.0,0.0,0.0,0.0,Standard,Standard retention nurture
138700,0.0,0,0,0.518,Low,0.0,0.0,0.0,0.0,Premium,Standard retention nurture
138701,0.9944,1,1,0.4451,Critical,0.4426,18387.0,5516.0,5016.0,Standard,Relationship manager follow-up
138702,0.0003,0,0,0.4817,Low,0.0001,6.0,2.0,2.0,Standard,Standard retention nurture
138703,0.0002,0,0,0.4736,Low,0.0001,2.0,1.0,1.0,Standard,Standard retention nurture
138704,0.0,0,0,0.5061,Low,0.0,0.0,0.0,0.0,Premium,Standard retention nurture
138705,1.0,1,1,0.0991,Critical,0.0991,2063.0,619.0,119.0,Basic,Relationship manager follow-up
138706,0.0002,0,0,0.144,Low,0.0,1.0,0.0,0.0,Basic,Standard retention nurture
138707,0.0008,0,0,0.5671,Low,0.0005,15.0,4.0,4.0,Premium,Standard retention nurture
138708,0.9999,1,1,0.0789,Critical,0.0789,3101.0,930.0,430.0,Basic,Relationship manager follow-up
138709,0.0,0,0,0.2518,Low,0.0,0.0,0.0,0.0,Standard,Standard retention nurture
138710,0.0,0,0,0.3159,Low,0.0,0.0,0.0,0.0,Standard,Standard retention nurture
138711,0.0,0,0,0.91,Low,0.0,0.0,0.0,0.0,Elite,Standard retention nurture
138712,1.0,1,1,0.3345,Critical,0.3345,6541.0,1962.0,1462.0,Standard,Relationship manager follow-up
138713,0.9999,1,1,0.068,Critical,0.068,1368.0,410.0,-90.0,Basic,Relationship manager follow-up
138714,0.0,0,0,0.1995,Low,0.0,0.0,0.0,0.0,Basic,Standard retention nurture
138715,0.0,0,0,0.2929,Low,0.0,0.0,0.0,0.0,Standard,Standard retention nurture
138716,0.0002,0,0,0.1362,Low,0.0,2.0,1.0,1.0,Basic,Standard retention nurture
138717,1.0,1,1,0.1,Critical,0.1,3071.0,921.0,421.0,Basic,Relationship manager follow-up
138718,0.0,0,0,0.4786,Low,0.0,0.0,0.0,0.0,Standard,Standard retention nurture
138719,0.0002,0,0,0.182,Low,0.0,1.0,0.0,0.0,Basic,Standard retention nurture
138720,1.0,1,1,0.1479,Critical,0.1479,2518.0,755.0,255.0,Basic,Relationship manager follow-up
138721,0.0,0,0,0.4581,Low,0.0,0.0,0.0,0.0,Standard,Standard retention nurture
138722,0.9652,1,1,0.3244,Critical,0.3131,5107.0,1532.0,1032.0,Standard,Relationship manager follow-up
138723,0.9994,1,1,0.227,Critical,0.2269,7295.0,2188.0,1688.0,Basic,Relationship manager follow-up
138724,0.0,0,0,0.4453,Low,0.0,0.0,0.0,0.0,Standard,Standard retention nurture
138725,0.0,0,0,0.4844,Low,0.0,0.0,0.0,0.0,Standard,Standard retention nurture
138726,0.9999,1,1,0.1943,Critical,0.1943,4645.0,1394.0,894.0,Basic,Relationship manager follow-up
138727,0.0034,0,0,0.5734,Low,0.0019,69.0,21.0,21.0,Premium,Standard retention nurture
138728,0.0,0,0,0.7394,Low,0.0,0.0,0.0,0.0,Premium,Standard retention nurture
138729,0.0,0,0,0.7361,Low,0.0,0.0,0.0,0.0,Premium,Standard retention nurture
138730,0.8839,1,1,0.7348,Critical,0.6495,24141.0,7242.0,6742.0,Premium,Relationship manager follow-up
138731,0.0,0,0,0.3019,Low,0.0,0.0,0.0,0.0,Standard,Standard retention nurture
138732,1.0,1,1,0.0509,Critical,0.0509,3553.0,1066.0,566.0,Basic,Relationship manager follow-up
138733,1.0,1,1,0.1039,Critical,0.1039,1794.0,538.0,38.0,Basic,Relationship manager follow-up
138734,0.0,0,0,0.2807,Low,0.0,0.0,0.0,0.0,Standard,Standard retention nurture
138735,0.0,0,0,0.3554,Low,0.0,0.0,0.0,0.0,Standard,Standard retention nurture
138736,0.0001,0,0,0.2813,Low,0.0,1.0,0.0,0.0,Standard,Standard retention nurture
138737,0.0,0,0,0.2305,Low,0.0,0.0,0.0,0.0,Basic,Standard retention nurture
138738,0.9997,1,1,0.3286,Critical,0.3285,10742.0,3223.0,2723.0,Standard,Relationship manager follow-up
138739,0.0013,0,0,0.3912,Low,0.0005,19.0,6.0,6.0,Standard,Standard retention nurture
138740,0.0006,0,0,0.4125,Low,0.0002,4.0,1.0,1.0,Standard,Standard retention nurture
138741,0.0,0,0,0.2709,Low,0.0,0.0,0.0,0.0,Standard,Standard retention nurture
138742,0.0,0,0,0.5447,Low,0.0,0.0,0.0,0.0,Premium,Standard retention nurture
138743,0.9996,1,1,0.4798,Critical,0.4796,9301.0,2790.0,2290.0,Standard,Relationship manager follow-up
138744,0.9999,1,1,0.2028,Critical,0.2028,5761.0,1728.0,1228.0,Basic,Relationship manager follow-up
138745,0.0,0,0,0.1966,Low,0.0,0.0,0.0,0.0,Basic,Standard retention nurture
138746,0.7843,1,1,0.7882,Critical,0.6182,25845.0,7754.0,7254.0,Elite,Relationship manager follow-up
138747,0.0,0,0,0.555,Low,0.0,0.0,0.0,0.0,Premium,Standard retention nurture
138748,0.0895,0,0,0.7555,Low,0.0676,3277.0,983.0,983.0,Elite,Standard retention nurture
138749,0.0,0,0,0.8211,Low,0.0,0.0,0.0,0.0,Elite,Standard retention nurture
138750,0.0,0,0,0.3132,Low,0.0,0.0,0.0,0.0,Standard,Standard retention nurture
138751,0.0,0,0,0.3706,Low,0.0,0.0,0.0,0.0,Standard,Standard retention nurture
138752,0.9945,1,1,0.1334,Critical,0.1327,3120.0,936.0,436.0,Basic,Relationship manager follow-up
138753,1.0,1,1,0.0198,Critical,0.0198,1254.0,376.0,-124.0,Basic,Relationship manager follow-up
138754,0.0,0,0,0.6113,Low,0.0,0.0,0.0,0.0,Premium,Standard retention nurture
138755,0.0,0,0,0.511,Low,0.0,0.0,0.0,0.0,Premium,Standard retention nurture
138756,0.9998,1,1,0.4039,Critical,0.4038,13257.0,3977.0,3477.0,Standard,Relationship manager follow-up
138757,0.0,0,0,0.1453,Low,0.0,0.0,0.0,0.0,Basic,Standard retention nurture
138758,0.0,0,0,0.5718,Low,0.0,0.0,0.0,0.0,Premium,Standard retention nurture
138759,0.0,0,0,0.2064,Low,0.0,0.0,0.0,0.0,Basic,Standard retention nurture
138760,0.0015,0,0,0.3854,Low,0.0006,24.0,7.0,7.0,Standard,Standard retention nurture
138761,0.9993,1,1,0.6361,Critical,0.6357,30406.0,9122.0,8622.0,Premium,Relationship manager follow-up
138762,0.0,0,0,0.3707,Low,0.0,0.0,0.0,0.0,Standard,Standard retention nurture
138763,0.0,0,0,0.4748,Low,0.0,0.0,0.0,0.0,Standard,Standard retention nurture
138764,0.999,1,1,0.1376,Critical,0.1375,3035.0,910.0,410.0,Basic,Relationship manager follow-up
138765,0.0,0,0,0.7668,Low,0.0,0.0,0.0,0.0,Elite,Standard retention nurture
138766,1.0,1,1,0.1396,Critical,0.1396,5997.0,1799.0,1299.0,Basic,Relationship manager follow-up
138767,0.0044,0,0,0.3138,Low,0.0014,32.0,10.0,10.0,Standard,Standard retention nurture
138768,0.0,0,0,0.1441,Low,0.0,0.0,0.0,0.0,Basic,Standard retention nurture
138769,0.0,0,0,0.5529,Low,0.0,0.0,0.0,0.0,Premium,Standard retention nurture
138770,0.0675,0,0,0.2107,Low,0.0142,259.0,78.0,78.0,Basic,Standard retention nurture
138771,0.0,0,0,0.402,Low,0.0,0.0,0.0,0.0,Standard,Standard retention nurture
138772,0.0,0,0,0.2728,Low,0.0,0.0,0.0,0.0,Standard,Standard retention nurture
138773,0.0,0,0,0.36,Low,0.0,0.0,0.0,0.0,Standard,Standard retention nurture
138774,0.0,0,0,0.4554,Low,0.0,0.0,0.0,0.0,Standard,Standard retention nurture
138775,0.0,0,0,0.2373,Low,0.0,0.0,0.0,0.0,Basic,Standard retention nurture
138776,0.0007,0,0,0.2717,Low,0.0002,4.0,1.0,1.0,Standard,Standard retention nurture
138777,0.0,0,0,0.3533,Low,0.0,0.0,0.0,0.0,Standard,Standard retention nurture
138778,0.0,0,0,0.3595,Low,0.0,0.0,0.0,0.0,Standard,Standard retention nurture
138779,0.0004,0,0,0.3462,Low,0.0001,5.0,2.0,2.0,Standard,Standard retention nurture
138780,0.0,0,0,0.1511,Low,0.0,0.0,0.0,0.0,Basic,Standard retention nurture
138781,0.0002,0,0,0.436,Low,0.0001,3.0,1.0,1.0,Standard,Standard retention nurture
138782,0.0,0,0,0.7742,Low,0.0,0.0,0.0,0.0,Elite,Standard retention nurture
138783,0.0,0,0,0.3802,Low,0.0,0.0,0.0,0.0,Standard,Standard retention nurture
138784,0.0,0,0,0.3056,Low,0.0,0.0,0.0,0.0,Standard,Standard retention nurture
138785,0.0,0,0,0.4453,Low,0.0,0.0,0.0,0.0,Standard,Standard retention nurture
138786,0.0,0,0,0.2758,Low,0.0,0.0,0.0,0.0,Standard,Standard retention nurture
138787,0.0004,0,0,0.2461,Low,0.0001,2.0,1.0,1.0,Basic,Standard retention nurture
138788,0.0,0,0,0.5166,Low,0.0,0.0,0.0,0.0,Premium,Standard retention nurture
138789,0.9994,1,1,0.4221,Critical,0.4218,13023.0,3907.0,3407.0,Standard,Relationship manager follow-up
138790,0.0173,0,0,0.2845,Low,0.0049,174.0,52.0,52.0,Standard,Standard retention nurture
138791,0.0,0,0,0.3417,Low,0.0,0.0,0.0,0.0,Standard,Standard retention nurture
138792,0.0,0,0,0.2721,Low,0.0,0.0,0.0,0.0,Standard,Standard retention nurture
138793,0.0,0,0,0.2614,Low,0.0,0.0,0.0,0.0,Standard,Standard retention nurture
138794,0.0,0,0,0.8284,Low,0.0,0.0,0.0,0.0,Elite,Standard retention nurture
138795,0.0,0,0,0.306,Low,0.0,0.0,0.0,0.0,Standard,Standard retention nurture
138796,0.0,0,0,0.27,Low,0.0,0.0,0.0,0.0,Standard,Standard retention nurture
138797,0.0,0,0,0.5747,Low,0.0,0.0,0.0,0.0,Premium,Standard retention nurture
138798,0.0062,0,0,0.1293,Low,0.0008,27.0,8.0,8.0,Basic,Standard retention nurture
138799,0.0002,0,0,0.416,Low,0.0001,4.0,1.0,1.0,Standard,Standard retention nurture
138800,0.0001,0,0,0.3896,Low,0.0,2.0,1.0,1.0,Standard,Standard retention nurture
138801,0.0,0,0,0.1608,Low,0.0,0.0,0.0,0.0,Basic,Standard retention nurture
138802,0.9996,1,1,0.3497,Critical,0.3496,13285.0,3986.0,3486.0,Standard,Relationship manager follow-up
138803,0.0001,0,0,0.6771,Low,0.0001,4.0,1.0,1.0,Premium,Standard retention nurture
138804,0.0,0,0,0.3101,Low,0.0,0.0,0.0,0.0,Standard,Standard retention nurture
138805,0.0026,0,0,0.3447,Low,0.0009,37.0,11.0,11.0,Standard,Standard retention nurture
138806,0.0,0,0,0.737,Low,0.0,0.0,0.0,0.0,Premium,Standard retention nurture
138807,0.0,0,0,0.334,Low,0.0,0.0,0.0,0.0,Standard,Standard retention nurture
138808,0.0,0,0,0.2993,Low,0.0,0.0,0.0,0.0,Standard,Standard retention nurture
138809,0.0,0,0,0.6227,Low,0.0,0.0,0.0,0.0,Premium,Standard retention nurture
138810,0.0,0,0,0.2463,Low,0.0,0.0,0.0,0.0,Basic,Standard retention nurture
138811,0.0,0,0,0.1981,Low,0.0,0.0,0.0,0.0,Basic,Standard retention nurture
138812,0.0001,0,0,0.5759,Low,0.0001,2.0,1.0,1.0,Premium,Standard retention nurture
138813,0.0,0,0,0.5817,Low,0.0,0.0,0.0,0.0,Premium,Standard retention nurture
138814,0.0,0,0,0.1124,Low,0.0,0.0,0.0,0.0,Basic,Standard retention nurture
138815,1.0,1,1,0.0832,Critical,0.0832,2857.0,857.0,357.0,Basic,Relationship manager follow-up
138816,0.4225,1,0,0.268,Medium,0.1132,5184.0,1555.0,1055.0,Standard,Relationship manager follow-up
138817,0.9998,1,1,0.0896,Critical,0.0896,3032.0,910.0,410.0,Basic,Relationship manager follow-up
138818,0.0,0,0,0.1206,Low,0.0,0.0,0.0,0.0,Basic,Standard retention nurture
138819,0.9629,1,1,0.1755,Critical,0.169,3742.0,1123.0,623.0,Basic,Relationship manager follow-up
138820,0.0,0,0,0.3311,Low,0.0,0.0,0.0,0.0,Standard,Standard retention nurture
138821,0.0,0,0,0.6636,Low,0.0,0.0,0.0,0.0,Premium,Standard retention nurture
138822,0.0,0,0,0.82,Low,0.0,0.0,0.0,0.0,Elite,Standard retention nurture
138823,0.0001,0,0,0.2306,Low,0.0,1.0,0.0,0.0,Basic,Standard retention nurture
138824,0.0,0,0,0.8204,Low,0.0,0.0,0.0,0.0,Elite,Standard retention nurture
138825,0.0,0,0,0.4678,Low,0.0,0.0,0.0,0.0,Standard,Standard retention nurture
138826,0.0,0,0,0.504,Low,0.0,0.0,0.0,0.0,Premium,Standard retention nurture
138827,0.0,0,0,0.2871,Low,0.0,0.0,0.0,0.0,Standard,Standard retention nurture
138828,0.0,0,0,0.6159,Low,0.0,0.0,0.0,0.0,Premium,Standard retention nurture
138829,0.0,0,0,0.3315,Low,0.0,0.0,0.0,0.0,Standard,Standard retention nurture
138830,0.0188,0,0,0.4999,Low,0.0094,341.0,102.0,102.0,Standard,Standard retention nurture
138831,0.0,0,0,0.2534,Low,0.0,0.0,0.0,0.0,Standard,Standard retention nurture
138832,0.0,0,0,0.2745,Low,0.0,0.0,0.0,0.0,Standard,Standard retention nurture
138833,0.0,0,0,0.8294,Low,0.0,0.0,0.0,0.0,Elite,Standard retention nurture
138834,0.0001,0,0,0.604,Low,0.0001,2.0,1.0,1.0,Premium,Standard retention nurture
138835,0.0,0,0,0.5832,Low,0.0,0.0,0.0,0.0,Premium,Standard retention nurture
138836,0.0,0,0,0.3349,Low,0.0,0.0,0.0,0.0,Standard,Standard retention nurture
138837,0.0,0,0,0.4358,Low,0.0,0.0,0.0,0.0,Standard,Standard retention nurture
138838,0.0,0,0,0.4533,Low,0.0,0.0,0.0,0.0,Standard,Standard retention nurture
138839,0.0,0,0,0.4092,Low,0.0,0.0,0.0,0.0,Standard,Standard retention nurture
138840,0.0,0,0,0.6987,Low,0.0,0.0,0.0,0.0,Premium,Standard retention nurture
138841,0.0001,0,0,0.2028,Low,0.0,1.0,0.0,0.0,Basic,Standard retention nurture
138842,0.0092,0,0,0.3506,Low,0.0032,65.0,20.0,20.0,Standard,Standard retention nurture
138843,0.0051,0,0,0.1368,Low,0.0007,17.0,5.0,5.0,Basic,Standard retention nurture
138844,0.0001,0,0,0.8588,Low,0.0001,4.0,1.0,1.0,Elite,Standard retention nurture
138845,0.0,0,0,0.3816,Low,0.0,0.0,0.0,0.0,Standard,Standard retention nurture
138846,0.0,0,0,0.2838,Low,0.0,0.0,0.0,0.0,Standard,Standard retention nurture
138847,0.0,0,0,0.2324,Low,0.0,0.0,0.0,0.0,Basic,Standard retention nurture
138848,0.9986,1,1,0.108,Critical,0.1078,3664.0,1099.0,599.0,Basic,Relationship manager follow-up
138849,0.0,0,0,0.5129,Low,0.0,0.0,0.0,0.0,Premium,Standard retention nurture
138850,0.0,0,0,0.7312,Low,0.0,0.0,0.0,0.0,Premium,Standard retention nurture
138851,0.0002,0,0,0.2915,Low,0.0001,2.0,1.0,1.0,Standard,Standard retention nurture
138852,0.0,0,0,0.2111,Low,0.0,0.0,0.0,0.0,Basic,Standard retention nurture
138853,0.0,0,0,0.3591,Low,0.0,0.0,0.0,0.0,Standard,Standard retention nurture
138854,0.0003,0,0,0.4881,Low,0.0001,4.0,1.0,1.0,Standard,Standard retention nurture
138855,0.0,0,0,0.4396,Low,0.0,0.0,0.0,0.0,Standard,Standard retention nurture
138856,0.0,0,0,0.509,Low,0.0,0.0,0.0,0.0,Premium,Standard retention nurture
138857,0.0002,0,0,0.3109,Low,0.0001,1.0,0.0,0.0,Standard,Standard retention nurture
138858,0.9999,1,1,0.1307,Critical,0.1307,6153.0,1846.0,1346.0,Basic,Relationship manager follow-up
138859,0.9986,1,1,0.2201,Critical,0.2198,5241.0,1572.0,1072.0,Basic,Relationship manager follow-up
138860,0.0001,0,0,0.2656,Low,0.0,1.0,0.0,0.0,Standard,Standard retention nurture
138861,0.0,0,0,0.8342,Low,0.0,0.0,0.0,0.0,Elite,Standard retention nurture
138862,0.0,0,0,0.688,Low,0.0,0.0,0.0,0.0,Premium,Standard retention nurture
138863,0.0,0,0,0.5247,Low,0.0,0.0,0.0,0.0,Premium,Standard retention nurture
138864,0.9998,1,1,0.0658,Critical,0.0658,2171.0,651.0,151.0,Basic,Relationship manager follow-up
138865,0.0,0,0,0.2834,Low,0.0,0.0,0.0,0.0,Standard,Standard retention nurture
138866,0.5769,1,1,0.2267,High,0.1308,4637.0,1391.0,891.0,Basic,Relationship manager follow-up
138867,0.0003,0,0,0.2602,Low,0.0001,3.0,1.0,1.0,Standard,Standard retention nurture
138868,0.0,0,0,0.5043,Low,0.0,0.0,0.0,0.0,Premium,Standard retention nurture
138869,0.0021,0,0,0.2981,Low,0.0006,15.0,4.0,4.0,Standard,Standard retention nurture
138870,1.0,1,1,0.231,Critical,0.231,3651.0,1095.0,595.0,Basic,Relationship manager follow-up
138871,0.0,0,0,0.4994,Low,0.0,0.0,0.0,0.0,Standard,Standard retention nurture
138872,0.0051,0,0,0.6905,Low,0.0035,143.0,43.0,43.0,Premium,Standard retention nurture
138873,0.0,0,0,0.3245,Low,0.0,0.0,0.0,0.0,Standard,Standard retention nurture
138874,0.0,0,0,0.2993,Low,0.0,0.0,0.0,0.0,Standard,Standard retention nurture
138875,0.9999,1,1,0.2063,Critical,0.2063,3927.0,1178.0,678.0,Basic,Relationship manager follow-up
138876,0.0,0,0,0.4411,Low,0.0,0.0,0.0,0.0,Standard,Standard retention nurture
138877,1.0,1,1,0.2336,Critical,0.2336,4308.0,1292.0,792.0,Basic,Relationship manager follow-up
138878,0.9997,1,1,0.0768,Critical,0.0768,4464.0,1339.0,839.0,Basic,Relationship manager follow-up
138879,0.0,0,0,0.6506,Low,0.0,0.0,0.0,0.0,Premium,Standard retention nurture
138880,0.0,0,0,0.5124,Low,0.0,0.0,0.0,0.0,Premium,Standard retention nurture
138881,0.9996,1,1,0.3789,Critical,0.3787,16793.0,5038.0,4538.0,Standard,Relationship manager follow-up
138882,0.0001,0,0,0.8706,Low,0.0001,3.0,1.0,1.0,Elite,Standard retention nurture
138883,0.9967,1,1,0.1662,Critical,0.1657,4719.0,1416.0,916.0,Basic,Relationship manager follow-up
138884,0.0002,0,0,0.196,Low,0.0,1.0,0.0,0.0,Basic,Standard retention nurture
138885,0.0001,0,0,0.3297,Low,0.0,1.0,0.0,0.0,Standard,Standard retention nurture
138886,0.9952,1,1,0.1,Critical,0.0995,4595.0,1378.0,878.0,Basic,Relationship manager follow-up
138887,0.0011,0,0,0.5717,Low,0.0006,25.0,8.0,8.0,Premium,Standard retention nurture
138888,0.0,0,0,0.4627,Low,0.0,0.0,0.0,0.0,Standard,Standard retention nurture
138889,0.0,0,0,0.1707,Low,0.0,0.0,0.0,0.0,Basic,Standard retention nurture
138890,0.0,0,0,0.5518,Low,0.0,0.0,0.0,0.0,Premium,Standard retention nurture
138891,0.0002,0,0,0.6436,Low,0.0001,5.0,2.0,2.0,Premium,Standard retention nurture
138892,0.0012,0,0,0.3606,Low,0.0004,17.0,5.0,5.0,Standard,Standard retention nurture
138893,0.0006,0,0,0.229,Low,0.0001,3.0,1.0,1.0,Basic,Standard retention nurture
138894,0.0,0,0,0.4502,Low,0.0,0.0,0.0,0.0,Standard,Standard retention nurture
138895,0.0,0,0,0.4003,Low,0.0,0.0,0.0,0.0,Standard,Standard retention nurture
138896,0.0,0,0,0.677,Low,0.0,0.0,0.0,0.0,Premium,Standard retention nurture
138897,0.9982,1,1,0.3505,Critical,0.3499,18130.0,5439.0,4939.0,Standard,Relationship manager follow-up
138898,0.0,0,0,0.3083,Low,0.0,0.0,0.0,0.0,Standard,Standard retention nurture
138899,0.0,0,0,0.3757,Low,0.0,0.0,0.0,0.0,Standard,Standard retention nurture
138900,0.0,0,0,0.2205,Low,0.0,0.0,0.0,0.0,Basic,Standard retention nurture
138901,0.9968,1,1,0.2264,Critical,0.2257,3651.0,1095.0,595.0,Basic,Relationship manager follow-up
138902,0.0,0,0,0.2324,Low,0.0,0.0,0.0,0.0,Basic,Standard retention nurture
138903,0.0,0,0,0.1979,Low,0.0,0.0,0.0,0.0,Basic,Standard retention nurture
138904,0.0005,0,0,0.1344,Low,0.0001,3.0,1.0,1.0,Basic,Standard retention nurture
138905,0.0,0,0,0.3031,Low,0.0,0.0,0.0,0.0,Standard,Standard retention nurture
138906,0.0,0,0,0.251,Low,0.0,0.0,0.0,0.0,Standard,Standard retention nurture
138907,0.9984,1,1,0.324,Critical,0.3235,8134.0,2440.0,1940.0,Standard,Relationship manager follow-up
138908,0.9976,1,1,0.4059,Critical,0.4049,12517.0,3755.0,3255.0,Standard,Relationship manager follow-up
138909,0.0004,0,0,0.2642,Low,0.0001,4.0,1.0,1.0,Standard,Standard retention nurture
138910,0.0018,0,0,0.6642,Low,0.0012,62.0,19.0,19.0,Premium,Standard retention nurture
138911,0.0002,0,0,0.7175,Low,0.0001,7.0,2.0,2.0,Premium,Standard retention nurture
138912,0.0,0,0,0.2431,Low,0.0,0.0,0.0,0.0,Basic,Standard retention nurture
138913,0.0,0,0,0.759,Low,0.0,0.0,0.0,0.0,Elite,Standard retention nurture
138914,0.0,0,0,0.7594,Low,0.0,0.0,0.0,0.0,Elite,Standard retention nurture
138915,0.0,0,0,0.3922,Low,0.0,0.0,0.0,0.0,Standard,Standard retention nurture
138916,0.0,0,0,0.1682,Low,0.0,0.0,0.0,0.0,Basic,Standard retention nurture
138917,0.0,0,0,0.3337,Low,0.0,0.0,0.0,0.0,Standard,Standard retention nurture
138918,1.0,1,1,0.0929,Critical,0.0929,1850.0,555.0,55.0,Basic,Relationship manager follow-up
138919,0.0033,0,0,0.3002,Low,0.001,22.0,7.0,7.0,Standard,Standard retention nurture
138920,0.0146,0,0,0.2915,Low,0.0043,117.0,35.0,35.0,Standard,Standard retention nurture
138921,0.0001,0,0,0.2922,Low,0.0,0.0,0.0,0.0,Standard,Standard retention nurture
138922,0.9966,1,1,0.1517,Critical,0.1512,3462.0,1039.0,539.0,Basic,Relationship manager follow-up
138923,0.0044,0,0,0.5416,Low,0.0024,105.0,32.0,32.0,Premium,Standard retention nurture
138924,0.0005,0,0,0.2906,Low,0.0001,6.0,2.0,2.0,Standard,Standard retention nurture
138925,0.0,0,0,0.8523,Low,0.0,0.0,0.0,0.0,Elite,Standard retention nurture
138926,0.0,0,0,0.5193,Low,0.0,0.0,0.0,0.0,Premium,Standard retention nurture
138927,0.0,0,0,0.5098,Low,0.0,0.0,0.0,0.0,Premium,Standard retention nurture
138928,0.0,0,0,0.37,Low,0.0,0.0,0.0,0.0,Standard,Standard retention nurture
138929,0.0,0,0,0.206,Low,0.0,0.0,0.0,0.0,Basic,Standard retention nurture
138930,0.0,0,0,0.5187,Low,0.0,0.0,0.0,0.0,Premium,Standard retention nurture
138931,0.9999,1,1,0.0925,Critical,0.0925,2428.0,728.0,228.0,Basic,Relationship manager follow-up
138932,0.0,0,0,0.3169,Low,0.0,0.0,0.0,0.0,Standard,Standard retention nurture
138933,0.0,0,0,0.2679,Low,0.0,0.0,0.0,0.0,Standard,Standard retention nurture
138934,0.0,0,0,0.4199,Low,0.0,0.0,0.0,0.0,Standard,Standard retention nurture
138935,0.0,0,0,0.3266,Low,0.0,0.0,0.0,0.0,Standard,Standard retention nurture
138936,0.0,0,0,0.2292,Low,0.0,0.0,0.0,0.0,Basic,Standard retention nurture
138937,0.0,0,0,0.2509,Low,0.0,0.0,0.0,0.0,Standard,Standard retention nurture
138938,0.0,0,0,0.2696,Low,0.0,0.0,0.0,0.0,Standard,Standard retention nurture
138939,0.0,0,0,0.2541,Low,0.0,0.0,0.0,0.0,Standard,Standard retention nurture
138940,0.9707,1,1,0.1122,Critical,0.1089,1710.0,513.0,13.0,Basic,Relationship manager follow-up
138941,0.0,0,0,0.1733,Low,0.0,0.0,0.0,0.0,Basic,Standard retention nurture
138942,0.0,0,0,0.4683,Low,0.0,0.0,0.0,0.0,Standard,Standard retention nurture
138943,0.0,0,0,0.2952,Low,0.0,0.0,0.0,0.0,Standard,Standard retention nurture
138944,0.0016,0,0,0.3093,Low,0.0005,10.0,3.0,3.0,Standard,Standard retention nurture
138945,0.056,0,0,0.643,Low,0.036,2051.0,615.0,615.0,Premium,Standard retention nurture
138946,0.0,0,0,0.8136,Low,0.0,0.0,0.0,0.0,Elite,Standard retention nurture
138947,0.0,0,0,0.2629,Low,0.0,0.0,0.0,0.0,Standard,Standard retention nurture
138948,0.0001,0,0,0.4221,Low,0.0,1.0,0.0,0.0,Standard,Standard retention nurture
138949,0.0,0,0,0.3396,Low,0.0,0.0,0.0,0.0,Standard,Standard retention nurture
138950,0.0379,0,0,0.1529,Low,0.0058,244.0,73.0,73.0,Basic,Standard retention nurture
138951,0.0009,0,0,0.1083,Low,0.0001,2.0,1.0,1.0,Basic,Standard retention nurture
138952,0.0,0,0,0.6376,Low,0.0,0.0,0.0,0.0,Premium,Standard retention nurture
138953,0.0028,0,0,0.3788,Low,0.0011,42.0,13.0,13.0,Standard,Standard retention nurture
138954,0.0247,0,0,0.2399,Low,0.0059,214.0,64.0,64.0,Basic,Standard retention nurture
138955,0.0,0,0,0.609,Low,0.0,0.0,0.0,0.0,Premium,Standard retention nurture
138956,0.0,0,0,0.3783,Low,0.0,0.0,0.0,0.0,Standard,Standard retention nurture
138957,0.5872,1,0,0.1968,High,0.1156,4601.0,1380.0,880.0,Basic,Relationship manager follow-up
138958,0.0,0,0,0.1953,Low,0.0,0.0,0.0,0.0,Basic,Standard retention nurture
138959,0.9994,1,1,0.1258,Critical,0.1257,3061.0,918.0,418.0,Basic,Relationship manager follow-up
138960,0.0,0,0,0.2214,Low,0.0,0.0,0.0,0.0,Basic,Standard retention nurture
138961,0.0,0,0,0.4617,Low,0.0,0.0,0.0,0.0,Standard,Standard retention nurture
138962,0.0,0,0,0.3026,Low,0.0,0.0,0.0,0.0,Standard,Standard retention nurture
138963,0.0,0,0,0.4842,Low,0.0,0.0,0.0,0.0,Standard,Standard retention nurture
138964,0.0,0,0,0.7324,Low,0.0,0.0,0.0,0.0,Premium,Standard retention nurture
138965,0.0064,0,0,0.115,Low,0.0007,16.0,5.0,5.0,Basic,Standard retention nurture
138966,0.0002,0,0,0.8848,Low,0.0002,7.0,2.0,2.0,Elite,Standard retention nurture
138967,0.0005,0,0,0.2025,Low,0.0001,3.0,1.0,1.0,Basic,Standard retention nurture
138968,0.9952,1,1,0.3304,Critical,0.3288,14493.0,4348.0,3848.0,Standard,Relationship manager follow-up
138969,1.0,1,1,0.0482,Critical,0.0482,2284.0,685.0,185.0,Basic,Relationship manager follow-up
138970,0.0001,0,0,0.4113,Low,0.0,1.0,0.0,0.0,Standard,Standard retention nurture
138971,0.9586,1,1,0.2691,Critical,0.258,7666.0,2300.0,1800.0,Standard,Relationship manager follow-up
138972,0.008,0,0,0.705,Low,0.0056,293.0,88.0,88.0,Premium,Standard retention nurture
138973,0.9983,1,1,0.3858,Critical,0.3851,9564.0,2869.0,2369.0,Standard,Relationship manager follow-up
138974,0.9999,1,1,0.0965,Critical,0.0965,2996.0,899.0,399.0,Basic,Relationship manager follow-up
138975,0.0991,0,0,0.2503,Low,0.0248,626.0,188.0,188.0,Standard,Standard retention nurture
138976,0.0003,0,0,0.5668,Low,0.0002,5.0,2.0,2.0,Premium,Standard retention nurture
138977,0.0,0,0,0.2083,Low,0.0,0.0,0.0,0.0,Basic,Standard retention nurture
138978,0.0,0,0,0.1866,Low,0.0,0.0,0.0,0.0,Basic,Standard retention nurture
138979,0.0,0,0,0.5237,Low,0.0,0.0,0.0,0.0,Premium,Standard retention nurture
138980,0.0001,0,0,0.1337,Low,0.0,0.0,0.0,0.0,Basic,Standard retention nurture
138981,0.0055,0,0,0.885,Low,0.0049,201.0,60.0,60.0,Elite,Standard retention nurture
138982,0.0,0,0,0.3704,Low,0.0,0.0,0.0,0.0,Standard,Standard retention nurture
138983,0.0,0,0,0.4313,Low,0.0,0.0,0.0,0.0,Standard,Standard retention nurture
138984,0.2017,1,0,0.7569,Low,0.1527,7386.0,2216.0,1716.0,Elite,Relationship manager follow-up
138985,0.997,1,1,0.1179,Critical,0.1175,2456.0,737.0,237.0,Basic,Relationship manager follow-up
138986,0.0,0,0,0.2235,Low,0.0,0.0,0.0,0.0,Basic,Standard retention nurture
138987,0.9997,1,1,0.1657,Critical,0.1657,4399.0,1320.0,820.0,Basic,Relationship manager follow-up
138988,0.0,0,0,0.2465,Low,0.0,0.0,0.0,0.0,Basic,Standard retention nurture
138989,0.0,0,0,0.8615,Low,0.0,0.0,0.0,0.0,Elite,Standard retention nurture
138990,0.2107,1,0,0.4537,Low,0.0956,4515.0,1354.0,854.0,Standard,Relationship manager follow-up
138991,0.0,0,0,0.4466,Low,0.0,0.0,0.0,0.0,Standard,Standard retention nurture
138992,1.0,1,1,0.2229,Critical,0.2229,4121.0,1236.0,736.0,Basic,Relationship manager follow-up
138993,0.0,0,0,0.6125,Low,0.0,0.0,0.0,0.0,Premium,Standard retention nurture
138994,0.0,0,0,0.76,Low,0.0,0.0,0.0,0.0,Elite,Standard retention nurture
138995,0.0,0,0,0.6199,Low,0.0,0.0,0.0,0.0,Premium,Standard retention nurture
138996,0.0,0,0,0.5186,Low,0.0,0.0,0.0,0.0,Premium,Standard retention nurture
138997,0.0,0,0,0.6574,Low,0.0,0.0,0.0,0.0,Premium,Standard retention nurture
138998,0.002,0,0,0.6756,Low,0.0014,65.0,20.0,20.0,Premium,Standard retention nurture
138999,0.0001,0,0,0.6121,Low,0.0001,3.0,1.0,1.0,Premium,Standard retention nurture
139000,0.0,0,0,0.9903,Low,0.0,0.0,0.0,0.0,Elite,Standard retention nurture
139001,0.0002,0,0,0.1852,Low,0.0,2.0,1.0,1.0,Basic,Standard retention nurture
139002,0.0,0,0,0.4638,Low,0.0,0.0,0.0,0.0,Standard,Standard retention nurture
139003,0.9998,1,1,0.336,Critical,0.3359,11532.0,3460.0,2960.0,Standard,Relationship manager follow-up
139004,0.0003,0,0,0.8293,Low,0.0002,11.0,3.0,3.0,Elite,Standard retention nurture
139005,0.0,0,0,0.5104,Low,0.0,0.0,0.0,0.0,Premium,Standard retention nurture
139006,0.9998,1,1,0.2573,Critical,0.2572,7592.0,2278.0,1778.0,Standard,Relationship manager follow-up
139007,0.0,0,0,0.1676,Low,0.0,0.0,0.0,0.0,Basic,Standard retention nurture
139008,0.0,0,0,0.5395,Low,0.0,0.0,0.0,0.0,Premium,Standard retention nurture
139009,0.0004,0,0,0.2333,Low,0.0001,3.0,1.0,1.0,Basic,Standard retention nurture
139010,0.0,0,0,0.4285,Low,0.0,0.0,0.0,0.0,Standard,Standard retention nurture
139011,0.8866,1,1,0.4227,Critical,0.3748,9599.0,2880.0,2380.0,Standard,Relationship manager follow-up
139012,0.0001,0,0,0.2914,Low,0.0,1.0,0.0,0.0,Standard,Standard retention nurture
139013,0.0,0,0,0.3792,Low,0.0,0.0,0.0,0.0,Standard,Standard retention nurture
139014,0.0,0,0,0.6395,Low,0.0,0.0,0.0,0.0,Premium,Standard retention nurture
139015,0.0,0,0,0.4772,Low,0.0,0.0,0.0,0.0,Standard,Standard retention nurture
139016,0.0,0,0,0.8805,Low,0.0,0.0,0.0,0.0,Elite,Standard retention nurture
139017,1.0,1,1,0.1409,Critical,0.1409,2708.0,812.0,312.0,Basic,Relationship manager follow-up
139018,0.0017,0,0,0.1713,Low,0.0003,10.0,3.0,3.0,Basic,Standard retention nurture
139019,0.0,0,0,0.8173,Low,0.0,0.0,0.0,0.0,Elite,Standard retention nurture
139020,0.0,0,0,0.2386,Low,0.0,0.0,0.0,0.0,Basic,Standard retention nurture
139021,0.0,0,0,0.4472,Low,0.0,0.0,0.0,0.0,Standard,Standard retention nurture
139022,0.0,0,0,0.8407,Low,0.0,0.0,0.0,0.0,Elite,Standard retention nurture
139023,0.0012,0,0,0.3741,Low,0.0004,17.0,5.0,5.0,Standard,Standard retention nurture
139024,0.0,0,0,0.5213,Low,0.0,0.0,0.0,0.0,Premium,Standard retention nurture
139025,0.0,0,0,0.2809,Low,0.0,0.0,0.0,0.0,Standard,Standard retention nurture
139026,0.9994,1,1,0.3959,Critical,0.3957,15984.0,4795.0,4295.0,Standard,Relationship manager follow-up
139027,0.6901,1,1,0.2558,High,0.1765,4667.0,1400.0,900.0,Standard,Relationship manager follow-up
139028,0.0,0,0,0.1937,Low,0.0,0.0,0.0,0.0,Basic,Standard retention nurture
139029,0.0,0,0,0.5711,Low,0.0,0.0,0.0,0.0,Premium,Standard retention nurture
139030,0.0008,0,0,0.3115,Low,0.0002,8.0,2.0,2.0,Standard,Standard retention nurture
139031,0.0,0,0,0.4025,Low,0.0,0.0,0.0,0.0,Standard,Standard retention nurture
139032,0.0004,0,0,0.2543,Low,0.0001,5.0,2.0,2.0,Standard,Standard retention nurture
139033,0.0,0,0,0.2688,Low,0.0,0.0,0.0,0.0,Standard,Standard retention nurture
139034,0.0,0,0,0.3568,Low,0.0,0.0,0.0,0.0,Standard,Standard retention nurture
139035,0.0,0,0,0.2383,Low,0.0,0.0,0.0,0.0,Basic,Standard retention nurture
139036,0.0036,0,0,0.3059,Low,0.0011,27.0,8.0,8.0,Standard,Standard retention nurture
139037,0.0,0,0,0.1881,Low,0.0,0.0,0.0,0.0,Basic,Standard retention nurture
139038,0.0001,0,0,0.5836,Low,0.0001,3.0,1.0,1.0,Premium,Standard retention nurture
139039,0.9901,1,1,0.4202,Critical,0.416,16556.0,4967.0,4467.0,Standard,Relationship manager follow-up
139040,0.0,0,0,0.5169,Low,0.0,0.0,0.0,0.0,Premium,Standard retention nurture
139041,0.0,0,0,0.2403,Low,0.0,0.0,0.0,0.0,Basic,Standard retention nurture
139042,0.0004,0,0,0.1387,Low,0.0001,1.0,0.0,0.0,Basic,Standard retention nurture
139043,0.9993,1,1,0.1942,Critical,0.1941,6345.0,1904.0,1404.0,Basic,Relationship manager follow-up
139044,0.0,0,0,0.3661,Low,0.0,0.0,0.0,0.0,Standard,Standard retention nurture
139045,0.9999,1,1,0.1143,Critical,0.1143,3007.0,902.0,402.0,Basic,Relationship manager follow-up
139046,0.0,0,0,0.4558,Low,0.0,0.0,0.0,0.0,Standard,Standard retention nurture
139047,1.0,1,1,0.1063,Critical,0.1063,2866.0,860.0,360.0,Basic,Relationship manager follow-up
139048,0.0001,0,0,0.4765,Low,0.0,2.0,1.0,1.0,Standard,Standard retention nurture
139049,0.0,0,0,0.3362,Low,0.0,0.0,0.0,0.0,Standard,Standard retention nurture
139050,0.0,0,0,0.7896,Low,0.0,0.0,0.0,0.0,Elite,Standard retention nurture
139051,0.0,0,0,0.4519,Low,0.0,0.0,0.0,0.0,Standard,Standard retention nurture
139052,0.0001,0,0,0.1028,Low,0.0,0.0,0.0,0.0,Basic,Standard retention nurture
139053,0.0,0,0,0.1811,Low,0.0,0.0,0.0,0.0,Basic,Standard retention nurture
139054,0.997,1,1,0.2957,Critical,0.2948,4604.0,1381.0,881.0,Standard,Relationship manager follow-up
139055,0.0004,0,0,0.7447,Low,0.0003,11.0,3.0,3.0,Premium,Standard retention nurture
139056,0.0,0,0,0.2723,Low,0.0,0.0,0.0,0.0,Standard,Standard retention nurture
139057,0.0015,0,0,0.3464,Low,0.0005,20.0,6.0,6.0,Standard,Standard retention nurture
139058,0.0,0,0,0.7505,Low,0.0,0.0,0.0,0.0,Elite,Standard retention nurture
139059,0.0065,0,0,0.519,Low,0.0034,101.0,30.0,30.0,Premium,Standard retention nurture
139060,0.0144,0,0,0.1495,Low,0.0022,40.0,12.0,12.0,Basic,Standard retention nurture
139061,0.0,0,0,0.4326,Low,0.0,0.0,0.0,0.0,Standard,Standard retention nurture
139062,0.0,0,0,0.3545,Low,0.0,0.0,0.0,0.0,Standard,Standard retention nurture
139063,0.001,0,0,0.1811,Low,0.0002,6.0,2.0,2.0,Basic,Standard retention nurture
139064,0.0001,0,0,0.4288,Low,0.0,2.0,1.0,1.0,Standard,Standard retention nurture
139065,0.0001,0,0,0.2947,Low,0.0,1.0,0.0,0.0,Standard,Standard retention nurture
139066,0.0,0,0,0.2097,Low,0.0,0.0,0.0,0.0,Basic,Standard retention nurture
139067,0.0,0,0,0.3547,Low,0.0,0.0,0.0,0.0,Standard,Standard retention nurture
139068,0.0,0,0,0.2275,Low,0.0,0.0,0.0,0.0,Basic,Standard retention nurture
139069,0.0,0,0,0.2807,Low,0.0,0.0,0.0,0.0,Standard,Standard retention nurture
139070,0.0017,0,0,0.3115,Low,0.0005,22.0,7.0,7.0,Standard,Standard retention nurture
139071,0.0003,0,0,0.3178,Low,0.0001,2.0,1.0,1.0,Standard,Standard retention nurture
139072,0.0002,0,0,0.3068,Low,0.0001,1.0,0.0,0.0,Standard,Standard retention nurture
139073,0.0,0,0,0.4185,Low,0.0,0.0,0.0,0.0,Standard,Standard retention nurture
139074,1.0,1,1,0.2315,Critical,0.2315,6574.0,1972.0,1472.0,Basic,Relationship manager follow-up
139075,0.0,0,0,0.2947,Low,0.0,0.0,0.0,0.0,Standard,Standard retention nurture
139076,0.0001,0,0,0.3914,Low,0.0,0.0,0.0,0.0,Standard,Standard retention nurture
139077,0.0,0,0,0.1953,Low,0.0,0.0,0.0,0.0,Basic,Standard retention nurture
139078,0.0,0,0,0.4558,Low,0.0,0.0,0.0,0.0,Standard,Standard retention nurture
139079,0.0013,0,0,0.1273,Low,0.0002,5.0,2.0,2.0,Basic,Standard retention nurture
139080,0.0,0,0,0.2732,Low,0.0,0.0,0.0,0.0,Standard,Standard retention nurture
139081,0.0,0,0,0.4566,Low,0.0,0.0,0.0,0.0,Standard,Standard retention nurture
139082,0.0,0,0,0.1559,Low,0.0,0.0,0.0,0.0,Basic,Standard retention nurture
139083,0.0001,0,0,0.2182,Low,0.0,1.0,0.0,0.0,Basic,Standard retention nurture
139084,0.0,0,0,0.3462,Low,0.0,0.0,0.0,0.0,Standard,Standard retention nurture
139085,0.0,0,0,0.6644,Low,0.0,0.0,0.0,0.0,Premium,Standard retention nurture
139086,0.9991,1,1,0.2925,Critical,0.2922,9420.0,2826.0,2326.0,Standard,Relationship manager follow-up
139087,0.0001,0,0,0.2497,Low,0.0,0.0,0.0,0.0,Basic,Standard retention nurture
139088,0.1076,0,0,0.7138,Low,0.0768,3940.0,1182.0,1182.0,Premium,Standard retention nurture
139089,0.0006,0,0,0.8828,Low,0.0005,22.0,7.0,7.0,Elite,Standard retention nurture
139090,0.0,0,0,0.5775,Low,0.0,0.0,0.0,0.0,Premium,Standard retention nurture
139091,1.0,1,1,0.2119,Critical,0.2119,5981.0,1794.0,1294.0,Basic,Relationship manager follow-up
139092,0.0003,0,0,0.3636,Low,0.0001,3.0,1.0,1.0,Standard,Standard retention nurture
139093,0.9989,1,1,0.3357,Critical,0.3353,6394.0,1918.0,1418.0,Standard,Relationship manager follow-up
139094,0.0,0,0,0.3581,Low,0.0,0.0,0.0,0.0,Standard,Standard retention nurture
139095,0.0163,0,0,0.1804,Low,0.0029,51.0,15.0,15.0,Basic,Standard retention nurture
139096,0.0015,0,0,0.694,Low,0.001,41.0,12.0,12.0,Premium,Standard retention nurture
139097,0.0001,0,0,0.2696,Low,0.0,1.0,0.0,0.0,Standard,Standard retention nurture
139098,0.9952,1,1,0.1263,Critical,0.1257,1593.0,478.0,-22.0,Basic,Relationship manager follow-up
139099,0.9982,1,1,0.1815,Critical,0.1812,3758.0,1127.0,627.0,Basic,Relationship manager follow-up
139100,0.0,0,0,0.4914,Low,0.0,0.0,0.0,0.0,Standard,Standard retention nurture
139101,0.0,0,0,0.3686,Low,0.0,0.0,0.0,0.0,Standard,Standard retention nurture
139102,0.0,0,0,0.8266,Low,0.0,0.0,0.0,0.0,Elite,Standard retention nurture
139103,0.0,0,0,0.3298,Low,0.0,0.0,0.0,0.0,Standard,Standard retention nurture
139104,0.0,0,0,0.7122,Low,0.0,0.0,0.0,0.0,Premium,Standard retention nurture
139105,0.0,0,0,0.3719,Low,0.0,0.0,0.0,0.0,Standard,Standard retention nurture
139106,0.0003,0,0,0.3118,Low,0.0001,4.0,1.0,1.0,Standard,Standard retention nurture
139107,0.0,0,0,0.6791,Low,0.0,0.0,0.0,0.0,Premium,Standard retention nurture
139108,0.0,0,0,0.3818,Low,0.0,0.0,0.0,0.0,Standard,Standard retention nurture
139109,0.0,0,0,0.3177,Low,0.0,0.0,0.0,0.0,Standard,Standard retention nurture
139110,0.0,0,0,0.4641,Low,0.0,0.0,0.0,0.0,Standard,Standard retention nurture
139111,0.0002,0,0,0.5506,Low,0.0001,4.0,1.0,1.0,Premium,Standard retention nurture
139112,0.0001,0,0,0.3762,Low,0.0,1.0,0.0,0.0,Standard,Standard retention nurture
139113,0.9981,1,1,0.1359,Critical,0.1356,4881.0,1464.0,964.0,Basic,Relationship manager follow-up
139114,0.0026,0,0,0.7656,Low,0.002,95.0,28.0,28.0,Elite,Standard retention nurture
139115,0.0871,0,0,0.215,Low,0.0187,486.0,146.0,146.0,Basic,Standard retention nurture
139116,0.9986,1,1,0.0918,Critical,0.0917,4640.0,1392.0,892.0,Basic,Relationship manager follow-up
139117,0.9994,1,1,0.4528,Critical,0.4525,17542.0,5263.0,4763.0,Standard,Relationship manager follow-up
139118,0.0,0,0,0.795,Low,0.0,0.0,0.0,0.0,Elite,Standard retention nurture
139119,0.0,0,0,0.3775,Low,0.0,0.0,0.0,0.0,Standard,Standard retention nurture
139120,0.0,0,0,0.2691,Low,0.0,0.0,0.0,0.0,Standard,Standard retention nurture
139121,0.0001,0,0,0.2476,Low,0.0,0.0,0.0,0.0,Basic,Standard retention nurture
139122,0.0002,0,0,0.4544,Low,0.0001,4.0,1.0,1.0,Standard,Standard retention nurture
139123,0.9997,1,1,0.2415,Critical,0.2414,8340.0,2502.0,2002.0,Basic,Relationship manager follow-up
139124,0.0,0,0,0.439,Low,0.0,0.0,0.0,0.0,Standard,Standard retention nurture
139125,0.0001,0,0,0.5417,Low,0.0001,2.0,1.0,1.0,Premium,Standard retention nurture
139126,0.0015,0,0,0.2894,Low,0.0004,9.0,3.0,3.0,Standard,Standard retention nurture
139127,0.0002,0,0,0.3595,Low,0.0001,3.0,1.0,1.0,Standard,Standard retention nurture
139128,0.0001,0,0,0.3144,Low,0.0,1.0,0.0,0.0,Standard,Standard retention nurture
139129,0.0,0,0,0.8335,Low,0.0,0.0,0.0,0.0,Elite,Standard retention nurture
139130,0.0,0,0,0.3383,Low,0.0,0.0,0.0,0.0,Standard,Standard retention nurture
139131,0.0,0,0,0.6791,Low,0.0,0.0,0.0,0.0,Premium,Standard retention nurture
139132,0.0007,0,0,0.4915,Low,0.0003,20.0,6.0,6.0,Standard,Standard retention nurture
139133,0.9999,1,1,0.2611,Critical,0.2611,6617.0,1985.0,1485.0,Standard,Relationship manager follow-up
139134,0.0,0,0,0.2801,Low,0.0,0.0,0.0,0.0,Standard,Standard retention nurture
139135,0.0,0,0,0.2211,Low,0.0,0.0,0.0,0.0,Basic,Standard retention nurture
139136,0.0,0,0,0.3327,Low,0.0,0.0,0.0,0.0,Standard,Standard retention nurture
139137,0.0,0,0,0.6306,Low,0.0,0.0,0.0,0.0,Premium,Standard retention nurture
139138,0.0007,0,0,0.3575,Low,0.0003,5.0,2.0,2.0,Standard,Standard retention nurture
139139,0.9999,1,1,0.2198,Critical,0.2198,7024.0,2107.0,1607.0,Basic,Relationship manager follow-up
139140,0.0833,0,0,0.6916,Low,0.0576,3050.0,915.0,915.0,Premium,Standard retention nurture
139141,0.0,0,0,0.4506,Low,0.0,0.0,0.0,0.0,Standard,Standard retention nurture
139142,0.9995,1,1,0.2424,Critical,0.2423,5937.0,1781.0,1281.0,Basic,Relationship manager follow-up
139143,0.0006,0,0,0.8142,Low,0.0005,18.0,5.0,5.0,Elite,Standard retention nurture
139144,0.0,0,0,0.1695,Low,0.0,0.0,0.0,0.0,Basic,Standard retention nurture
139145,1.0,1,1,0.1261,Critical,0.1261,4615.0,1384.0,884.0,Basic,Relationship manager follow-up
139146,0.9978,1,1,0.1459,Critical,0.1456,4952.0,1486.0,986.0,Basic,Relationship manager follow-up
139147,0.9999,1,1,0.267,Critical,0.267,9937.0,2981.0,2481.0,Standard,Relationship manager follow-up
139148,0.0001,0,0,0.3623,Low,0.0,1.0,0.0,0.0,Standard,Standard retention nurture
139149,0.0,0,0,0.1925,Low,0.0,0.0,0.0,0.0,Basic,Standard retention nurture
139150,0.0,0,0,0.2727,Low,0.0,0.0,0.0,0.0,Standard,Standard retention nurture
139151,0.0,0,0,0.2647,Low,0.0,0.0,0.0,0.0,Standard,Standard retention nurture
139152,0.9995,1,1,0.5138,Critical,0.5135,15145.0,4544.0,4044.0,Premium,Relationship manager follow-up
139153,0.0,0,0,0.7817,Low,0.0,0.0,0.0,0.0,Elite,Standard retention nurture
139154,0.0,0,0,0.2262,Low,0.0,0.0,0.0,0.0,Basic,Standard retention nurture
139155,0.0005,0,0,0.4478,Low,0.0002,9.0,3.0,3.0,Standard,Standard retention nurture
139156,0.0003,0,0,0.0897,Low,0.0,0.0,0.0,0.0,Basic,Standard retention nurture
139157,0.0,0,0,0.1699,Low,0.0,0.0,0.0,0.0,Basic,Standard retention nurture
139158,0.0,0,0,0.3389,Low,0.0,0.0,0.0,0.0,Standard,Standard retention nurture
139159,0.0002,0,0,0.2636,Low,0.0001,3.0,1.0,1.0,Standard,Standard retention nurture
139160,0.0,0,0,0.4372,Low,0.0,0.0,0.0,0.0,Standard,Standard retention nurture
139161,0.0,0,0,0.2617,Low,0.0,0.0,0.0,0.0,Standard,Standard retention nurture
139162,0.0,0,0,0.2761,Low,0.0,0.0,0.0,0.0,Standard,Standard retention nurture
139163,0.0,0,0,0.414,Low,0.0,0.0,0.0,0.0,Standard,Standard retention nurture
139164,0.0,0,0,0.4017,Low,0.0,0.0,0.0,0.0,Standard,Standard retention nurture
139165,0.9765,1,1,0.4623,Critical,0.4514,12596.0,3779.0,3279.0,Standard,Relationship manager follow-up
139166,0.0,0,0,0.5669,Low,0.0,0.0,0.0,0.0,Premium,Standard retention nurture
139167,0.0,0,0,0.7835,Low,0.0,0.0,0.0,0.0,Elite,Standard retention nurture
139168,0.0,0,0,0.3702,Low,0.0,0.0,0.0,0.0,Standard,Standard retention nurture
139169,1.0,1,1,0.1528,Critical,0.1528,3788.0,1136.0,636.0,Basic,Relationship manager follow-up
139170,0.9998,1,1,0.126,Critical,0.126,3992.0,1198.0,698.0,Basic,Relationship manager follow-up
139171,0.0,0,0,0.3827,Low,0.0,0.0,0.0,0.0,Standard,Standard retention nurture
139172,0.0096,0,0,0.4561,Low,0.0044,155.0,46.0,46.0,Standard,Standard retention nurture
139173,0.0,0,0,0.556,Low,0.0,0.0,0.0,0.0,Premium,Standard retention nurture
139174,0.0,0,0,0.1247,Low,0.0,0.0,0.0,0.0,Basic,Standard retention nurture
139175,0.9999,1,1,0.4157,Critical,0.4157,15719.0,4716.0,4216.0,Standard,Relationship manager follow-up
139176,0.9976,1,1,0.1285,Critical,0.1282,4908.0,1472.0,972.0,Basic,Relationship manager follow-up
139177,1.0,1,1,0.2457,Critical,0.2457,5105.0,1532.0,1032.0,Basic,Relationship manager follow-up
139178,0.0,0,0,0.5307,Low,0.0,0.0,0.0,0.0,Premium,Standard retention nurture
139179,0.0,0,0,0.2854,Low,0.0,0.0,0.0,0.0,Standard,Standard retention nurture
139180,0.0002,0,0,0.0962,Low,0.0,1.0,0.0,0.0,Basic,Standard retention nurture
139181,0.0,0,0,0.3623,Low,0.0,0.0,0.0,0.0,Standard,Standard retention nurture
139182,0.0043,0,0,0.4839,Low,0.0021,62.0,19.0,19.0,Standard,Standard retention nurture
139183,0.0031,0,0,0.436,Low,0.0014,26.0,8.0,8.0,Standard,Standard retention nurture
139184,0.0,0,0,0.2979,Low,0.0,0.0,0.0,0.0,Standard,Standard retention nurture
139185,0.0,0,0,0.5305,Low,0.0,0.0,0.0,0.0,Premium,Standard retention nurture
139186,1.0,1,1,0.1139,Critical,0.1139,4749.0,1425.0,925.0,Basic,Relationship manager follow-up
139187,0.0,0,0,0.6287,Low,0.0,0.0,0.0,0.0,Premium,Standard retention nurture
139188,0.0001,0,0,0.2345,Low,0.0,1.0,0.0,0.0,Basic,Standard retention nurture
139189,0.0001,0,0,0.4156,Low,0.0,2.0,1.0,1.0,Standard,Standard retention nurture
139190,0.0,0,0,0.4177,Low,0.0,0.0,0.0,0.0,Standard,Standard retention nurture
139191,0.0,0,0,0.6003,Low,0.0,0.0,0.0,0.0,Premium,Standard retention nurture
139192,0.0,0,0,0.3009,Low,0.0,0.0,0.0,0.0,Standard,Standard retention nurture
139193,0.0,0,0,0.7402,Low,0.0,0.0,0.0,0.0,Premium,Standard retention nurture
139194,0.0015,0,0,0.8416,Low,0.0013,55.0,16.0,16.0,Elite,Standard retention nurture
139195,0.0,0,0,0.2747,Low,0.0,0.0,0.0,0.0,Standard,Standard retention nurture
139196,1.0,1,1,0.1378,Critical,0.1378,2942.0,883.0,383.0,Basic,Relationship manager follow-up
139197,0.0,0,0,0.772,Low,0.0,0.0,0.0,0.0,Elite,Standard retention nurture
139198,0.0001,0,0,0.3215,Low,0.0,1.0,0.0,0.0,Standard,Standard retention nurture
139199,0.0,0,0,0.5266,Low,0.0,0.0,0.0,0.0,Premium,Standard retention nurture
139200,0.0,0,0,0.2159,Low,0.0,0.0,0.0,0.0,Basic,Standard retention nurture
139201,0.0008,0,0,0.2001,Low,0.0002,8.0,2.0,2.0,Basic,Standard retention nurture
139202,0.0,0,0,0.2226,Low,0.0,0.0,0.0,0.0,Basic,Standard retention nurture
139203,0.0,0,0,0.2562,Low,0.0,0.0,0.0,0.0,Standard,Standard retention nurture
139204,0.0,0,0,0.6617,Low,0.0,0.0,0.0,0.0,Premium,Standard retention nurture
139205,0.999,1,1,0.1313,Critical,0.1312,4698.0,1409.0,909.0,Basic,Relationship manager follow-up
139206,0.0,0,0,0.5482,Low,0.0,0.0,0.0,0.0,Premium,Standard retention nurture
139207,0.0,0,0,0.348,Low,0.0,0.0,0.0,0.0,Standard,Standard retention nurture
139208,0.0,0,0,0.4159,Low,0.0,0.0,0.0,0.0,Standard,Standard retention nurture
139209,0.0,0,0,0.417,Low,0.0,0.0,0.0,0.0,Standard,Standard retention nurture
139210,0.9854,1,1,0.1647,Critical,0.1623,4716.0,1415.0,915.0,Basic,Relationship manager follow-up
139211,0.0,0,0,0.5404,Low,0.0,0.0,0.0,0.0,Premium,Standard retention nurture
139212,0.4023,1,0,0.2336,Medium,0.094,3524.0,1057.0,557.0,Basic,Relationship manager follow-up
139213,0.9995,1,1,0.2254,Critical,0.2253,6209.0,1863.0,1363.0,Basic,Relationship manager follow-up
139214,0.0,0,0,0.7314,Low,0.0,0.0,0.0,0.0,Premium,Standard retention nurture
139215,0.8361,1,1,0.3382,Critical,0.2828,11744.0,3523.0,3023.0,Standard,Relationship manager follow-up
139216,0.9386,1,1,0.1783,Critical,0.1674,2774.0,832.0,332.0,Basic,Relationship manager follow-up
139217,0.0003,0,0,0.6386,Low,0.0002,8.0,2.0,2.0,Premium,Standard retention nurture
139218,0.0,0,0,0.6578,Low,0.0,0.0,0.0,0.0,Premium,Standard retention nurture
139219,0.0,0,0,0.8685,Low,0.0,0.0,0.0,0.0,Elite,Standard retention nurture
139220,0.9996,1,1,0.1114,Critical,0.1114,3651.0,1095.0,595.0,Basic,Relationship manager follow-up
139221,0.0001,0,0,0.3465,Low,0.0,1.0,0.0,0.0,Standard,Standard retention nurture
139222,0.0001,0,0,0.4541,Low,0.0,1.0,0.0,0.0,Standard,Standard retention nurture
139223,0.0,0,0,0.3533,Low,0.0,0.0,0.0,0.0,Standard,Standard retention nurture
139224,0.0,0,0,0.4616,Low,0.0,0.0,0.0,0.0,Standard,Standard retention nurture
139225,0.0003,0,0,0.5071,Low,0.0002,5.0,2.0,2.0,Premium,Standard retention nurture
139226,0.9999,1,1,0.2161,Critical,0.2161,8215.0,2464.0,1964.0,Basic,Relationship manager follow-up
139227,0.9995,1,1,0.2673,Critical,0.2672,6489.0,1947.0,1447.0,Standard,Relationship manager follow-up
139228,0.0,0,0,0.3025,Low,0.0,0.0,0.0,0.0,Standard,Standard retention nurture
139229,0.0,0,0,0.2373,Low,0.0,0.0,0.0,0.0,Basic,Standard retention nurture
139230,0.0001,0,0,0.3887,Low,0.0,2.0,1.0,1.0,Standard,Standard retention nurture
139231,0.0002,0,0,0.4509,Low,0.0001,4.0,1.0,1.0,Standard,Standard retention nurture
139232,0.0001,0,0,0.1211,Low,0.0,0.0,0.0,0.0,Basic,Standard retention nurture
139233,0.0,0,0,0.4519,Low,0.0,0.0,0.0,0.0,Standard,Standard retention nurture
139234,0.0,0,0,0.3016,Low,0.0,0.0,0.0,0.0,Standard,Standard retention nurture
139235,0.9999,1,1,0.1612,Critical,0.1612,5493.0,1648.0,1148.0,Basic,Relationship manager follow-up
139236,0.0,0,0,0.5307,Low,0.0,0.0,0.0,0.0,Premium,Standard retention nurture
139237,0.0,0,0,0.1187,Low,0.0,0.0,0.0,0.0,Basic,Standard retention nurture
139238,0.0,0,0,0.5355,Low,0.0,0.0,0.0,0.0,Premium,Standard retention nurture
139239,0.9969,1,1,0.1849,Critical,0.1843,7730.0,2319.0,1819.0,Basic,Relationship manager follow-up
139240,0.0085,0,0,0.2529,Low,0.0021,88.0,26.0,26.0,Standard,Standard retention nurture
139241,0.0,0,0,0.3481,Low,0.0,0.0,0.0,0.0,Standard,Standard retention nurture
139242,0.0001,0,0,0.2281,Low,0.0,0.0,0.0,0.0,Basic,Standard retention nurture
139243,0.0005,0,0,0.4698,Low,0.0002,7.0,2.0,2.0,Standard,Standard retention nurture
139244,0.0009,0,0,0.1201,Low,0.0001,5.0,2.0,2.0,Basic,Standard retention nurture
139245,0.0003,0,0,0.3231,Low,0.0001,2.0,1.0,1.0,Standard,Standard retention nurture
139246,0.0,0,0,0.685,Low,0.0,0.0,0.0,0.0,Premium,Standard retention nurture
139247,1.0,1,1,0.2039,Critical,0.2039,4241.0,1272.0,772.0,Basic,Relationship manager follow-up
139248,0.9225,1,1,0.1811,Critical,0.1671,6850.0,2055.0,1555.0,Basic,Relationship manager follow-up
139249,0.0182,0,0,0.2062,Low,0.0038,72.0,22.0,22.0,Basic,Standard retention nurture
139250,1.0,1,1,0.2036,Critical,0.2036,7169.0,2151.0,1651.0,Basic,Relationship manager follow-up
139251,0.0033,0,0,0.2526,Low,0.0008,18.0,5.0,5.0,Standard,Standard retention nurture
139252,0.9999,1,1,0.0602,Critical,0.0602,1207.0,362.0,-138.0,Basic,Relationship manager follow-up
139253,0.0,0,0,0.4411,Low,0.0,0.0,0.0,0.0,Standard,Standard retention nurture
139254,0.0,0,0,0.7798,Low,0.0,0.0,0.0,0.0,Elite,Standard retention nurture
139255,0.0,0,0,0.4374,Low,0.0,0.0,0.0,0.0,Standard,Standard retention nurture
139256,0.9986,1,1,0.2045,Critical,0.2042,7883.0,2365.0,1865.0,Basic,Relationship manager follow-up
139257,0.0001,0,0,0.6112,Low,0.0001,3.0,1.0,1.0,Premium,Standard retention nurture
139258,0.0259,0,0,0.2901,Low,0.0075,245.0,74.0,74.0,Standard,Standard retention nurture
139259,0.0002,0,0,0.6859,Low,0.0001,7.0,2.0,2.0,Premium,Standard retention nurture
139260,1.0,1,1,0.2506,Critical,0.2506,8361.0,2508.0,2008.0,Standard,Relationship manager follow-up
139261,0.0,0,0,0.5493,Low,0.0,0.0,0.0,0.0,Premium,Standard retention nurture
139262,0.0,0,0,0.2818,Low,0.0,0.0,0.0,0.0,Standard,Standard retention nurture
139263,0.0,0,0,0.2127,Low,0.0,0.0,0.0,0.0,Basic,Standard retention nurture
139264,0.0164,0,0,0.3425,Low,0.0056,242.0,73.0,73.0,Standard,Standard retention nurture
139265,0.0,0,0,0.2909,Low,0.0,0.0,0.0,0.0,Standard,Standard retention nurture
139266,0.0007,0,0,0.3365,Low,0.0002,8.0,2.0,2.0,Standard,Standard retention nurture
139267,0.0,0,0,0.3334,Low,0.0,0.0,0.0,0.0,Standard,Standard retention nurture
139268,0.0033,0,0,0.5389,Low,0.0018,64.0,19.0,19.0,Premium,Standard retention nurture
139269,1.0,1,1,0.1676,Critical,0.1676,2975.0,892.0,392.0,Basic,Relationship manager follow-up
139270,0.0,0,0,0.2838,Low,0.0,0.0,0.0,0.0,Standard,Standard retention nurture
139271,0.9991,1,1,0.2139,Critical,0.2137,4348.0,1304.0,804.0,Basic,Relationship manager follow-up
139272,0.0,0,0,0.5646,Low,0.0,0.0,0.0,0.0,Premium,Standard retention nurture
139273,0.0,0,0,0.379,Low,0.0,0.0,0.0,0.0,Standard,Standard retention nurture
139274,0.002,0,0,0.2582,Low,0.0005,21.0,6.0,6.0,Standard,Standard retention nurture
139275,0.0001,0,0,0.1539,Low,0.0,1.0,0.0,0.0,Basic,Standard retention nurture
139276,0.0001,0,0,0.5722,Low,0.0001,2.0,1.0,1.0,Premium,Standard retention nurture
139277,0.0,0,0,0.46,Low,0.0,0.0,0.0,0.0,Standard,Standard retention nurture
139278,0.0,0,0,0.231,Low,0.0,0.0,0.0,0.0,Basic,Standard retention nurture
139279,0.0002,0,0,0.4879,Low,0.0001,3.0,1.0,1.0,Standard,Standard retention nurture
139280,1.0,1,1,0.1815,Critical,0.1815,6586.0,1976.0,1476.0,Basic,Relationship manager follow-up
139281,0.9999,1,1,0.2089,Critical,0.2089,8181.0,2454.0,1954.0,Basic,Relationship manager follow-up
139282,1.0,1,1,0.1505,Critical,0.1505,5523.0,1657.0,1157.0,Basic,Relationship manager follow-up
139283,0.0,0,0,0.8701,Low,0.0,0.0,0.0,0.0,Elite,Standard retention nurture
139284,0.0,0,0,0.3994,Low,0.0,0.0,0.0,0.0,Standard,Standard retention nurture
139285,0.9999,1,1,0.3662,Critical,0.3662,13919.0,4176.0,3676.0,Standard,Relationship manager follow-up
139286,0.0,0,0,0.2609,Low,0.0,0.0,0.0,0.0,Standard,Standard retention nurture
139287,0.0001,0,0,0.1495,Low,0.0,1.0,0.0,0.0,Basic,Standard retention nurture
139288,0.999,1,1,0.389,Critical,0.3886,12039.0,3612.0,3112.0,Standard,Relationship manager follow-up
139289,0.0001,0,0,0.2992,Low,0.0,1.0,0.0,0.0,Standard,Standard retention nurture
139290,0.0,0,0,0.5245,Low,0.0,0.0,0.0,0.0,Premium,Standard retention nurture
139291,0.0,0,0,0.2055,Low,0.0,0.0,0.0,0.0,Basic,Standard retention nurture
139292,0.0,0,0,0.294,Low,0.0,0.0,0.0,0.0,Standard,Standard retention nurture
139293,0.0001,0,0,0.4478,Low,0.0,2.0,1.0,1.0,Standard,Standard retention nurture
139294,0.0,0,0,0.5708,Low,0.0,0.0,0.0,0.0,Premium,Standard retention nurture
139295,0.0523,0,0,0.1373,Low,0.0072,360.0,108.0,108.0,Basic,Standard retention nurture
139296,0.0023,0,0,0.6262,Low,0.0014,60.0,18.0,18.0,Premium,Standard retention nurture
139297,0.0012,0,0,0.3735,Low,0.0004,16.0,5.0,5.0,Standard,Standard retention nurture
139298,0.0001,0,0,0.2545,Low,0.0,0.0,0.0,0.0,Standard,Standard retention nurture
139299,0.0,0,0,0.2924,Low,0.0,0.0,0.0,0.0,Standard,Standard retention nurture
139300,0.0,0,0,0.1086,Low,0.0,0.0,0.0,0.0,Basic,Standard retention nurture
139301,1.0,1,1,0.7217,Critical,0.7217,30292.0,9088.0,8588.0,Premium,Relationship manager follow-up
139302,0.0,0,0,0.6882,Low,0.0,0.0,0.0,0.0,Premium,Standard retention nurture
139303,0.0,0,0,0.6635,Low,0.0,0.0,0.0,0.0,Premium,Standard retention nurture
139304,0.0002,0,0,0.5435,Low,0.0001,3.0,1.0,1.0,Premium,Standard retention nurture
139305,0.0001,0,0,0.2954,Low,0.0,1.0,0.0,0.0,Standard,Standard retention nurture
139306,0.0,0,0,0.6922,Low,0.0,0.0,0.0,0.0,Premium,Standard retention nurture
139307,0.0001,0,0,0.2806,Low,0.0,1.0,0.0,0.0,Standard,Standard retention nurture
139308,0.0014,0,0,0.3646,Low,0.0005,14.0,4.0,4.0,Standard,Standard retention nurture
139309,0.0,0,0,0.3717,Low,0.0,0.0,0.0,0.0,Standard,Standard retention nurture
139310,0.0,0,0,0.3167,Low,0.0,0.0,0.0,0.0,Standard,Standard retention nurture
139311,0.0,0,0,0.2651,Low,0.0,0.0,0.0,0.0,Standard,Standard retention nurture
139312,0.0046,0,0,0.5802,Low,0.0027,96.0,29.0,29.0,Premium,Standard retention nurture
139313,0.0004,0,0,0.4134,Low,0.0002,7.0,2.0,2.0,Standard,Standard retention nurture
139314,0.0,0,0,0.4539,Low,0.0,0.0,0.0,0.0,Standard,Standard retention nurture
139315,0.0,0,0,0.1684,Low,0.0,0.0,0.0,0.0,Basic,Standard retention nurture
139316,0.0,0,0,0.5452,Low,0.0,0.0,0.0,0.0,Premium,Standard retention nurture
139317,1.0,1,1,0.2025,Critical,0.2025,4988.0,1496.0,996.0,Basic,Relationship manager follow-up
139318,0.0022,0,0,0.2144,Low,0.0005,14.0,4.0,4.0,Basic,Standard retention nurture
139319,0.9911,1,1,0.2977,Critical,0.2951,10048.0,3014.0,2514.0,Standard,Relationship manager follow-up
139320,0.0001,0,0,0.1434,Low,0.0,0.0,0.0,0.0,Basic,Standard retention nurture
139321,0.0,0,0,0.1368,Low,0.0,0.0,0.0,0.0,Basic,Standard retention nurture
139322,0.0,0,0,0.2889,Low,0.0,0.0,0.0,0.0,Standard,Standard retention nurture
139323,0.9996,1,1,0.1192,Critical,0.1192,4524.0,1357.0,857.0,Basic,Relationship manager follow-up
139324,0.0001,0,0,0.4879,Low,0.0,1.0,0.0,0.0,Standard,Standard retention nurture
139325,0.0,0,0,0.3625,Low,0.0,0.0,0.0,0.0,Standard,Standard retention nurture
139326,0.0,0,0,0.4091,Low,0.0,0.0,0.0,0.0,Standard,Standard retention nurture
139327,0.0,0,0,0.2448,Low,0.0,0.0,0.0,0.0,Basic,Standard retention nurture
139328,0.0,0,0,0.2909,Low,0.0,0.0,0.0,0.0,Standard,Standard retention nurture
139329,0.0,0,0,0.5903,Low,0.0,0.0,0.0,0.0,Premium,Standard retention nurture
139330,0.0,0,0,0.4858,Low,0.0,0.0,0.0,0.0,Standard,Standard retention nurture
139331,0.9749,1,1,0.2911,Critical,0.2838,11401.0,3420.0,2920.0,Standard,Relationship manager follow-up
139332,0.0002,0,0,0.5009,Low,0.0001,6.0,2.0,2.0,Premium,Standard retention nurture
139333,0.9914,1,1,0.2124,Critical,0.2106,2359.0,708.0,208.0,Basic,Relationship manager follow-up
139334,0.0,0,0,0.2693,Low,0.0,0.0,0.0,0.0,Standard,Standard retention nurture
139335,0.0001,0,0,0.8251,Low,0.0001,4.0,1.0,1.0,Elite,Standard retention nurture
139336,0.0003,0,0,0.4846,Low,0.0001,8.0,2.0,2.0,Standard,Standard retention nurture
139337,0.0,0,0,0.3816,Low,0.0,0.0,0.0,0.0,Standard,Standard retention nurture
139338,0.0001,0,0,0.2231,Low,0.0,1.0,0.0,0.0,Basic,Standard retention nurture
139339,0.0,0,0,0.4349,Low,0.0,0.0,0.0,0.0,Standard,Standard retention nurture
139340,0.0006,0,0,0.4617,Low,0.0003,9.0,3.0,3.0,Standard,Standard retention nurture
139341,0.0,0,0,0.5478,Low,0.0,0.0,0.0,0.0,Premium,Standard retention nurture
139342,0.0,0,0,0.6042,Low,0.0,0.0,0.0,0.0,Premium,Standard retention nurture
139343,0.0,0,0,0.3508,Low,0.0,0.0,0.0,0.0,Standard,Standard retention nurture
139344,0.0002,0,0,0.196,Low,0.0,1.0,0.0,0.0,Basic,Standard retention nurture
139345,0.999,1,1,0.1791,Critical,0.1789,7895.0,2368.0,1868.0,Basic,Relationship manager follow-up
139346,0.0,0,0,0.2852,Low,0.0,0.0,0.0,0.0,Standard,Standard retention nurture
139347,0.0001,0,0,0.3002,Low,0.0,1.0,0.0,0.0,Standard,Standard retention nurture
139348,0.0,0,0,0.5291,Low,0.0,0.0,0.0,0.0,Premium,Standard retention nurture
139349,0.0,0,0,0.5002,Low,0.0,0.0,0.0,0.0,Premium,Standard retention nurture
139350,0.0,0,0,0.2359,Low,0.0,0.0,0.0,0.0,Basic,Standard retention nurture
139351,0.0,0,0,0.5314,Low,0.0,0.0,0.0,0.0,Premium,Standard retention nurture
139352,0.1712,1,0,0.4194,Low,0.0718,2547.0,764.0,264.0,Standard,Relationship manager follow-up
139353,0.0,0,0,0.7496,Low,0.0,0.0,0.0,0.0,Premium,Standard retention nurture
139354,0.0,0,0,0.3917,Low,0.0,0.0,0.0,0.0,Standard,Standard retention nurture
139355,0.0,0,0,0.4122,Low,0.0,0.0,0.0,0.0,Standard,Standard retention nurture
139356,0.0,0,0,0.2198,Low,0.0,0.0,0.0,0.0,Basic,Standard retention nurture
139357,0.0,0,0,0.4868,Low,0.0,0.0,0.0,0.0,Standard,Standard retention nurture
139358,0.003,0,0,0.5754,Low,0.0017,84.0,25.0,25.0,Premium,Standard retention nurture
139359,0.0005,0,0,0.2173,Low,0.0001,3.0,1.0,1.0,Basic,Standard retention nurture
139360,0.0,0,0,0.6127,Low,0.0,0.0,0.0,0.0,Premium,Standard retention nurture
139361,0.0,0,0,0.4338,Low,0.0,0.0,0.0,0.0,Standard,Standard retention nurture
139362,0.0,0,0,0.2494,Low,0.0,0.0,0.0,0.0,Basic,Standard retention nurture
139363,0.0,0,0,0.2547,Low,0.0,0.0,0.0,0.0,Standard,Standard retention nurture
139364,0.0,0,0,0.2894,Low,0.0,0.0,0.0,0.0,Standard,Standard retention nurture
139365,0.0,0,0,0.1986,Low,0.0,0.0,0.0,0.0,Basic,Standard retention nurture
139366,0.0,0,0,0.5058,Low,0.0,0.0,0.0,0.0,Premium,Standard retention nurture
139367,0.0001,0,0,0.2359,Low,0.0,1.0,0.0,0.0,Basic,Standard retention nurture
139368,0.0,0,0,0.5368,Low,0.0,0.0,0.0,0.0,Premium,Standard retention nurture
139369,0.9867,1,1,0.2331,Critical,0.23,8192.0,2458.0,1958.0,Basic,Relationship manager follow-up
139370,0.0,0,0,0.3818,Low,0.0,0.0,0.0,0.0,Standard,Standard retention nurture
139371,0.0001,0,0,0.2422,Low,0.0,0.0,0.0,0.0,Basic,Standard retention nurture
139372,0.0,0,0,0.5768,Low,0.0,0.0,0.0,0.0,Premium,Standard retention nurture
139373,0.0001,0,0,0.3402,Low,0.0,1.0,0.0,0.0,Standard,Standard retention nurture
139374,0.0,0,0,0.5589,Low,0.0,0.0,0.0,0.0,Premium,Standard retention nurture
139375,0.0001,0,0,0.5039,Low,0.0001,1.0,0.0,0.0,Premium,Standard retention nurture
139376,0.0,0,0,0.276,Low,0.0,0.0,0.0,0.0,Standard,Standard retention nurture
139377,0.0,0,0,0.584,Low,0.0,0.0,0.0,0.0,Premium,Standard retention nurture
139378,0.0017,0,0,0.1568,Low,0.0003,10.0,3.0,3.0,Basic,Standard retention nurture
139379,0.9999,1,1,0.2191,Critical,0.2191,3503.0,1051.0,551.0,Basic,Relationship manager follow-up
139380,0.0,0,0,0.156,Low,0.0,0.0,0.0,0.0,Basic,Standard retention nurture
139381,0.0,0,0,0.3464,Low,0.0,0.0,0.0,0.0,Standard,Standard retention nurture
139382,0.0003,0,0,0.2556,Low,0.0001,1.0,0.0,0.0,Standard,Standard retention nurture
139383,0.0001,0,0,0.748,Low,0.0001,3.0,1.0,1.0,Premium,Standard retention nurture
139384,0.0,0,0,0.3259,Low,0.0,0.0,0.0,0.0,Standard,Standard retention nurture
139385,0.0022,0,0,0.1972,Low,0.0004,21.0,6.0,6.0,Basic,Standard retention nurture
139386,0.0,0,0,0.4601,Low,0.0,0.0,0.0,0.0,Standard,Standard retention nurture
139387,0.0,0,0,0.7204,Low,0.0,0.0,0.0,0.0,Premium,Standard retention nurture
139388,0.0,0,0,0.4875,Low,0.0,0.0,0.0,0.0,Standard,Standard retention nurture
139389,0.9956,1,1,0.2536,Critical,0.2525,8460.0,2538.0,2038.0,Standard,Relationship manager follow-up
139390,0.0049,0,0,0.4638,Low,0.0023,86.0,26.0,26.0,Standard,Standard retention nurture
139391,0.0,0,0,0.6954,Low,0.0,0.0,0.0,0.0,Premium,Standard retention nurture
139392,0.0,0,0,0.2704,Low,0.0,0.0,0.0,0.0,Standard,Standard retention nurture
139393,1.0,1,1,0.1377,Critical,0.1377,7118.0,2135.0,1635.0,Basic,Relationship manager follow-up
139394,0.0,0,0,0.4318,Low,0.0,0.0,0.0,0.0,Standard,Standard retention nurture
139395,0.0,0,0,0.507,Low,0.0,0.0,0.0,0.0,Premium,Standard retention nurture
139396,0.0001,0,0,0.2956,Low,0.0,1.0,0.0,0.0,Standard,Standard retention nurture
139397,0.0,0,0,0.4708,Low,0.0,0.0,0.0,0.0,Standard,Standard retention nurture
139398,0.0,0,0,0.0976,Low,0.0,0.0,0.0,0.0,Basic,Standard retention nurture
139399,0.0,0,0,0.6168,Low,0.0,0.0,0.0,0.0,Premium,Standard retention nurture
139400,0.0,0,0,0.3579,Low,0.0,0.0,0.0,0.0,Standard,Standard retention nurture
139401,0.0,0,0,0.5041,Low,0.0,0.0,0.0,0.0,Premium,Standard retention nurture
139402,0.0,0,0,0.7925,Low,0.0,0.0,0.0,0.0,Elite,Standard retention nurture
139403,0.0001,0,0,0.4353,Low,0.0,1.0,0.0,0.0,Standard,Standard retention nurture
139404,0.0003,0,0,0.2875,Low,0.0001,2.0,1.0,1.0,Standard,Standard retention nurture
139405,0.0021,0,0,0.4595,Low,0.001,38.0,11.0,11.0,Standard,Standard retention nurture
139406,0.0027,0,0,0.2731,Low,0.0007,15.0,4.0,4.0,Standard,Standard retention nurture
139407,0.0012,0,0,0.3242,Low,0.0004,8.0,2.0,2.0,Standard,Standard retention nurture
139408,0.0052,0,0,0.5553,Low,0.0029,125.0,38.0,38.0,Premium,Standard retention nurture
139409,0.0,0,0,0.265,Low,0.0,0.0,0.0,0.0,Standard,Standard retention nurture
139410,0.0002,0,0,0.1486,Low,0.0,1.0,0.0,0.0,Basic,Standard retention nurture
139411,0.0,0,0,0.7369,Low,0.0,0.0,0.0,0.0,Premium,Standard retention nurture
139412,0.0,0,0,0.8362,Low,0.0,0.0,0.0,0.0,Elite,Standard retention nurture
139413,0.0,0,0,0.5857,Low,0.0,0.0,0.0,0.0,Premium,Standard retention nurture
139414,1.0,1,1,0.2016,Critical,0.2016,4685.0,1406.0,906.0,Basic,Relationship manager follow-up
139415,0.0,0,0,0.2647,Low,0.0,0.0,0.0,0.0,Standard,Standard retention nurture
139416,0.0,0,0,0.2849,Low,0.0,0.0,0.0,0.0,Standard,Standard retention nurture
139417,0.0001,0,0,0.5459,Low,0.0001,2.0,1.0,1.0,Premium,Standard retention nurture
139418,0.0,0,0,0.4857,Low,0.0,0.0,0.0,0.0,Standard,Standard retention nurture
139419,1.0,1,1,0.1263,Critical,0.1263,3352.0,1006.0,506.0,Basic,Relationship manager follow-up
139420,0.0,0,0,0.2153,Low,0.0,0.0,0.0,0.0,Basic,Standard retention nurture
139421,0.0001,0,0,0.4837,Low,0.0,1.0,0.0,0.0,Standard,Standard retention nurture
139422,0.0,0,0,0.806,Low,0.0,0.0,0.0,0.0,Elite,Standard retention nurture
139423,0.9997,1,1,0.1823,Critical,0.1822,1896.0,569.0,69.0,Basic,Relationship manager follow-up
139424,0.0064,0,0,0.1545,Low,0.001,37.0,11.0,11.0,Basic,Standard retention nurture
139425,0.0,0,0,0.3839,Low,0.0,0.0,0.0,0.0,Standard,Standard retention nurture
139426,0.0004,0,0,0.2772,Low,0.0001,1.0,0.0,0.0,Standard,Standard retention nurture
139427,0.0,0,0,0.2201,Low,0.0,0.0,0.0,0.0,Basic,Standard retention nurture
139428,0.0048,0,0,0.2904,Low,0.0014,36.0,11.0,11.0,Standard,Standard retention nurture
139429,0.0206,0,0,0.7492,Low,0.0154,754.0,226.0,226.0,Premium,Standard retention nurture
139430,0.0,0,0,0.7478,Low,0.0,0.0,0.0,0.0,Premium,Standard retention nurture
139431,0.9999,1,1,0.0664,Critical,0.0664,4641.0,1392.0,892.0,Basic,Relationship manager follow-up
139432,0.0004,0,0,0.1776,Low,0.0001,1.0,0.0,0.0,Basic,Standard retention nurture
139433,0.0,0,0,0.9187,Low,0.0,0.0,0.0,0.0,Elite,Standard retention nurture
139434,0.0,0,0,0.3198,Low,0.0,0.0,0.0,0.0,Standard,Standard retention nurture
139435,0.0,0,0,0.354,Low,0.0,0.0,0.0,0.0,Standard,Standard retention nurture
139436,0.0,0,0,0.433,Low,0.0,0.0,0.0,0.0,Standard,Standard retention nurture
139437,0.0004,0,0,0.3245,Low,0.0001,4.0,1.0,1.0,Standard,Standard retention nurture
139438,0.9948,1,1,0.1433,Critical,0.1426,4732.0,1420.0,920.0,Basic,Relationship manager follow-up
139439,0.0,0,0,0.5338,Low,0.0,0.0,0.0,0.0,Premium,Standard retention nurture
139440,0.9999,1,1,0.1553,Critical,0.1553,3028.0,908.0,408.0,Basic,Relationship manager follow-up
139441,0.0,0,0,0.1146,Low,0.0,0.0,0.0,0.0,Basic,Standard retention nurture
139442,0.0082,0,0,0.7596,Low,0.0062,269.0,81.0,81.0,Elite,Standard retention nurture
139443,0.0,0,0,0.4562,Low,0.0,0.0,0.0,0.0,Standard,Standard retention nurture
139444,0.0,0,0,0.3091,Low,0.0,0.0,0.0,0.0,Standard,Standard retention nurture
139445,0.0036,0,0,0.3203,Low,0.0012,66.0,20.0,20.0,Standard,Standard retention nurture
139446,0.0,0,0,0.3963,Low,0.0,0.0,0.0,0.0,Standard,Standard retention nurture
139447,0.0,0,0,0.4006,Low,0.0,0.0,0.0,0.0,Standard,Standard retention nurture
139448,0.0003,0,0,0.1873,Low,0.0001,2.0,1.0,1.0,Basic,Standard retention nurture
139449,1.0,1,1,0.0953,Critical,0.0953,2573.0,772.0,272.0,Basic,Relationship manager follow-up
139450,0.0,0,0,0.386,Low,0.0,0.0,0.0,0.0,Standard,Standard retention nurture
139451,0.9999,1,1,0.0908,Critical,0.0908,4126.0,1238.0,738.0,Basic,Relationship manager follow-up
139452,0.0006,0,0,0.4599,Low,0.0003,13.0,4.0,4.0,Standard,Standard retention nurture
139453,0.0455,0,0,0.2807,Low,0.0128,246.0,74.0,74.0,Standard,Standard retention nurture
139454,0.0,0,0,0.4307,Low,0.0,0.0,0.0,0.0,Standard,Standard retention nurture
139455,0.9986,1,1,0.2239,Critical,0.2236,4143.0,1243.0,743.0,Basic,Relationship manager follow-up
139456,0.0,0,0,0.5248,Low,0.0,0.0,0.0,0.0,Premium,Standard retention nurture
139457,0.9999,1,1,0.1428,Critical,0.1428,2896.0,869.0,369.0,Basic,Relationship manager follow-up
139458,0.0,0,0,0.1915,Low,0.0,0.0,0.0,0.0,Basic,Standard retention nurture
139459,0.0,0,0,0.4384,Low,0.0,0.0,0.0,0.0,Standard,Standard retention nurture
139460,0.0003,0,0,0.5313,Low,0.0002,7.0,2.0,2.0,Premium,Standard retention nurture
139461,0.0,0,0,0.3141,Low,0.0,0.0,0.0,0.0,Standard,Standard retention nurture
139462,0.0003,0,0,0.4014,Low,0.0001,5.0,2.0,2.0,Standard,Standard retention nurture
139463,0.0,0,0,0.3003,Low,0.0,0.0,0.0,0.0,Standard,Standard retention nurture
139464,0.0028,0,0,0.1693,Low,0.0005,14.0,4.0,4.0,Basic,Standard retention nurture
139465,0.0,0,0,0.6338,Low,0.0,0.0,0.0,0.0,Premium,Standard retention nurture
139466,0.0792,0,0,0.2051,Low,0.0162,362.0,109.0,109.0,Basic,Standard retention nurture
139467,0.0,0,0,0.1891,Low,0.0,0.0,0.0,0.0,Basic,Standard retention nurture
139468,0.9959,1,1,0.2085,Critical,0.2076,10743.0,3223.0,2723.0,Basic,Relationship manager follow-up
139469,0.9973,1,1,0.2509,Critical,0.2502,8677.0,2603.0,2103.0,Standard,Relationship manager follow-up
139470,0.0001,0,0,0.4545,Low,0.0,1.0,0.0,0.0,Standard,Standard retention nurture
139471,0.0,0,0,0.4546,Low,0.0,0.0,0.0,0.0,Standard,Standard retention nurture
139472,0.0019,0,0,0.5749,Low,0.0011,56.0,17.0,17.0,Premium,Standard retention nurture
139473,0.9997,1,1,0.0783,Critical,0.0783,3151.0,945.0,445.0,Basic,Relationship manager follow-up
139474,0.0,0,0,0.2021,Low,0.0,0.0,0.0,0.0,Basic,Standard retention nurture
139475,0.0,0,0,0.2922,Low,0.0,0.0,0.0,0.0,Standard,Standard retention nurture
139476,0.0208,0,0,0.3202,Low,0.0067,68.0,20.0,20.0,Standard,Standard retention nurture
139477,0.0012,0,0,0.5199,Low,0.0006,32.0,10.0,10.0,Premium,Standard retention nurture
139478,0.0001,0,0,0.1494,Low,0.0,1.0,0.0,0.0,Basic,Standard retention nurture
139479,0.0,0,0,0.4794,Low,0.0,0.0,0.0,0.0,Standard,Standard retention nurture
139480,0.9991,1,1,0.3538,Critical,0.3535,13507.0,4052.0,3552.0,Standard,Relationship manager follow-up
139481,0.0,0,0,0.4063,Low,0.0,0.0,0.0,0.0,Standard,Standard retention nurture
139482,0.0004,0,0,0.5855,Low,0.0002,12.0,4.0,4.0,Premium,Standard retention nurture
139483,0.0,0,0,0.1951,Low,0.0,0.0,0.0,0.0,Basic,Standard retention nurture
139484,0.0043,0,0,0.244,Low,0.001,28.0,8.0,8.0,Basic,Standard retention nurture
139485,0.0018,0,0,0.2284,Low,0.0004,10.0,3.0,3.0,Basic,Standard retention nurture
139486,0.0,0,0,0.4497,Low,0.0,0.0,0.0,0.0,Standard,Standard retention nurture
139487,0.0,0,0,0.2701,Low,0.0,0.0,0.0,0.0,Standard,Standard retention nurture
139488,0.91,1,1,0.3609,Critical,0.3284,7819.0,2346.0,1846.0,Standard,Relationship manager follow-up
139489,0.0,0,0,0.2342,Low,0.0,0.0,0.0,0.0,Basic,Standard retention nurture
139490,1.0,1,1,0.0897,Critical,0.0897,2359.0,708.0,208.0,Basic,Relationship manager follow-up
139491,1.0,1,1,0.3138,Critical,0.3138,5755.0,1726.0,1226.0,Standard,Relationship manager follow-up
139492,0.0,0,0,0.2756,Low,0.0,0.0,0.0,0.0,Standard,Standard retention nurture
139493,0.0,0,0,0.1702,Low,0.0,0.0,0.0,0.0,Basic,Standard retention nurture
139494,0.0,0,0,0.4459,Low,0.0,0.0,0.0,0.0,Standard,Standard retention nurture
139495,0.0021,0,0,0.549,Low,0.0012,53.0,16.0,16.0,Premium,Standard retention nurture
139496,0.0,0,0,0.2325,Low,0.0,0.0,0.0,0.0,Basic,Standard retention nurture
139497,1.0,1,1,0.0679,Critical,0.0679,1525.0,458.0,-42.0,Basic,Relationship manager follow-up
139498,0.0,0,0,0.3256,Low,0.0,0.0,0.0,0.0,Standard,Standard retention nurture
139499,0.0,0,0,0.532,Low,0.0,0.0,0.0,0.0,Premium,Standard retention nurture
139500,0.0,0,0,0.4101,Low,0.0,0.0,0.0,0.0,Standard,Standard retention nurture
139501,0.0,0,0,0.4893,Low,0.0,0.0,0.0,0.0,Standard,Standard retention nurture
139502,0.0,0,0,0.5972,Low,0.0,0.0,0.0,0.0,Premium,Standard retention nurture
139503,0.0425,0,0,0.2178,Low,0.0093,342.0,103.0,103.0,Basic,Standard retention nurture
139504,0.0,0,0,0.2936,Low,0.0,0.0,0.0,0.0,Standard,Standard retention nurture
139505,0.9999,1,1,0.1216,Critical,0.1216,2663.0,799.0,299.0,Basic,Relationship manager follow-up
139506,0.0,0,0,0.6334,Low,0.0,0.0,0.0,0.0,Premium,Standard retention nurture
139507,0.0003,0,0,0.2363,Low,0.0001,2.0,1.0,1.0,Basic,Standard retention nurture
139508,1.0,1,1,0.2152,Critical,0.2152,4436.0,1331.0,831.0,Basic,Relationship manager follow-up
139509,0.8945,1,1,0.1723,Critical,0.1541,2002.0,601.0,101.0,Basic,Relationship manager follow-up
139510,1.0,1,1,0.3226,Critical,0.3226,10981.0,3294.0,2794.0,Standard,Relationship manager follow-up
139511,0.9999,1,1,0.0931,Critical,0.0931,3771.0,1131.0,631.0,Basic,Relationship manager follow-up
139512,0.0,0,0,0.8546,Low,0.0,0.0,0.0,0.0,Elite,Standard retention nurture
139513,0.0,0,0,0.3677,Low,0.0,0.0,0.0,0.0,Standard,Standard retention nurture
139514,0.0,0,0,0.2186,Low,0.0,0.0,0.0,0.0,Basic,Standard retention nurture
139515,0.0,0,0,0.3085,Low,0.0,0.0,0.0,0.0,Standard,Standard retention nurture
139516,1.0,1,1,0.0695,Critical,0.0695,3035.0,910.0,410.0,Basic,Relationship manager follow-up
139517,0.0,0,0,0.6062,Low,0.0,0.0,0.0,0.0,Premium,Standard retention nurture
139518,1.0,1,1,0.1739,Critical,0.1739,2264.0,679.0,179.0,Basic,Relationship manager follow-up
139519,0.0,0,0,0.7298,Low,0.0,0.0,0.0,0.0,Premium,Standard retention nurture
139520,0.0,0,0,0.3104,Low,0.0,0.0,0.0,0.0,Standard,Standard retention nurture
139521,0.0,0,0,0.1686,Low,0.0,0.0,0.0,0.0,Basic,Standard retention nurture
139522,1.0,1,1,0.1754,Critical,0.1754,4488.0,1346.0,846.0,Basic,Relationship manager follow-up
139523,0.0,0,0,0.6334,Low,0.0,0.0,0.0,0.0,Premium,Standard retention nurture
139524,0.0,0,0,0.8337,Low,0.0,0.0,0.0,0.0,Elite,Standard retention nurture
139525,0.0,0,0,0.203,Low,0.0,0.0,0.0,0.0,Basic,Standard retention nurture
139526,0.0001,0,0,0.2204,Low,0.0,1.0,0.0,0.0,Basic,Standard retention nurture
139527,0.0065,0,0,0.1376,Low,0.0009,29.0,9.0,9.0,Basic,Standard retention nurture
139528,0.998,1,1,0.1166,Critical,0.1164,3906.0,1172.0,672.0,Basic,Relationship manager follow-up
139529,0.0,0,0,0.4669,Low,0.0,0.0,0.0,0.0,Standard,Standard retention nurture
139530,0.0,0,0,0.1714,Low,0.0,0.0,0.0,0.0,Basic,Standard retention nurture
139531,0.0,0,0,0.8616,Low,0.0,0.0,0.0,0.0,Elite,Standard retention nurture
139532,0.0,0,0,0.6301,Low,0.0,0.0,0.0,0.0,Premium,Standard retention nurture
139533,0.0001,0,0,0.5361,Low,0.0001,2.0,1.0,1.0,Premium,Standard retention nurture
139534,0.0005,0,0,0.4735,Low,0.0002,10.0,3.0,3.0,Standard,Standard retention nurture
139535,0.0,0,0,0.5218,Low,0.0,0.0,0.0,0.0,Premium,Standard retention nurture
139536,0.0,0,0,0.6572,Low,0.0,0.0,0.0,0.0,Premium,Standard retention nurture
139537,0.9962,1,1,0.1007,Critical,0.1003,5677.0,1703.0,1203.0,Basic,Relationship manager follow-up
139538,0.0,0,0,0.6191,Low,0.0,0.0,0.0,0.0,Premium,Standard retention nurture
139539,0.0,0,0,0.1803,Low,0.0,0.0,0.0,0.0,Basic,Standard retention nurture
139540,0.0,0,0,0.6894,Low,0.0,0.0,0.0,0.0,Premium,Standard retention nurture
139541,0.0054,0,0,0.5106,Low,0.0028,70.0,21.0,21.0,Premium,Standard retention nurture
139542,0.0937,0,0,0.5396,Low,0.0506,2180.0,654.0,654.0,Premium,Standard retention nurture
139543,0.0,0,0,0.5965,Low,0.0,0.0,0.0,0.0,Premium,Standard retention nurture
139544,0.0008,0,0,0.2245,Low,0.0002,4.0,1.0,1.0,Basic,Standard retention nurture
139545,0.0001,0,0,0.2764,Low,0.0,1.0,0.0,0.0,Standard,Standard retention nurture
139546,0.0,0,0,0.4465,Low,0.0,0.0,0.0,0.0,Standard,Standard retention nurture
139547,0.0,0,0,0.8791,Low,0.0,0.0,0.0,0.0,Elite,Standard retention nurture
139548,0.0002,0,0,0.6998,Low,0.0001,7.0,2.0,2.0,Premium,Standard retention nurture
139549,0.0,0,0,0.3784,Low,0.0,0.0,0.0,0.0,Standard,Standard retention nurture
139550,0.0,0,0,0.2264,Low,0.0,0.0,0.0,0.0,Basic,Standard retention nurture
139551,0.0035,0,0,0.1279,Low,0.0004,10.0,3.0,3.0,Basic,Standard retention nurture
139552,0.0007,0,0,0.2205,Low,0.0002,4.0,1.0,1.0,Basic,Standard retention nurture
139553,0.0015,0,0,0.2814,Low,0.0004,7.0,2.0,2.0,Standard,Standard retention nurture
139554,0.0,0,0,0.8114,Low,0.0,0.0,0.0,0.0,Elite,Standard retention nurture
139555,0.0,0,0,0.6862,Low,0.0,0.0,0.0,0.0,Premium,Standard retention nurture
139556,0.0005,0,0,0.4151,Low,0.0002,11.0,3.0,3.0,Standard,Standard retention nurture
139557,0.0,0,0,0.3124,Low,0.0,0.0,0.0,0.0,Standard,Standard retention nurture
139558,0.993,1,1,0.2921,Critical,0.2901,6095.0,1828.0,1328.0,Standard,Relationship manager follow-up
139559,0.0008,0,0,0.3035,Low,0.0002,10.0,3.0,3.0,Standard,Standard retention nurture
139560,0.0,0,0,0.2732,Low,0.0,0.0,0.0,0.0,Standard,Standard retention nurture
139561,0.9862,1,1,0.206,Critical,0.2032,3266.0,980.0,480.0,Basic,Relationship manager follow-up
139562,0.0,0,0,0.5893,Low,0.0,0.0,0.0,0.0,Premium,Standard retention nurture
139563,0.0,0,0,0.3691,Low,0.0,0.0,0.0,0.0,Standard,Standard retention nurture
139564,0.0,0,0,0.3553,Low,0.0,0.0,0.0,0.0,Standard,Standard retention nurture
139565,0.9999,1,1,0.1772,Critical,0.1772,5144.0,1543.0,1043.0,Basic,Relationship manager follow-up
139566,0.9957,1,1,0.3555,Critical,0.354,6518.0,1955.0,1455.0,Standard,Relationship manager follow-up
139567,0.0,0,0,0.3003,Low,0.0,0.0,0.0,0.0,Standard,Standard retention nurture
139568,0.0,0,0,0.3456,Low,0.0,0.0,0.0,0.0,Standard,Standard retention nurture
139569,0.0,0,0,0.2933,Low,0.0,0.0,0.0,0.0,Standard,Standard retention nurture
139570,0.0,0,0,0.6783,Low,0.0,0.0,0.0,0.0,Premium,Standard retention nurture
139571,0.0,0,0,0.2881,Low,0.0,0.0,0.0,0.0,Standard,Standard retention nurture
139572,0.0006,0,0,0.3863,Low,0.0002,8.0,2.0,2.0,Standard,Standard retention nurture
139573,0.8986,1,1,0.3328,Critical,0.2991,7185.0,2156.0,1656.0,Standard,Relationship manager follow-up
139574,0.0004,0,0,0.2782,Low,0.0001,4.0,1.0,1.0,Standard,Standard retention nurture
139575,0.0,0,0,0.205,Low,0.0,0.0,0.0,0.0,Basic,Standard retention nurture
139576,0.0,0,0,0.2585,Low,0.0,0.0,0.0,0.0,Standard,Standard retention nurture
139577,1.0,1,1,0.1193,Critical,0.1193,2330.0,699.0,199.0,Basic,Relationship manager follow-up
139578,0.0001,0,0,0.3042,Low,0.0,1.0,0.0,0.0,Standard,Standard retention nurture
139579,0.0,0,0,0.3209,Low,0.0,0.0,0.0,0.0,Standard,Standard retention nurture
139580,0.0,0,0,0.3481,Low,0.0,0.0,0.0,0.0,Standard,Standard retention nurture
139581,0.9995,1,1,0.1367,Critical,0.1366,4859.0,1458.0,958.0,Basic,Relationship manager follow-up
139582,0.0,0,0,0.2017,Low,0.0,0.0,0.0,0.0,Basic,Standard retention nurture
139583,0.0,0,0,0.509,Low,0.0,0.0,0.0,0.0,Premium,Standard retention nurture
139584,0.0037,0,0,0.1787,Low,0.0007,8.0,2.0,2.0,Basic,Standard retention nurture
139585,0.0196,0,0,0.2717,Low,0.0053,112.0,34.0,34.0,Standard,Standard retention nurture
139586,0.8418,1,1,0.3216,Critical,0.2707,9910.0,2973.0,2473.0,Standard,Relationship manager follow-up
139587,0.0,0,0,0.3848,Low,0.0,0.0,0.0,0.0,Standard,Standard retention nurture
139588,0.0,0,0,0.51,Low,0.0,0.0,0.0,0.0,Premium,Standard retention nurture
139589,0.0005,0,0,0.216,Low,0.0001,4.0,1.0,1.0,Basic,Standard retention nurture
139590,0.9775,1,1,0.2066,Critical,0.202,6321.0,1896.0,1396.0,Basic,Relationship manager follow-up
139591,0.0,0,0,0.245,Low,0.0,0.0,0.0,0.0,Basic,Standard retention nurture
139592,0.0,0,0,0.4268,Low,0.0,0.0,0.0,0.0,Standard,Standard retention nurture
139593,0.0,0,0,0.2297,Low,0.0,0.0,0.0,0.0,Basic,Standard retention nurture
139594,0.0001,0,0,0.4285,Low,0.0,2.0,1.0,1.0,Standard,Standard retention nurture
139595,0.0,0,0,0.4411,Low,0.0,0.0,0.0,0.0,Standard,Standard retention nurture
139596,0.0,0,0,0.7726,Low,0.0,0.0,0.0,0.0,Elite,Standard retention nurture
139597,0.0121,0,0,0.4837,Low,0.0059,253.0,76.0,76.0,Standard,Standard retention nurture
139598,0.0,0,0,0.7588,Low,0.0,0.0,0.0,0.0,Elite,Standard retention nurture
139599,0.0,0,0,0.6102,Low,0.0,0.0,0.0,0.0,Premium,Standard retention nurture
139600,1.0,1,1,0.3806,Critical,0.3806,12322.0,3697.0,3197.0,Standard,Relationship manager follow-up
139601,0.0,0,0,0.5518,Low,0.0,0.0,0.0,0.0,Premium,Standard retention nurture
139602,0.0,0,0,0.1775,Low,0.0,0.0,0.0,0.0,Basic,Standard retention nurture
139603,1.0,1,1,0.1303,Critical,0.1303,5158.0,1547.0,1047.0,Basic,Relationship manager follow-up
139604,0.0,0,0,0.3161,Low,0.0,0.0,0.0,0.0,Standard,Standard retention nurture
139605,0.0,0,0,0.3607,Low,0.0,0.0,0.0,0.0,Standard,Standard retention nurture
139606,0.0,0,0,0.1969,Low,0.0,0.0,0.0,0.0,Basic,Standard retention nurture
139607,0.0,0,0,0.5812,Low,0.0,0.0,0.0,0.0,Premium,Standard retention nurture
139608,0.0,0,0,0.6268,Low,0.0,0.0,0.0,0.0,Premium,Standard retention nurture
139609,0.0,0,0,0.2957,Low,0.0,0.0,0.0,0.0,Standard,Standard retention nurture
139610,0.8585,1,1,0.2513,Critical,0.2157,4790.0,1437.0,937.0,Standard,Relationship manager follow-up
139611,0.0,0,0,0.3327,Low,0.0,0.0,0.0,0.0,Standard,Standard retention nurture
139612,0.0,0,0,0.1902,Low,0.0,0.0,0.0,0.0,Basic,Standard retention nurture
139613,0.0,0,0,0.3253,Low,0.0,0.0,0.0,0.0,Standard,Standard retention nurture
139614,0.0,0,0,0.5736,Low,0.0,0.0,0.0,0.0,Premium,Standard retention nurture
139615,0.0002,0,0,0.2184,Low,0.0,1.0,0.0,0.0,Basic,Standard retention nurture
139616,0.0003,0,0,0.1264,Low,0.0,1.0,0.0,0.0,Basic,Standard retention nurture
139617,0.0,0,0,0.494,Low,0.0,0.0,0.0,0.0,Standard,Standard retention nurture
139618,0.0,0,0,0.3766,Low,0.0,0.0,0.0,0.0,Standard,Standard retention nurture
139619,0.0,0,0,0.3365,Low,0.0,0.0,0.0,0.0,Standard,Standard retention nurture
139620,0.0,0,0,0.425,Low,0.0,0.0,0.0,0.0,Standard,Standard retention nurture
139621,0.0,0,0,0.7478,Low,0.0,0.0,0.0,0.0,Premium,Standard retention nurture
139622,0.0,0,0,0.3293,Low,0.0,0.0,0.0,0.0,Standard,Standard retention nurture
139623,0.0,0,0,0.3492,Low,0.0,0.0,0.0,0.0,Standard,Standard retention nurture
139624,0.0,0,0,0.1689,Low,0.0,0.0,0.0,0.0,Basic,Standard retention nurture
139625,0.0,0,0,0.4298,Low,0.0,0.0,0.0,0.0,Standard,Standard retention nurture
139626,0.0,0,0,0.4155,Low,0.0,0.0,0.0,0.0,Standard,Standard retention nurture
139627,0.0,0,0,0.4456,Low,0.0,0.0,0.0,0.0,Standard,Standard retention nurture
139628,0.0,0,0,0.7192,Low,0.0,0.0,0.0,0.0,Premium,Standard retention nurture
139629,0.0,0,0,0.7722,Low,0.0,0.0,0.0,0.0,Elite,Standard retention nurture
139630,0.0001,0,0,0.767,Low,0.0001,3.0,1.0,1.0,Elite,Standard retention nurture
139631,0.0062,0,0,0.2149,Low,0.0013,30.0,9.0,9.0,Basic,Standard retention nurture
139632,0.0,0,0,0.2407,Low,0.0,0.0,0.0,0.0,Basic,Standard retention nurture
139633,0.0,0,0,0.5164,Low,0.0,0.0,0.0,0.0,Premium,Standard retention nurture
139634,0.0,0,0,0.2625,Low,0.0,0.0,0.0,0.0,Standard,Standard retention nurture
139635,0.0,0,0,0.489,Low,0.0,0.0,0.0,0.0,Standard,Standard retention nurture
139636,0.9997,1,1,0.2216,Critical,0.2215,3025.0,908.0,408.0,Basic,Relationship manager follow-up
139637,0.0002,0,0,0.3667,Low,0.0001,4.0,1.0,1.0,Standard,Standard retention nurture
139638,0.0,0,0,0.4077,Low,0.0,0.0,0.0,0.0,Standard,Standard retention nurture
139639,0.9998,1,1,0.4398,Critical,0.4397,12027.0,3608.0,3108.0,Standard,Relationship manager follow-up
139640,0.0,0,0,0.4486,Low,0.0,0.0,0.0,0.0,Standard,Standard retention nurture
139641,0.0,0,0,0.4361,Low,0.0,0.0,0.0,0.0,Standard,Standard retention nurture
139642,0.0,0,0,0.5978,Low,0.0,0.0,0.0,0.0,Premium,Standard retention nurture
139643,0.0,0,0,0.3655,Low,0.0,0.0,0.0,0.0,Standard,Standard retention nurture
139644,1.0,1,1,0.5703,Critical,0.5703,20707.0,6212.0,5712.0,Premium,Relationship manager follow-up
139645,0.9987,1,1,0.1159,Critical,0.1157,4509.0,1353.0,853.0,Basic,Relationship manager follow-up
139646,0.0,0,0,0.2311,Low,0.0,0.0,0.0,0.0,Basic,Standard retention nurture
139647,0.0,0,0,0.2001,Low,0.0,0.0,0.0,0.0,Basic,Standard retention nurture
139648,0.0002,0,0,0.3183,Low,0.0001,2.0,1.0,1.0,Standard,Standard retention nurture
139649,0.0,0,0,0.3744,Low,0.0,0.0,0.0,0.0,Standard,Standard retention nurture
139650,0.0211,0,0,0.6121,Low,0.0129,723.0,217.0,217.0,Premium,Standard retention nurture
139651,0.9937,1,1,0.1188,Critical,0.1181,4623.0,1387.0,887.0,Basic,Relationship manager follow-up
139652,0.9995,1,1,0.0751,Critical,0.0751,2703.0,811.0,311.0,Basic,Relationship manager follow-up
139653,0.0002,0,0,0.4824,Low,0.0001,4.0,1.0,1.0,Standard,Standard retention nurture
139654,0.6584,1,1,0.1302,High,0.0857,936.0,281.0,-219.0,Basic,Relationship manager follow-up
139655,0.0,0,0,0.2636,Low,0.0,0.0,0.0,0.0,Standard,Standard retention nurture
139656,0.0001,0,0,0.1768,Low,0.0,0.0,0.0,0.0,Basic,Standard retention nurture
139657,0.0001,0,0,0.1331,Low,0.0,1.0,0.0,0.0,Basic,Standard retention nurture
139658,0.0001,0,0,0.5254,Low,0.0001,2.0,1.0,1.0,Premium,Standard retention nurture
139659,0.9945,1,1,0.136,Critical,0.1353,1644.0,493.0,-7.0,Basic,Relationship manager follow-up
139660,0.0,0,0,0.3792,Low,0.0,0.0,0.0,0.0,Standard,Standard retention nurture
139661,1.0,1,1,0.0914,Critical,0.0914,2135.0,640.0,140.0,Basic,Relationship manager follow-up
139662,0.0,0,0,0.4784,Low,0.0,0.0,0.0,0.0,Standard,Standard retention nurture
139663,0.0,0,0,0.2054,Low,0.0,0.0,0.0,0.0,Basic,Standard retention nurture
139664,0.0,0,0,0.2025,Low,0.0,0.0,0.0,0.0,Basic,Standard retention nurture
139665,0.0003,0,0,0.2179,Low,0.0001,1.0,0.0,0.0,Basic,Standard retention nurture
139666,0.0071,0,0,0.4183,Low,0.003,101.0,30.0,30.0,Standard,Standard retention nurture
139667,0.0,0,0,0.3705,Low,0.0,0.0,0.0,0.0,Standard,Standard retention nurture
139668,0.0038,0,0,0.2785,Low,0.0011,21.0,6.0,6.0,Standard,Standard retention nurture
139669,0.9999,1,1,0.3247,Critical,0.3247,8029.0,2409.0,1909.0,Standard,Relationship manager follow-up
139670,0.0001,0,0,0.7205,Low,0.0001,3.0,1.0,1.0,Premium,Standard retention nurture
139671,0.0,0,0,0.3037,Low,0.0,0.0,0.0,0.0,Standard,Standard retention nurture
139672,0.0,0,0,0.4889,Low,0.0,0.0,0.0,0.0,Standard,Standard retention nurture
139673,0.0,0,0,0.3411,Low,0.0,0.0,0.0,0.0,Standard,Standard retention nurture
139674,0.0,0,0,0.1851,Low,0.0,0.0,0.0,0.0,Basic,Standard retention nurture
139675,1.0,1,1,0.3038,Critical,0.3038,7753.0,2326.0,1826.0,Standard,Relationship manager follow-up
139676,0.0071,0,0,0.343,Low,0.0024,93.0,28.0,28.0,Standard,Standard retention nurture
139677,0.0,0,0,0.4236,Low,0.0,0.0,0.0,0.0,Standard,Standard retention nurture
139678,0.9922,1,1,0.2407,Critical,0.2388,3658.0,1097.0,597.0,Basic,Relationship manager follow-up
139679,0.9999,1,1,0.1042,Critical,0.1042,4130.0,1239.0,739.0,Basic,Relationship manager follow-up
139680,0.0674,0,0,0.2093,Low,0.0141,560.0,168.0,168.0,Basic,Standard retention nurture
139681,0.9995,1,1,0.3898,Critical,0.3896,15206.0,4562.0,4062.0,Standard,Relationship manager follow-up
139682,0.0,0,0,0.4321,Low,0.0,0.0,0.0,0.0,Standard,Standard retention nurture
139683,0.0,0,0,0.4086,Low,0.0,0.0,0.0,0.0,Standard,Standard retention nurture
139684,0.0,0,0,0.5896,Low,0.0,0.0,0.0,0.0,Premium,Standard retention nurture
139685,0.0015,0,0,0.5772,Low,0.0009,40.0,12.0,12.0,Premium,Standard retention nurture
139686,1.0,1,1,0.2294,Critical,0.2294,5154.0,1546.0,1046.0,Basic,Relationship manager follow-up
139687,0.9982,1,1,0.0959,Critical,0.0957,2511.0,753.0,253.0,Basic,Relationship manager follow-up
139688,0.0006,0,0,0.159,Low,0.0001,3.0,1.0,1.0,Basic,Standard retention nurture
139689,0.0,0,0,0.3241,Low,0.0,0.0,0.0,0.0,Standard,Standard retention nurture
139690,0.0,0,0,0.273,Low,0.0,0.0,0.0,0.0,Standard,Standard retention nurture
139691,0.0004,0,0,0.2186,Low,0.0001,3.0,1.0,1.0,Basic,Standard retention nurture
139692,0.001,0,0,0.0871,Low,0.0001,6.0,2.0,2.0,Basic,Standard retention nurture
139693,0.0,0,0,0.691,Low,0.0,0.0,0.0,0.0,Premium,Standard retention nurture
139694,0.0,0,0,0.8374,Low,0.0,0.0,0.0,0.0,Elite,Standard retention nurture
139695,0.0,0,0,0.1989,Low,0.0,0.0,0.0,0.0,Basic,Standard retention nurture
139696,1.0,1,1,0.1409,Critical,0.1409,3387.0,1016.0,516.0,Basic,Relationship manager follow-up
139697,0.0,0,0,0.2434,Low,0.0,0.0,0.0,0.0,Basic,Standard retention nurture
139698,1.0,1,1,0.1112,Critical,0.1112,2238.0,671.0,171.0,Basic,Relationship manager follow-up
139699,0.0,0,0,0.2556,Low,0.0,0.0,0.0,0.0,Standard,Standard retention nurture
139700,0.0,0,0,0.3968,Low,0.0,0.0,0.0,0.0,Standard,Standard retention nurture
139701,0.0,0,0,0.2228,Low,0.0,0.0,0.0,0.0,Basic,Standard retention nurture
139702,0.0,0,0,0.4934,Low,0.0,0.0,0.0,0.0,Standard,Standard retention nurture
139703,0.0002,0,0,0.221,Low,0.0,1.0,0.0,0.0,Basic,Standard retention nurture
139704,0.0,0,0,0.374,Low,0.0,0.0,0.0,0.0,Standard,Standard retention nurture
139705,0.0,0,0,0.1785,Low,0.0,0.0,0.0,0.0,Basic,Standard retention nurture
139706,0.1441,1,0,0.2237,Low,0.0322,1293.0,388.0,-112.0,Basic,Relationship manager follow-up
139707,0.9999,1,1,0.3136,Critical,0.3136,14815.0,4444.0,3944.0,Standard,Relationship manager follow-up
139708,0.0003,0,0,0.6834,Low,0.0002,9.0,3.0,3.0,Premium,Standard retention nurture
139709,0.0003,0,0,0.315,Low,0.0001,5.0,2.0,2.0,Standard,Standard retention nurture
139710,0.0016,0,0,0.7611,Low,0.0012,59.0,18.0,18.0,Elite,Standard retention nurture
139711,0.0,0,0,0.4458,Low,0.0,0.0,0.0,0.0,Standard,Standard retention nurture
139712,0.0,0,0,0.3903,Low,0.0,0.0,0.0,0.0,Standard,Standard retention nurture
139713,0.9599,1,1,0.185,Critical,0.1776,3778.0,1133.0,633.0,Basic,Relationship manager follow-up
139714,0.0021,0,0,0.2741,Low,0.0006,20.0,6.0,6.0,Standard,Standard retention nurture
139715,0.0001,0,0,0.4942,Low,0.0,2.0,1.0,1.0,Standard,Standard retention nurture
139716,0.0,0,0,0.3926,Low,0.0,0.0,0.0,0.0,Standard,Standard retention nurture
139717,0.0,0,0,0.3506,Low,0.0,0.0,0.0,0.0,Standard,Standard retention nurture
139718,0.0008,0,0,0.5555,Low,0.0004,17.0,5.0,5.0,Premium,Standard retention nurture
139719,0.1083,0,0,0.2592,Low,0.0281,634.0,190.0,190.0,Standard,Standard retention nurture
139720,0.0648,0,0,0.2596,Low,0.0168,624.0,187.0,187.0,Standard,Standard retention nurture
139721,0.0,0,0,0.5445,Low,0.0,0.0,0.0,0.0,Premium,Standard retention nurture
139722,0.0,0,0,0.2959,Low,0.0,0.0,0.0,0.0,Standard,Standard retention nurture
139723,0.0,0,0,0.2465,Low,0.0,0.0,0.0,0.0,Basic,Standard retention nurture
139724,0.002,0,0,0.4585,Low,0.0009,35.0,10.0,10.0,Standard,Standard retention nurture
139725,0.0003,0,0,0.2415,Low,0.0001,3.0,1.0,1.0,Basic,Standard retention nurture
139726,0.0,0,0,0.4414,Low,0.0,0.0,0.0,0.0,Standard,Standard retention nurture
139727,0.0,0,0,0.5387,Low,0.0,0.0,0.0,0.0,Premium,Standard retention nurture
139728,0.0008,0,0,0.1867,Low,0.0001,6.0,2.0,2.0,Basic,Standard retention nurture
139729,0.0,0,0,0.186,Low,0.0,0.0,0.0,0.0,Basic,Standard retention nurture
139730,0.0001,0,0,0.3442,Low,0.0,2.0,1.0,1.0,Standard,Standard retention nurture
139731,0.9999,1,1,0.1878,Critical,0.1878,3067.0,920.0,420.0,Basic,Relationship manager follow-up
139732,0.9999,1,1,0.1438,Critical,0.1438,5539.0,1662.0,1162.0,Basic,Relationship manager follow-up
139733,0.0,0,0,0.2118,Low,0.0,0.0,0.0,0.0,Basic,Standard retention nurture
139734,0.0,0,0,0.2319,Low,0.0,0.0,0.0,0.0,Basic,Standard retention nurture
139735,0.0,0,0,0.7719,Low,0.0,0.0,0.0,0.0,Elite,Standard retention nurture
139736,0.0,0,0,0.5346,Low,0.0,0.0,0.0,0.0,Premium,Standard retention nurture
139737,0.0,0,0,0.3215,Low,0.0,0.0,0.0,0.0,Standard,Standard retention nurture
139738,0.0,0,0,0.3855,Low,0.0,0.0,0.0,0.0,Standard,Standard retention nurture
139739,0.0,0,0,0.1681,Low,0.0,0.0,0.0,0.0,Basic,Standard retention nurture
139740,0.0995,0,0,0.2612,Low,0.026,632.0,190.0,190.0,Standard,Standard retention nurture
139741,0.0,0,0,0.7228,Low,0.0,0.0,0.0,0.0,Premium,Standard retention nurture
139742,0.0,0,0,0.4508,Low,0.0,0.0,0.0,0.0,Standard,Standard retention nurture
139743,0.0,0,0,0.3908,Low,0.0,0.0,0.0,0.0,Standard,Standard retention nurture
139744,0.2329,1,0,0.2408,Low,0.0561,1988.0,596.0,96.0,Basic,Relationship manager follow-up
139745,0.0003,0,0,0.1084,Low,0.0,1.0,0.0,0.0,Basic,Standard retention nurture
139746,1.0,1,1,0.169,Critical,0.169,9192.0,2758.0,2258.0,Basic,Relationship manager follow-up
139747,0.0003,0,0,0.2573,Low,0.0001,3.0,1.0,1.0,Standard,Standard retention nurture
139748,0.0,0,0,0.134,Low,0.0,0.0,0.0,0.0,Basic,Standard retention nurture
139749,0.0294,0,0,0.1443,Low,0.0042,163.0,49.0,49.0,Basic,Standard retention nurture
139750,0.0001,0,0,0.6372,Low,0.0001,3.0,1.0,1.0,Premium,Standard retention nurture
139751,0.0,0,0,0.801,Low,0.0,0.0,0.0,0.0,Elite,Standard retention nurture
139752,0.0,0,0,0.5301,Low,0.0,0.0,0.0,0.0,Premium,Standard retention nurture
139753,0.0,0,0,0.267,Low,0.0,0.0,0.0,0.0,Standard,Standard retention nurture
139754,0.9999,1,1,0.2597,Critical,0.2597,5655.0,1696.0,1196.0,Standard,Relationship manager follow-up
139755,0.0,0,0,0.2326,Low,0.0,0.0,0.0,0.0,Basic,Standard retention nurture
139756,0.0,0,0,0.6952,Low,0.0,0.0,0.0,0.0,Premium,Standard retention nurture
139757,0.0,0,0,0.6351,Low,0.0,0.0,0.0,0.0,Premium,Standard retention nurture
139758,0.9998,1,1,0.2421,Critical,0.2421,8028.0,2408.0,1908.0,Basic,Relationship manager follow-up
139759,0.0,0,0,0.3852,Low,0.0,0.0,0.0,0.0,Standard,Standard retention nurture
139760,0.9982,1,1,0.3316,Critical,0.331,11679.0,3504.0,3004.0,Standard,Relationship manager follow-up
139761,0.4844,1,1,0.2635,Medium,0.1276,4033.0,1210.0,710.0,Standard,Relationship manager follow-up
139762,0.9998,1,1,0.0783,Critical,0.0783,1357.0,407.0,-93.0,Basic,Relationship manager follow-up
139763,0.0,0,0,0.3109,Low,0.0,0.0,0.0,0.0,Standard,Standard retention nurture
139764,0.0,0,0,0.6442,Low,0.0,0.0,0.0,0.0,Premium,Standard retention nurture
139765,0.0,0,0,0.7086,Low,0.0,0.0,0.0,0.0,Premium,Standard retention nurture
139766,0.0,0,0,0.3429,Low,0.0,0.0,0.0,0.0,Standard,Standard retention nurture
139767,0.0001,0,0,0.3693,Low,0.0,1.0,0.0,0.0,Standard,Standard retention nurture
139768,0.0001,0,0,0.7287,Low,0.0001,2.0,1.0,1.0,Premium,Standard retention nurture
139769,0.0,0,0,0.5055,Low,0.0,0.0,0.0,0.0,Premium,Standard retention nurture
139770,0.0,0,0,0.4246,Low,0.0,0.0,0.0,0.0,Standard,Standard retention nurture
139771,0.0,0,0,0.4366,Low,0.0,0.0,0.0,0.0,Standard,Standard retention nurture
139772,0.0,0,0,0.2534,Low,0.0,0.0,0.0,0.0,Standard,Standard retention nurture
139773,0.0015,0,0,0.2159,Low,0.0003,11.0,3.0,3.0,Basic,Standard retention nurture
139774,0.0008,0,0,0.6202,Low,0.0005,20.0,6.0,6.0,Premium,Standard retention nurture
139775,0.0,0,0,0.2852,Low,0.0,0.0,0.0,0.0,Standard,Standard retention nurture
139776,0.0001,0,0,0.4471,Low,0.0,1.0,0.0,0.0,Standard,Standard retention nurture
139777,0.0871,0,0,0.199,Low,0.0173,819.0,246.0,246.0,Basic,Standard retention nurture
139778,0.0,0,0,0.5875,Low,0.0,0.0,0.0,0.0,Premium,Standard retention nurture
139779,0.9993,1,1,0.3012,Critical,0.301,8450.0,2535.0,2035.0,Standard,Relationship manager follow-up
139780,0.0,0,0,0.4857,Low,0.0,0.0,0.0,0.0,Standard,Standard retention nurture
139781,0.0,0,0,0.2062,Low,0.0,0.0,0.0,0.0,Basic,Standard retention nurture
139782,0.0001,0,0,0.3657,Low,0.0,1.0,0.0,0.0,Standard,Standard retention nurture
139783,0.9995,1,1,0.208,Critical,0.2079,7312.0,2194.0,1694.0,Basic,Relationship manager follow-up
139784,1.0,1,1,0.1074,Critical,0.1074,3454.0,1036.0,536.0,Basic,Relationship manager follow-up
139785,0.0362,0,0,0.311,Low,0.0113,441.0,132.0,132.0,Standard,Standard retention nurture
139786,0.0,0,0,0.4418,Low,0.0,0.0,0.0,0.0,Standard,Standard retention nurture
139787,0.0,0,0,0.4932,Low,0.0,0.0,0.0,0.0,Standard,Standard retention nurture
139788,0.0006,0,0,0.1854,Low,0.0001,3.0,1.0,1.0,Basic,Standard retention nurture
139789,0.0001,0,0,0.2442,Low,0.0,1.0,0.0,0.0,Basic,Standard retention nurture
139790,0.001,0,0,0.4404,Low,0.0004,20.0,6.0,6.0,Standard,Standard retention nurture
139791,0.0,0,0,0.3697,Low,0.0,0.0,0.0,0.0,Standard,Standard retention nurture
139792,0.9999,1,1,0.2074,Critical,0.2074,5028.0,1508.0,1008.0,Basic,Relationship manager follow-up
139793,0.0035,0,0,0.2598,Low,0.0009,35.0,10.0,10.0,Standard,Standard retention nurture
139794,0.0107,0,0,0.3416,Low,0.0037,163.0,49.0,49.0,Standard,Standard retention nurture
139795,0.9998,1,1,0.1717,Critical,0.1717,3191.0,957.0,457.0,Basic,Relationship manager follow-up
139796,0.0001,0,0,0.2891,Low,0.0,1.0,0.0,0.0,Standard,Standard retention nurture
139797,0.0,0,0,0.8159,Low,0.0,0.0,0.0,0.0,Elite,Standard retention nurture
139798,0.0,0,0,0.1662,Low,0.0,0.0,0.0,0.0,Basic,Standard retention nurture
139799,0.0,0,0,0.5736,Low,0.0,0.0,0.0,0.0,Premium,Standard retention nurture
139800,0.0001,0,0,0.1847,Low,0.0,1.0,0.0,0.0,Basic,Standard retention nurture
139801,0.9988,1,1,0.4446,Critical,0.4441,15416.0,4625.0,4125.0,Standard,Relationship manager follow-up
139802,0.0,0,0,0.3127,Low,0.0,0.0,0.0,0.0,Standard,Standard retention nurture
139803,0.9979,1,1,0.3902,Critical,0.3894,17091.0,5127.0,4627.0,Standard,Relationship manager follow-up
139804,0.0,0,0,0.4143,Low,0.0,0.0,0.0,0.0,Standard,Standard retention nurture
139805,0.0,0,0,0.3818,Low,0.0,0.0,0.0,0.0,Standard,Standard retention nurture
139806,0.0005,0,0,0.1141,Low,0.0001,2.0,1.0,1.0,Basic,Standard retention nurture
139807,0.0006,0,0,0.3006,Low,0.0002,4.0,1.0,1.0,Standard,Standard retention nurture
139808,0.0,0,0,0.8252,Low,0.0,0.0,0.0,0.0,Elite,Standard retention nurture
139809,0.9968,1,1,0.2545,Critical,0.2537,8949.0,2685.0,2185.0,Standard,Relationship manager follow-up
139810,0.0,0,0,0.1458,Low,0.0,0.0,0.0,0.0,Basic,Standard retention nurture
139811,0.0,0,0,0.4224,Low,0.0,0.0,0.0,0.0,Standard,Standard retention nurture
139812,0.9992,1,1,0.24,Critical,0.2398,10277.0,3083.0,2583.0,Basic,Relationship manager follow-up
139813,0.0,0,0,0.3763,Low,0.0,0.0,0.0,0.0,Standard,Standard retention nurture
139814,0.0,0,0,0.455,Low,0.0,0.0,0.0,0.0,Standard,Standard retention nurture
139815,0.0,0,0,0.1878,Low,0.0,0.0,0.0,0.0,Basic,Standard retention nurture
139816,0.9999,1,1,0.3656,Critical,0.3656,9612.0,2884.0,2384.0,Standard,Relationship manager follow-up
139817,0.0055,0,0,0.2146,Low,0.0012,21.0,6.0,6.0,Basic,Standard retention nurture
139818,0.0004,0,0,0.4591,Low,0.0002,8.0,2.0,2.0,Standard,Standard retention nurture
139819,0.9997,1,1,0.2942,Critical,0.2941,10878.0,3263.0,2763.0,Standard,Relationship manager follow-up
139820,0.7143,1,1,0.1956,High,0.1397,2538.0,761.0,261.0,Basic,Relationship manager follow-up
139821,0.0,0,0,0.3399,Low,0.0,0.0,0.0,0.0,Standard,Standard retention nurture
139822,0.0,0,0,0.6051,Low,0.0,0.0,0.0,0.0,Premium,Standard retention nurture
139823,0.7869,1,1,0.42,Critical,0.3305,11392.0,3418.0,2918.0,Standard,Relationship manager follow-up
139824,0.0043,0,0,0.4081,Low,0.0018,72.0,22.0,22.0,Standard,Standard retention nurture
139825,0.0,0,0,0.3117,Low,0.0,0.0,0.0,0.0,Standard,Standard retention nurture
139826,0.0,0,0,0.1722,Low,0.0,0.0,0.0,0.0,Basic,Standard retention nurture
139827,1.0,1,1,0.075,Critical,0.075,2940.0,882.0,382.0,Basic,Relationship manager follow-up
139828,0.0,0,0,0.1312,Low,0.0,0.0,0.0,0.0,Basic,Standard retention nurture
139829,0.0,0,0,0.8345,Low,0.0,0.0,0.0,0.0,Elite,Standard retention nurture
139830,0.0,0,0,0.2299,Low,0.0,0.0,0.0,0.0,Basic,Standard retention nurture
139831,0.0002,0,0,0.2648,Low,0.0001,3.0,1.0,1.0,Standard,Standard retention nurture
139832,0.0,0,0,0.1482,Low,0.0,0.0,0.0,0.0,Basic,Standard retention nurture
139833,0.0,0,0,0.2802,Low,0.0,0.0,0.0,0.0,Standard,Standard retention nurture
139834,0.0,0,0,0.18,Low,0.0,0.0,0.0,0.0,Basic,Standard retention nurture
139835,0.0,0,0,0.6014,Low,0.0,0.0,0.0,0.0,Premium,Standard retention nurture
139836,0.9924,1,1,0.1872,Critical,0.1858,3594.0,1078.0,578.0,Basic,Relationship manager follow-up
139837,0.9966,1,1,0.4147,Critical,0.4133,15153.0,4546.0,4046.0,Standard,Relationship manager follow-up
139838,0.0,0,0,0.6528,Low,0.0,0.0,0.0,0.0,Premium,Standard retention nurture
139839,0.0,0,0,0.2568,Low,0.0,0.0,0.0,0.0,Standard,Standard retention nurture
139840,0.9989,1,1,0.0344,Critical,0.0344,1625.0,488.0,-12.0,Basic,Relationship manager follow-up
139841,0.9984,1,1,0.3849,Critical,0.3843,10378.0,3113.0,2613.0,Standard,Relationship manager follow-up
139842,0.0,0,0,0.7133,Low,0.0,0.0,0.0,0.0,Premium,Standard retention nurture
139843,0.0,0,0,0.7909,Low,0.0,0.0,0.0,0.0,Elite,Standard retention nurture
139844,0.0,0,0,0.4184,Low,0.0,0.0,0.0,0.0,Standard,Standard retention nurture
139845,0.0005,0,0,0.1952,Low,0.0001,5.0,2.0,2.0,Basic,Standard retention nurture
139846,0.0,0,0,0.329,Low,0.0,0.0,0.0,0.0,Standard,Standard retention nurture
139847,0.0,0,0,0.6434,Low,0.0,0.0,0.0,0.0,Premium,Standard retention nurture
139848,0.0,0,0,0.5773,Low,0.0,0.0,0.0,0.0,Premium,Standard retention nurture
139849,0.0252,0,0,0.3083,Low,0.0078,335.0,100.0,100.0,Standard,Standard retention nurture
139850,0.0005,0,0,0.2505,Low,0.0001,1.0,0.0,0.0,Standard,Standard retention nurture
139851,0.0008,0,0,0.1781,Low,0.0001,3.0,1.0,1.0,Basic,Standard retention nurture
139852,0.0,0,0,0.6082,Low,0.0,0.0,0.0,0.0,Premium,Standard retention nurture
139853,0.967,1,1,0.2805,Critical,0.2712,6501.0,1950.0,1450.0,Standard,Relationship manager follow-up
139854,0.0,0,0,0.6698,Low,0.0,0.0,0.0,0.0,Premium,Standard retention nurture
139855,0.0,0,0,0.4548,Low,0.0,0.0,0.0,0.0,Standard,Standard retention nurture
139856,0.0,0,0,0.3359,Low,0.0,0.0,0.0,0.0,Standard,Standard retention nurture
139857,0.0,0,0,0.2383,Low,0.0,0.0,0.0,0.0,Basic,Standard retention nurture
139858,0.0,0,0,0.4055,Low,0.0,0.0,0.0,0.0,Standard,Standard retention nurture
139859,0.0022,0,0,0.3658,Low,0.0008,29.0,9.0,9.0,Standard,Standard retention nurture
139860,0.0,0,0,0.7086,Low,0.0,0.0,0.0,0.0,Premium,Standard retention nurture
139861,0.0,0,0,0.4319,Low,0.0,0.0,0.0,0.0,Standard,Standard retention nurture
139862,0.0,0,0,0.3951,Low,0.0,0.0,0.0,0.0,Standard,Standard retention nurture
139863,0.0064,0,0,0.1706,Low,0.0011,27.0,8.0,8.0,Basic,Standard retention nurture
139864,0.0,0,0,0.6739,Low,0.0,0.0,0.0,0.0,Premium,Standard retention nurture
139865,0.0007,0,0,0.5203,Low,0.0004,12.0,4.0,4.0,Premium,Standard retention nurture
139866,0.0,0,0,0.2114,Low,0.0,0.0,0.0,0.0,Basic,Standard retention nurture
139867,0.0572,0,0,0.3017,Low,0.0173,762.0,229.0,229.0,Standard,Standard retention nurture
139868,1.0,1,1,0.2651,Critical,0.2651,5305.0,1592.0,1092.0,Standard,Relationship manager follow-up
139869,0.9998,1,1,0.2514,Critical,0.2513,5953.0,1786.0,1286.0,Standard,Relationship manager follow-up
139870,0.0001,0,0,0.3857,Low,0.0,2.0,1.0,1.0,Standard,Standard retention nurture
139871,0.0,0,0,0.2302,Low,0.0,0.0,0.0,0.0,Basic,Standard retention nurture
139872,0.0,0,0,0.3572,Low,0.0,0.0,0.0,0.0,Standard,Standard retention nurture
139873,0.0,0,0,0.5092,Low,0.0,0.0,0.0,0.0,Premium,Standard retention nurture
139874,0.0,0,0,0.6011,Low,0.0,0.0,0.0,0.0,Premium,Standard retention nurture
139875,0.0004,0,0,0.2164,Low,0.0001,2.0,1.0,1.0,Basic,Standard retention nurture
139876,0.9993,1,1,0.1842,Critical,0.1841,3368.0,1010.0,510.0,Basic,Relationship manager follow-up
139877,0.0006,0,0,0.2407,Low,0.0001,6.0,2.0,2.0,Basic,Standard retention nurture
139878,0.0197,0,0,0.2145,Low,0.0042,89.0,27.0,27.0,Basic,Standard retention nurture
139879,0.9998,1,1,0.3014,Critical,0.3013,9747.0,2924.0,2424.0,Standard,Relationship manager follow-up
139880,0.0001,0,0,0.114,Low,0.0,0.0,0.0,0.0,Basic,Standard retention nurture
139881,0.0005,0,0,0.6102,Low,0.0003,10.0,3.0,3.0,Premium,Standard retention nurture
139882,0.0402,0,0,0.3274,Low,0.0132,489.0,147.0,147.0,Standard,Standard retention nurture
139883,0.0009,0,0,0.1472,Low,0.0001,3.0,1.0,1.0,Basic,Standard retention nurture
139884,0.0,0,0,0.2941,Low,0.0,0.0,0.0,0.0,Standard,Standard retention nurture
139885,0.0006,0,0,0.1827,Low,0.0001,4.0,1.0,1.0,Basic,Standard retention nurture
139886,0.0488,0,0,0.0933,Low,0.0046,150.0,45.0,45.0,Basic,Standard retention nurture
139887,0.0001,0,0,0.607,Low,0.0001,2.0,1.0,1.0,Premium,Standard retention nurture
139888,0.0001,0,0,0.2716,Low,0.0,1.0,0.0,0.0,Standard,Standard retention nurture
139889,0.0,0,0,0.9055,Low,0.0,0.0,0.0,0.0,Elite,Standard retention nurture
139890,0.0167,0,0,0.2232,Low,0.0037,110.0,33.0,33.0,Basic,Standard retention nurture
139891,0.0001,0,0,0.243,Low,0.0,0.0,0.0,0.0,Basic,Standard retention nurture
139892,0.0001,0,0,0.3539,Low,0.0,1.0,0.0,0.0,Standard,Standard retention nurture
139893,0.0001,0,0,0.3282,Low,0.0,1.0,0.0,0.0,Standard,Standard retention nurture
139894,0.0001,0,0,0.5421,Low,0.0001,2.0,1.0,1.0,Premium,Standard retention nurture
139895,0.9999,1,1,0.3151,Critical,0.3151,10446.0,3134.0,2634.0,Standard,Relationship manager follow-up
139896,0.0,0,0,0.3412,Low,0.0,0.0,0.0,0.0,Standard,Standard retention nurture
139897,0.9962,1,1,0.249,Critical,0.2481,5056.0,1517.0,1017.0,Basic,Relationship manager follow-up
139898,0.001,0,0,0.2187,Low,0.0002,9.0,3.0,3.0,Basic,Standard retention nurture
139899,0.0,0,0,0.6407,Low,0.0,0.0,0.0,0.0,Premium,Standard retention nurture
139900,0.0,0,0,0.2857,Low,0.0,0.0,0.0,0.0,Standard,Standard retention nurture
139901,0.0,0,0,0.3925,Low,0.0,0.0,0.0,0.0,Standard,Standard retention nurture
139902,0.0,0,0,0.3233,Low,0.0,0.0,0.0,0.0,Standard,Standard retention nurture
139903,0.0,0,0,0.4423,Low,0.0,0.0,0.0,0.0,Standard,Standard retention nurture
139904,0.0001,0,0,0.1506,Low,0.0,0.0,0.0,0.0,Basic,Standard retention nurture
139905,0.0001,0,0,0.4358,Low,0.0,1.0,0.0,0.0,Standard,Standard retention nurture
139906,0.0,0,0,0.1078,Low,0.0,0.0,0.0,0.0,Basic,Standard retention nurture
139907,0.0294,0,0,0.3146,Low,0.0092,504.0,151.0,151.0,Standard,Standard retention nurture
139908,0.0,0,0,0.4823,Low,0.0,0.0,0.0,0.0,Standard,Standard retention nurture
139909,0.0001,0,0,0.202,Low,0.0,0.0,0.0,0.0,Basic,Standard retention nurture
139910,0.0,0,0,0.4112,Low,0.0,0.0,0.0,0.0,Standard,Standard retention nurture
139911,0.8872,1,1,0.4699,Critical,0.4169,17586.0,5276.0,4776.0,Standard,Relationship manager follow-up
139912,0.0,0,0,0.4422,Low,0.0,0.0,0.0,0.0,Standard,Standard retention nurture
139913,0.0,0,0,0.469,Low,0.0,0.0,0.0,0.0,Standard,Standard retention nurture
139914,0.0,0,0,0.3596,Low,0.0,0.0,0.0,0.0,Standard,Standard retention nurture
139915,0.0,0,0,0.5379,Low,0.0,0.0,0.0,0.0,Premium,Standard retention nurture
139916,0.9999,1,1,0.1182,Critical,0.1182,2223.0,667.0,167.0,Basic,Relationship manager follow-up
139917,0.9998,1,1,0.2256,Critical,0.2256,9708.0,2912.0,2412.0,Basic,Relationship manager follow-up
139918,0.0,0,0,0.5535,Low,0.0,0.0,0.0,0.0,Premium,Standard retention nurture
139919,0.0,0,0,0.2699,Low,0.0,0.0,0.0,0.0,Standard,Standard retention nurture
139920,0.0,0,0,0.3041,Low,0.0,0.0,0.0,0.0,Standard,Standard retention nurture
139921,0.0,0,0,0.5661,Low,0.0,0.0,0.0,0.0,Premium,Standard retention nurture
139922,0.0,0,0,0.4784,Low,0.0,0.0,0.0,0.0,Standard,Standard retention nurture
139923,0.0,0,0,0.6153,Low,0.0,0.0,0.0,0.0,Premium,Standard retention nurture
139924,0.0,0,0,0.5447,Low,0.0,0.0,0.0,0.0,Premium,Standard retention nurture
139925,0.0,0,0,0.1813,Low,0.0,0.0,0.0,0.0,Basic,Standard retention nurture
139926,0.9991,1,1,0.2953,Critical,0.295,7773.0,2332.0,1832.0,Standard,Relationship manager follow-up
139927,0.9999,1,1,0.1353,Critical,0.1353,6395.0,1918.0,1418.0,Basic,Relationship manager follow-up
139928,0.0,0,0,0.4479,Low,0.0,0.0,0.0,0.0,Standard,Standard retention nurture
139929,0.0,0,0,0.24,Low,0.0,0.0,0.0,0.0,Basic,Standard retention nurture
139930,0.0021,0,0,0.6794,Low,0.0014,67.0,20.0,20.0,Premium,Standard retention nurture
139931,0.0003,0,0,0.6407,Low,0.0002,9.0,3.0,3.0,Premium,Standard retention nurture
139932,0.0,0,0,0.4572,Low,0.0,0.0,0.0,0.0,Standard,Standard retention nurture
139933,0.0002,0,0,0.2427,Low,0.0,1.0,0.0,0.0,Basic,Standard retention nurture
139934,0.0,0,0,0.4105,Low,0.0,0.0,0.0,0.0,Standard,Standard retention nurture
139935,0.0,0,0,0.4246,Low,0.0,0.0,0.0,0.0,Standard,Standard retention nurture
139936,0.0,0,0,0.3727,Low,0.0,0.0,0.0,0.0,Standard,Standard retention nurture
139937,0.0,0,0,0.2193,Low,0.0,0.0,0.0,0.0,Basic,Standard retention nurture
139938,0.0,0,0,0.3725,Low,0.0,0.0,0.0,0.0,Standard,Standard retention nurture
139939,0.0,0,0,0.6993,Low,0.0,0.0,0.0,0.0,Premium,Standard retention nurture
139940,0.0,0,0,0.6378,Low,0.0,0.0,0.0,0.0,Premium,Standard retention nurture
139941,0.0001,0,0,0.1743,Low,0.0,0.0,0.0,0.0,Basic,Standard retention nurture
139942,0.0,0,0,0.5913,Low,0.0,0.0,0.0,0.0,Premium,Standard retention nurture
139943,0.0,0,0,0.4264,Low,0.0,0.0,0.0,0.0,Standard,Standard retention nurture
139944,0.9977,1,1,0.2601,Critical,0.2595,7523.0,2257.0,1757.0,Standard,Relationship manager follow-up
139945,0.0,0,0,0.416,Low,0.0,0.0,0.0,0.0,Standard,Standard retention nurture
139946,0.0,0,0,0.2912,Low,0.0,0.0,0.0,0.0,Standard,Standard retention nurture
139947,0.0006,0,0,0.1853,Low,0.0001,4.0,1.0,1.0,Basic,Standard retention nurture
139948,0.9943,1,1,0.3475,Critical,0.3455,13409.0,4023.0,3523.0,Standard,Relationship manager follow-up
139949,0.1146,1,0,0.7748,Low,0.0888,3689.0,1107.0,607.0,Elite,Relationship manager follow-up
139950,0.0,0,0,0.6175,Low,0.0,0.0,0.0,0.0,Premium,Standard retention nurture
139951,0.9971,1,1,0.0199,Critical,0.0198,2097.0,629.0,129.0,Basic,Relationship manager follow-up
139952,0.0,0,0,0.5179,Low,0.0,0.0,0.0,0.0,Premium,Standard retention nurture
139953,0.0,0,0,0.2414,Low,0.0,0.0,0.0,0.0,Basic,Standard retention nurture
139954,1.0,1,1,0.2768,Critical,0.2768,6546.0,1964.0,1464.0,Standard,Relationship manager follow-up
139955,0.0003,0,0,0.9049,Low,0.0003,11.0,3.0,3.0,Elite,Standard retention nurture
139956,0.0,0,0,0.2322,Low,0.0,0.0,0.0,0.0,Basic,Standard retention nurture
139957,1.0,1,1,0.076,Critical,0.076,2259.0,678.0,178.0,Basic,Relationship manager follow-up
139958,0.29,1,0,0.3693,Low,0.1071,4440.0,1332.0,832.0,Standard,Relationship manager follow-up
139959,0.0027,0,0,0.3397,Low,0.0009,46.0,14.0,14.0,Standard,Standard retention nurture
139960,0.0001,0,0,0.3839,Low,0.0,1.0,0.0,0.0,Standard,Standard retention nurture
139961,0.0,0,0,0.4746,Low,0.0,0.0,0.0,0.0,Standard,Standard retention nurture
139962,0.0,0,0,0.607,Low,0.0,0.0,0.0,0.0,Premium,Standard retention nurture
139963,0.0,0,0,0.2712,Low,0.0,0.0,0.0,0.0,Standard,Standard retention nurture
139964,0.0004,0,0,0.6421,Low,0.0003,14.0,4.0,4.0,Premium,Standard retention nurture
139965,0.0326,0,0,0.8207,Low,0.0268,1178.0,353.0,353.0,Elite,Standard retention nurture
139966,0.0001,0,0,0.2999,Low,0.0,1.0,0.0,0.0,Standard,Standard retention nurture
139967,0.0069,0,0,0.7016,Low,0.0048,253.0,76.0,76.0,Premium,Standard retention nurture
139968,0.0,0,0,0.1782,Low,0.0,0.0,0.0,0.0,Basic,Standard retention nurture
139969,0.0,0,0,0.2879,Low,0.0,0.0,0.0,0.0,Standard,Standard retention nurture
139970,0.0001,0,0,0.8121,Low,0.0001,4.0,1.0,1.0,Elite,Standard retention nurture
139971,0.0,0,0,0.3715,Low,0.0,0.0,0.0,0.0,Standard,Standard retention nurture
139972,1.0,1,1,0.1515,Critical,0.1515,2077.0,623.0,123.0,Basic,Relationship manager follow-up
139973,0.9884,1,1,0.4224,Critical,0.4175,17065.0,5120.0,4620.0,Standard,Relationship manager follow-up
139974,0.0,0,0,0.7567,Low,0.0,0.0,0.0,0.0,Elite,Standard retention nurture
139975,0.0,0,0,0.4275,Low,0.0,0.0,0.0,0.0,Standard,Standard retention nurture
139976,0.0,0,0,0.3187,Low,0.0,0.0,0.0,0.0,Standard,Standard retention nurture
139977,0.0,0,0,0.3088,Low,0.0,0.0,0.0,0.0,Standard,Standard retention nurture
139978,0.0,0,0,0.3343,Low,0.0,0.0,0.0,0.0,Standard,Standard retention nurture
139979,0.0,0,0,0.5949,Low,0.0,0.0,0.0,0.0,Premium,Standard retention nurture
139980,0.0004,0,0,0.194,Low,0.0001,2.0,1.0,1.0,Basic,Standard retention nurture
139981,0.0,0,0,0.293,Low,0.0,0.0,0.0,0.0,Standard,Standard retention nurture
139982,0.0001,0,0,0.2103,Low,0.0,1.0,0.0,0.0,Basic,Standard retention nurture
139983,1.0,1,1,0.0884,Critical,0.0884,3321.0,996.0,496.0,Basic,Relationship manager follow-up
139984,0.0,0,0,0.4148,Low,0.0,0.0,0.0,0.0,Standard,Standard retention nurture
139985,0.0,0,0,0.2358,Low,0.0,0.0,0.0,0.0,Basic,Standard retention nurture
139986,0.002,0,0,0.2061,Low,0.0004,13.0,4.0,4.0,Basic,Standard retention nurture
139987,0.0006,0,0,0.6393,Low,0.0004,22.0,7.0,7.0,Premium,Standard retention nurture
139988,0.0,0,0,0.4559,Low,0.0,0.0,0.0,0.0,Standard,Standard retention nurture
139989,0.0,0,0,0.5441,Low,0.0,0.0,0.0,0.0,Premium,Standard retention nurture
139990,0.0,0,0,0.3839,Low,0.0,0.0,0.0,0.0,Standard,Standard retention nurture
139991,0.0006,0,0,0.1897,Low,0.0001,2.0,1.0,1.0,Basic,Standard retention nurture
139992,0.0,0,0,0.6761,Low,0.0,0.0,0.0,0.0,Premium,Standard retention nurture
139993,0.0,0,0,0.4707,Low,0.0,0.0,0.0,0.0,Standard,Standard retention nurture
139994,0.9997,1,1,0.3195,Critical,0.3194,13308.0,3992.0,3492.0,Standard,Relationship manager follow-up
139995,0.0,0,0,0.5435,Low,0.0,0.0,0.0,0.0,Premium,Standard retention nurture
139996,0.0,0,0,0.5302,Low,0.0,0.0,0.0,0.0,Premium,Standard retention nurture
139997,0.9999,1,1,0.2698,Critical,0.2698,9393.0,2818.0,2318.0,Standard,Relationship manager follow-up
139998,0.0031,0,0,0.8338,Low,0.0026,114.0,34.0,34.0,Elite,Standard retention nurture
139999,0.0,0,0,0.1812,Low,0.0,0.0,0.0,0.0,Basic,Standard retention nurture
140000,0.0,0,0,0.7117,Low,0.0,0.0,0.0,0.0,Premium,Standard retention nurture
140001,0.0,0,0,0.576,Low,0.0,0.0,0.0,0.0,Premium,Standard retention nurture
140002,0.9992,1,1,0.1198,Critical,0.1197,2304.0,691.0,191.0,Basic,Relationship manager follow-up
140003,0.0,0,0,0.431,Low,0.0,0.0,0.0,0.0,Standard,Standard retention nurture
140004,0.0,0,0,0.2317,Low,0.0,0.0,0.0,0.0,Basic,Standard retention nurture
140005,0.0,0,0,0.286,Low,0.0,0.0,0.0,0.0,Standard,Standard retention nurture
140006,0.0,0,0,0.6053,Low,0.0,0.0,0.0,0.0,Premium,Standard retention nurture
140007,0.0045,0,0,0.795,Low,0.0036,91.0,27.0,27.0,Elite,Standard retention nurture
140008,0.007,0,0,0.3266,Low,0.0023,71.0,21.0,21.0,Standard,Standard retention nurture
140009,0.0,0,0,0.1739,Low,0.0,0.0,0.0,0.0,Basic,Standard retention nurture
140010,0.0,0,0,0.2568,Low,0.0,0.0,0.0,0.0,Standard,Standard retention nurture
140011,0.0,0,0,0.6336,Low,0.0,0.0,0.0,0.0,Premium,Standard retention nurture
140012,0.0,0,0,0.473,Low,0.0,0.0,0.0,0.0,Standard,Standard retention nurture
140013,0.0179,0,0,0.5805,Low,0.0104,517.0,155.0,155.0,Premium,Standard retention nurture
140014,0.0002,0,0,0.4739,Low,0.0001,3.0,1.0,1.0,Standard,Standard retention nurture
140015,0.0003,0,0,0.3982,Low,0.0001,4.0,1.0,1.0,Standard,Standard retention nurture
140016,0.0,0,0,0.5995,Low,0.0,0.0,0.0,0.0,Premium,Standard retention nurture
140017,0.0,0,0,0.7547,Low,0.0,0.0,0.0,0.0,Elite,Standard retention nurture
140018,0.0,0,0,0.3095,Low,0.0,0.0,0.0,0.0,Standard,Standard retention nurture
140019,0.0,0,0,0.2388,Low,0.0,0.0,0.0,0.0,Basic,Standard retention nurture
140020,0.0043,0,0,0.1812,Low,0.0008,22.0,7.0,7.0,Basic,Standard retention nurture
140021,0.0012,0,0,0.5769,Low,0.0007,33.0,10.0,10.0,Premium,Standard retention nurture
140022,0.9876,1,1,0.2335,Critical,0.2306,10512.0,3154.0,2654.0,Basic,Relationship manager follow-up
140023,0.0,0,0,0.3747,Low,0.0,0.0,0.0,0.0,Standard,Standard retention nurture
140024,0.0,0,0,0.7682,Low,0.0,0.0,0.0,0.0,Elite,Standard retention nurture
140025,0.9997,1,1,0.2591,Critical,0.259,9006.0,2702.0,2202.0,Standard,Relationship manager follow-up
140026,0.0,0,0,0.3858,Low,0.0,0.0,0.0,0.0,Standard,Standard retention nurture
140027,0.0201,0,0,0.2673,Low,0.0054,194.0,58.0,58.0,Standard,Standard retention nurture
140028,0.9978,1,1,0.2352,Critical,0.2347,3976.0,1193.0,693.0,Basic,Relationship manager follow-up
140029,0.0001,0,0,0.0833,Low,0.0,0.0,0.0,0.0,Basic,Standard retention nurture
140030,0.0001,0,0,0.2322,Low,0.0,1.0,0.0,0.0,Basic,Standard retention nurture
140031,0.0,0,0,0.3364,Low,0.0,0.0,0.0,0.0,Standard,Standard retention nurture
140032,0.9996,1,1,0.1852,Critical,0.1851,8385.0,2516.0,2016.0,Basic,Relationship manager follow-up
140033,0.0,0,0,0.3058,Low,0.0,0.0,0.0,0.0,Standard,Standard retention nurture
140034,0.9999,1,1,0.1358,Critical,0.1358,3141.0,942.0,442.0,Basic,Relationship manager follow-up
140035,0.0002,0,0,0.1536,Low,0.0,1.0,0.0,0.0,Basic,Standard retention nurture
140036,0.0047,0,0,0.5221,Low,0.0025,118.0,35.0,35.0,Premium,Standard retention nurture
140037,0.0,0,0,0.3277,Low,0.0,0.0,0.0,0.0,Standard,Standard retention nurture
140038,0.0,0,0,0.608,Low,0.0,0.0,0.0,0.0,Premium,Standard retention nurture
140039,0.0,0,0,0.2141,Low,0.0,0.0,0.0,0.0,Basic,Standard retention nurture
140040,0.0,0,0,0.288,Low,0.0,0.0,0.0,0.0,Standard,Standard retention nurture
140041,0.0009,0,0,0.5742,Low,0.0005,19.0,6.0,6.0,Premium,Standard retention nurture
140042,0.0,0,0,0.4769,Low,0.0,0.0,0.0,0.0,Standard,Standard retention nurture
140043,0.0,0,0,0.2625,Low,0.0,0.0,0.0,0.0,Standard,Standard retention nurture
140044,0.0,0,0,0.5779,Low,0.0,0.0,0.0,0.0,Premium,Standard retention nurture
140045,0.0002,0,0,0.5583,Low,0.0001,5.0,2.0,2.0,Premium,Standard retention nurture
140046,0.0001,0,0,0.1863,Low,0.0,1.0,0.0,0.0,Basic,Standard retention nurture
140047,0.0017,0,0,0.4068,Low,0.0007,18.0,5.0,5.0,Standard,Standard retention nurture
140048,0.0,0,0,0.4316,Low,0.0,0.0,0.0,0.0,Standard,Standard retention nurture
140049,0.0003,0,0,0.4382,Low,0.0001,6.0,2.0,2.0,Standard,Standard retention nurture
140050,0.0051,0,0,0.4977,Low,0.0025,124.0,37.0,37.0,Standard,Standard retention nurture
140051,0.921,1,1,0.2744,Critical,0.2527,3933.0,1180.0,680.0,Standard,Relationship manager follow-up
140052,0.0,0,0,0.5275,Low,0.0,0.0,0.0,0.0,Premium,Standard retention nurture
140053,0.9999,1,1,0.1218,Critical,0.1218,5634.0,1690.0,1190.0,Basic,Relationship manager follow-up
140054,0.0,0,0,0.4626,Low,0.0,0.0,0.0,0.0,Standard,Standard retention nurture
140055,0.0,0,0,0.3539,Low,0.0,0.0,0.0,0.0,Standard,Standard retention nurture
140056,0.0,0,0,0.4214,Low,0.0,0.0,0.0,0.0,Standard,Standard retention nurture
140057,0.0,0,0,0.364,Low,0.0,0.0,0.0,0.0,Standard,Standard retention nurture
140058,0.0,0,0,0.1385,Low,0.0,0.0,0.0,0.0,Basic,Standard retention nurture
140059,0.0,0,0,0.1666,Low,0.0,0.0,0.0,0.0,Basic,Standard retention nurture
140060,0.0,0,0,0.3983,Low,0.0,0.0,0.0,0.0,Standard,Standard retention nurture
140061,0.0,0,0,0.174,Low,0.0,0.0,0.0,0.0,Basic,Standard retention nurture
140062,0.9986,1,1,0.1022,Critical,0.1021,3476.0,1043.0,543.0,Basic,Relationship manager follow-up
140063,0.0,0,0,0.1394,Low,0.0,0.0,0.0,0.0,Basic,Standard retention nurture
140064,0.0,0,0,0.8593,Low,0.0,0.0,0.0,0.0,Elite,Standard retention nurture
140065,0.0002,0,0,0.0746,Low,0.0,1.0,0.0,0.0,Basic,Standard retention nurture
140066,0.0,0,0,0.4144,Low,0.0,0.0,0.0,0.0,Standard,Standard retention nurture
140067,0.0,0,0,0.2401,Low,0.0,0.0,0.0,0.0,Basic,Standard retention nurture
140068,1.0,1,1,0.1201,Critical,0.1201,5427.0,1628.0,1128.0,Basic,Relationship manager follow-up
140069,0.7685,1,1,0.244,Critical,0.1875,8981.0,2694.0,2194.0,Basic,Relationship manager follow-up
140070,0.0,0,0,0.4479,Low,0.0,0.0,0.0,0.0,Standard,Standard retention nurture
140071,0.0,0,0,0.4121,Low,0.0,0.0,0.0,0.0,Standard,Standard retention nurture
140072,0.0,0,0,0.5234,Low,0.0,0.0,0.0,0.0,Premium,Standard retention nurture
140073,0.9545,1,0,0.1225,Critical,0.1169,5848.0,1754.0,1254.0,Basic,Relationship manager follow-up
140074,1.0,1,1,0.2089,Critical,0.2089,5201.0,1560.0,1060.0,Basic,Relationship manager follow-up
140075,0.0,0,0,0.4121,Low,0.0,0.0,0.0,0.0,Standard,Standard retention nurture
140076,0.0191,0,0,0.5605,Low,0.0107,455.0,136.0,136.0,Premium,Standard retention nurture
140077,0.0,0,0,0.3655,Low,0.0,0.0,0.0,0.0,Standard,Standard retention nurture
140078,1.0,1,1,0.2902,Critical,0.2902,6860.0,2058.0,1558.0,Standard,Relationship manager follow-up
140079,0.0,0,0,0.549,Low,0.0,0.0,0.0,0.0,Premium,Standard retention nurture
140080,0.0,0,0,0.2866,Low,0.0,0.0,0.0,0.0,Standard,Standard retention nurture
140081,0.0,0,0,0.3727,Low,0.0,0.0,0.0,0.0,Standard,Standard retention nurture
140082,0.0001,0,0,0.3862,Low,0.0,2.0,1.0,1.0,Standard,Standard retention nurture
140083,0.0676,0,0,0.374,Low,0.0253,826.0,248.0,248.0,Standard,Standard retention nurture
140084,0.0001,0,0,0.3571,Low,0.0,1.0,0.0,0.0,Standard,Standard retention nurture
140085,0.0,0,0,0.4036,Low,0.0,0.0,0.0,0.0,Standard,Standard retention nurture
140086,0.9808,1,1,0.3418,Critical,0.3352,7938.0,2381.0,1881.0,Standard,Relationship manager follow-up
140087,0.0001,0,0,0.4192,Low,0.0,1.0,0.0,0.0,Standard,Standard retention nurture
140088,0.0721,0,0,0.3585,Low,0.0258,1187.0,356.0,356.0,Standard,Standard retention nurture
140089,0.0,0,0,0.2652,Low,0.0,0.0,0.0,0.0,Standard,Standard retention nurture
140090,0.0018,0,0,0.3283,Low,0.0006,26.0,8.0,8.0,Standard,Standard retention nurture
140091,0.0,0,0,0.6229,Low,0.0,0.0,0.0,0.0,Premium,Standard retention nurture
140092,0.0001,0,0,0.2685,Low,0.0,1.0,0.0,0.0,Standard,Standard retention nurture
140093,0.0,0,0,0.2226,Low,0.0,0.0,0.0,0.0,Basic,Standard retention nurture
140094,0.0,0,0,0.5588,Low,0.0,0.0,0.0,0.0,Premium,Standard retention nurture
140095,0.0,0,0,0.4647,Low,0.0,0.0,0.0,0.0,Standard,Standard retention nurture
140096,0.0,0,0,0.5315,Low,0.0,0.0,0.0,0.0,Premium,Standard retention nurture
140097,0.0,0,0,0.2847,Low,0.0,0.0,0.0,0.0,Standard,Standard retention nurture
140098,0.6189,1,0,0.4483,High,0.2775,7477.0,2243.0,1743.0,Standard,Relationship manager follow-up
140099,0.0,0,0,0.2578,Low,0.0,0.0,0.0,0.0,Standard,Standard retention nurture
140100,0.0001,0,0,0.8066,Low,0.0001,4.0,1.0,1.0,Elite,Standard retention nurture
140101,0.0005,0,0,0.4965,Low,0.0002,9.0,3.0,3.0,Standard,Standard retention nurture
140102,0.0,0,0,0.1555,Low,0.0,0.0,0.0,0.0,Basic,Standard retention nurture
140103,0.0,0,0,0.7606,Low,0.0,0.0,0.0,0.0,Elite,Standard retention nurture
140104,0.0,0,0,0.2057,Low,0.0,0.0,0.0,0.0,Basic,Standard retention nurture
140105,0.0,0,0,0.2458,Low,0.0,0.0,0.0,0.0,Basic,Standard retention nurture
140106,0.9721,1,1,0.3557,Critical,0.3458,6270.0,1881.0,1381.0,Standard,Relationship manager follow-up
140107,0.0005,0,0,0.7865,Low,0.0004,15.0,4.0,4.0,Elite,Standard retention nurture
140108,0.0,0,0,0.4532,Low,0.0,0.0,0.0,0.0,Standard,Standard retention nurture
140109,0.0,0,0,0.2169,Low,0.0,0.0,0.0,0.0,Basic,Standard retention nurture
140110,0.0,0,0,0.2781,Low,0.0,0.0,0.0,0.0,Standard,Standard retention nurture
140111,0.0006,0,0,0.4135,Low,0.0002,11.0,3.0,3.0,Standard,Standard retention nurture
140112,0.001,0,0,0.7645,Low,0.0008,35.0,10.0,10.0,Elite,Standard retention nurture
140113,0.0002,0,0,0.2364,Low,0.0,2.0,1.0,1.0,Basic,Standard retention nurture
140114,0.0,0,0,0.1846,Low,0.0,0.0,0.0,0.0,Basic,Standard retention nurture
140115,0.0,0,0,0.2656,Low,0.0,0.0,0.0,0.0,Standard,Standard retention nurture
140116,0.0002,0,0,0.6905,Low,0.0001,6.0,2.0,2.0,Premium,Standard retention nurture
140117,0.0008,0,0,0.2559,Low,0.0002,9.0,3.0,3.0,Standard,Standard retention nurture
140118,0.0,0,0,0.4193,Low,0.0,0.0,0.0,0.0,Standard,Standard retention nurture
140119,0.0,0,0,0.5029,Low,0.0,0.0,0.0,0.0,Premium,Standard retention nurture
140120,0.0,0,0,0.4584,Low,0.0,0.0,0.0,0.0,Standard,Standard retention nurture
140121,0.0004,0,0,0.3902,Low,0.0002,7.0,2.0,2.0,Standard,Standard retention nurture
140122,0.0001,0,0,0.1352,Low,0.0,0.0,0.0,0.0,Basic,Standard retention nurture
140123,0.9994,1,1,0.3726,Critical,0.3724,18979.0,5694.0,5194.0,Standard,Relationship manager follow-up
140124,0.0,0,0,0.2706,Low,0.0,0.0,0.0,0.0,Standard,Standard retention nurture
140125,0.0,0,0,0.298,Low,0.0,0.0,0.0,0.0,Standard,Standard retention nurture
140126,0.0013,0,0,0.2329,Low,0.0003,15.0,4.0,4.0,Basic,Standard retention nurture
140127,0.0,0,0,0.3804,Low,0.0,0.0,0.0,0.0,Standard,Standard retention nurture
140128,0.0,0,0,0.2547,Low,0.0,0.0,0.0,0.0,Standard,Standard retention nurture
140129,0.9999,1,1,0.2398,Critical,0.2398,7246.0,2174.0,1674.0,Basic,Relationship manager follow-up
140130,0.9871,1,1,0.2572,Critical,0.2539,3762.0,1129.0,629.0,Standard,Relationship manager follow-up
140131,0.0,0,0,0.2022,Low,0.0,0.0,0.0,0.0,Basic,Standard retention nurture
140132,0.0,0,0,0.3471,Low,0.0,0.0,0.0,0.0,Standard,Standard retention nurture
140133,0.0001,0,0,0.4395,Low,0.0,1.0,0.0,0.0,Standard,Standard retention nurture
140134,0.0007,0,0,0.3135,Low,0.0002,8.0,2.0,2.0,Standard,Standard retention nurture
140135,1.0,1,1,0.3492,Critical,0.3492,8365.0,2510.0,2010.0,Standard,Relationship manager follow-up
140136,0.0,0,0,0.1896,Low,0.0,0.0,0.0,0.0,Basic,Standard retention nurture
140137,0.9524,1,0,0.7919,Critical,0.7542,34877.0,10463.0,9963.0,Elite,Relationship manager follow-up
140138,0.0031,0,0,0.3529,Low,0.0011,16.0,5.0,5.0,Standard,Standard retention nurture
140139,0.0,0,0,0.5313,Low,0.0,0.0,0.0,0.0,Premium,Standard retention nurture
140140,0.0,0,0,0.782,Low,0.0,0.0,0.0,0.0,Elite,Standard retention nurture
140141,0.9999,1,1,0.1416,Critical,0.1416,5580.0,1674.0,1174.0,Basic,Relationship manager follow-up
140142,0.0,0,0,0.3018,Low,0.0,0.0,0.0,0.0,Standard,Standard retention nurture
140143,0.9862,1,1,0.6925,Critical,0.6829,29598.0,8879.0,8379.0,Premium,Relationship manager follow-up
140144,0.0,0,0,0.3532,Low,0.0,0.0,0.0,0.0,Standard,Standard retention nurture
140145,0.0,0,0,0.5304,Low,0.0,0.0,0.0,0.0,Premium,Standard retention nurture
140146,1.0,1,1,0.3237,Critical,0.3237,8419.0,2526.0,2026.0,Standard,Relationship manager follow-up
140147,0.0,0,0,0.4173,Low,0.0,0.0,0.0,0.0,Standard,Standard retention nurture
140148,0.0005,0,0,0.3524,Low,0.0002,3.0,1.0,1.0,Standard,Standard retention nurture
140149,0.9976,1,1,0.3459,Critical,0.3451,10314.0,3094.0,2594.0,Standard,Relationship manager follow-up
140150,0.0,0,0,0.7868,Low,0.0,0.0,0.0,0.0,Elite,Standard retention nurture
140151,0.0,0,0,0.3488,Low,0.0,0.0,0.0,0.0,Standard,Standard retention nurture
140152,0.0,0,0,0.15,Low,0.0,0.0,0.0,0.0,Basic,Standard retention nurture
140153,0.0,0,0,0.282,Low,0.0,0.0,0.0,0.0,Standard,Standard retention nurture
140154,0.0,0,0,0.5189,Low,0.0,0.0,0.0,0.0,Premium,Standard retention nurture
140155,0.0,0,0,0.4073,Low,0.0,0.0,0.0,0.0,Standard,Standard retention nurture
140156,0.0,0,0,0.3086,Low,0.0,0.0,0.0,0.0,Standard,Standard retention nurture
140157,0.0,0,0,0.3367,Low,0.0,0.0,0.0,0.0,Standard,Standard retention nurture
140158,0.0,0,0,0.4015,Low,0.0,0.0,0.0,0.0,Standard,Standard retention nurture
140159,0.0001,0,0,0.7398,Low,0.0001,3.0,1.0,1.0,Premium,Standard retention nurture
140160,0.0008,0,0,0.3995,Low,0.0003,15.0,4.0,4.0,Standard,Standard retention nurture
140161,0.0007,0,0,0.2204,Low,0.0002,3.0,1.0,1.0,Basic,Standard retention nurture
140162,0.0,0,0,0.226,Low,0.0,0.0,0.0,0.0,Basic,Standard retention nurture
140163,0.0,0,0,0.3157,Low,0.0,0.0,0.0,0.0,Standard,Standard retention nurture
140164,0.0,0,0,0.3735,Low,0.0,0.0,0.0,0.0,Standard,Standard retention nurture
140165,0.0,0,0,0.105,Low,0.0,0.0,0.0,0.0,Basic,Standard retention nurture
140166,0.9993,1,1,0.4086,Critical,0.4083,16884.0,5065.0,4565.0,Standard,Relationship manager follow-up
140167,0.0,0,0,0.2055,Low,0.0,0.0,0.0,0.0,Basic,Standard retention nurture
140168,0.0,0,0,0.2641,Low,0.0,0.0,0.0,0.0,Standard,Standard retention nurture
140169,0.0,0,0,0.5629,Low,0.0,0.0,0.0,0.0,Premium,Standard retention nurture
140170,0.0,0,0,0.3869,Low,0.0,0.0,0.0,0.0,Standard,Standard retention nurture
140171,0.0044,0,0,0.1994,Low,0.0009,19.0,6.0,6.0,Basic,Standard retention nurture
140172,0.9999,1,1,0.2388,Critical,0.2388,5888.0,1766.0,1266.0,Basic,Relationship manager follow-up
140173,0.0863,0,0,0.1747,Low,0.0151,408.0,122.0,122.0,Basic,Standard retention nurture
140174,0.0004,0,0,0.4565,Low,0.0002,9.0,3.0,3.0,Standard,Standard retention nurture
140175,0.0,0,0,0.1685,Low,0.0,0.0,0.0,0.0,Basic,Standard retention nurture
140176,0.0,0,0,0.18,Low,0.0,0.0,0.0,0.0,Basic,Standard retention nurture
140177,0.0949,0,0,0.4097,Low,0.0389,1490.0,447.0,447.0,Standard,Standard retention nurture
140178,0.9494,1,1,0.3045,Critical,0.2891,13504.0,4051.0,3551.0,Standard,Relationship manager follow-up
140179,0.0,0,0,0.318,Low,0.0,0.0,0.0,0.0,Standard,Standard retention nurture
140180,0.0229,0,0,0.2512,Low,0.0058,161.0,48.0,48.0,Standard,Standard retention nurture
140181,0.1702,1,1,0.1061,Low,0.0181,136.0,41.0,-459.0,Basic,Relationship manager follow-up
140182,0.0,0,0,0.3826,Low,0.0,0.0,0.0,0.0,Standard,Standard retention nurture
140183,0.0044,0,0,0.2699,Low,0.0012,34.0,10.0,10.0,Standard,Standard retention nurture
140184,0.0,0,0,0.4455,Low,0.0,0.0,0.0,0.0,Standard,Standard retention nurture
140185,0.0001,0,0,0.1718,Low,0.0,0.0,0.0,0.0,Basic,Standard retention nurture
140186,0.0,0,0,0.4709,Low,0.0,0.0,0.0,0.0,Standard,Standard retention nurture
140187,0.0,0,0,0.5663,Low,0.0,0.0,0.0,0.0,Premium,Standard retention nurture
140188,0.0005,0,0,0.1806,Low,0.0001,2.0,1.0,1.0,Basic,Standard retention nurture
140189,0.0,0,0,0.4002,Low,0.0,0.0,0.0,0.0,Standard,Standard retention nurture
140190,1.0,1,1,0.0578,Critical,0.0578,1594.0,478.0,-22.0,Basic,Relationship manager follow-up
140191,0.0,0,0,0.3001,Low,0.0,0.0,0.0,0.0,Standard,Standard retention nurture
140192,0.0004,0,0,0.8277,Low,0.0003,15.0,4.0,4.0,Elite,Standard retention nurture
140193,0.0,0,0,0.493,Low,0.0,0.0,0.0,0.0,Standard,Standard retention nurture
140194,0.0,0,0,0.1871,Low,0.0,0.0,0.0,0.0,Basic,Standard retention nurture
140195,0.0,0,0,0.92,Low,0.0,0.0,0.0,0.0,Elite,Standard retention nurture
140196,0.0,0,0,0.445,Low,0.0,0.0,0.0,0.0,Standard,Standard retention nurture
140197,0.0,0,0,0.3112,Low,0.0,0.0,0.0,0.0,Standard,Standard retention nurture
140198,0.9992,1,1,0.0731,Critical,0.073,2065.0,620.0,120.0,Basic,Relationship manager follow-up
140199,0.0,0,0,0.4055,Low,0.0,0.0,0.0,0.0,Standard,Standard retention nurture
140200,0.0,0,0,0.66,Low,0.0,0.0,0.0,0.0,Premium,Standard retention nurture
140201,0.9992,1,1,0.2643,Critical,0.2641,11521.0,3456.0,2956.0,Standard,Relationship manager follow-up
140202,1.0,1,1,0.093,Critical,0.093,3092.0,928.0,428.0,Basic,Relationship manager follow-up
140203,0.0,0,0,0.2898,Low,0.0,0.0,0.0,0.0,Standard,Standard retention nurture
140204,0.0,0,0,0.4046,Low,0.0,0.0,0.0,0.0,Standard,Standard retention nurture
140205,0.0,0,0,0.5583,Low,0.0,0.0,0.0,0.0,Premium,Standard retention nurture
140206,0.0075,0,0,0.4064,Low,0.003,113.0,34.0,34.0,Standard,Standard retention nurture
140207,0.0,0,0,0.6457,Low,0.0,0.0,0.0,0.0,Premium,Standard retention nurture
140208,0.0001,0,0,0.7655,Low,0.0001,3.0,1.0,1.0,Elite,Standard retention nurture
140209,0.0,0,0,0.3119,Low,0.0,0.0,0.0,0.0,Standard,Standard retention nurture
140210,0.0001,0,0,0.7762,Low,0.0001,3.0,1.0,1.0,Elite,Standard retention nurture
140211,0.0,0,0,0.2851,Low,0.0,0.0,0.0,0.0,Standard,Standard retention nurture
140212,0.0,0,0,0.5957,Low,0.0,0.0,0.0,0.0,Premium,Standard retention nurture
140213,0.0,0,0,0.4004,Low,0.0,0.0,0.0,0.0,Standard,Standard retention nurture
140214,0.0,0,0,0.3317,Low,0.0,0.0,0.0,0.0,Standard,Standard retention nurture
140215,0.9999,1,1,0.121,Critical,0.121,5925.0,1778.0,1278.0,Basic,Relationship manager follow-up
140216,0.0179,0,0,0.139,Low,0.0025,54.0,16.0,16.0,Basic,Standard retention nurture
140217,0.0,0,0,0.3778,Low,0.0,0.0,0.0,0.0,Standard,Standard retention nurture
140218,0.0,0,0,0.6038,Low,0.0,0.0,0.0,0.0,Premium,Standard retention nurture
140219,0.0,0,0,0.7486,Low,0.0,0.0,0.0,0.0,Premium,Standard retention nurture
140220,0.0,0,0,0.4274,Low,0.0,0.0,0.0,0.0,Standard,Standard retention nurture
140221,1.0,1,1,0.2657,Critical,0.2657,8071.0,2421.0,1921.0,Standard,Relationship manager follow-up
140222,0.0,0,0,0.6511,Low,0.0,0.0,0.0,0.0,Premium,Standard retention nurture
140223,0.0,0,0,0.2772,Low,0.0,0.0,0.0,0.0,Standard,Standard retention nurture
140224,0.9364,1,1,0.4653,Critical,0.4357,17380.0,5214.0,4714.0,Standard,Relationship manager follow-up
140225,0.0002,0,0,0.2521,Low,0.0001,1.0,0.0,0.0,Standard,Standard retention nurture
140226,0.0034,0,0,0.3675,Low,0.0012,16.0,5.0,5.0,Standard,Standard retention nurture
140227,0.0024,0,0,0.2141,Low,0.0005,26.0,8.0,8.0,Basic,Standard retention nurture
140228,0.0033,0,0,0.2268,Low,0.0007,28.0,8.0,8.0,Basic,Standard retention nurture
140229,0.0,0,0,0.2346,Low,0.0,0.0,0.0,0.0,Basic,Standard retention nurture
140230,0.0031,0,0,0.2245,Low,0.0007,23.0,7.0,7.0,Basic,Standard retention nurture
140231,0.0,0,0,0.2173,Low,0.0,0.0,0.0,0.0,Basic,Standard retention nurture
140232,0.0,0,0,0.4955,Low,0.0,0.0,0.0,0.0,Standard,Standard retention nurture
140233,0.9908,1,1,0.3454,Critical,0.3422,9134.0,2740.0,2240.0,Standard,Relationship manager follow-up
140234,0.0005,0,0,0.2231,Low,0.0001,5.0,2.0,2.0,Basic,Standard retention nurture
140235,0.0001,0,0,0.0832,Low,0.0,0.0,0.0,0.0,Basic,Standard retention nurture
140236,0.9999,1,1,0.1193,Critical,0.1193,3176.0,953.0,453.0,Basic,Relationship manager follow-up
140237,0.0,0,0,0.6072,Low,0.0,0.0,0.0,0.0,Premium,Standard retention nurture
140238,0.0,0,0,0.7102,Low,0.0,0.0,0.0,0.0,Premium,Standard retention nurture
140239,0.0,0,0,0.2442,Low,0.0,0.0,0.0,0.0,Basic,Standard retention nurture
140240,0.0,0,0,0.7376,Low,0.0,0.0,0.0,0.0,Premium,Standard retention nurture
140241,0.0001,0,0,0.2708,Low,0.0,1.0,0.0,0.0,Standard,Standard retention nurture
140242,0.0001,0,0,0.2879,Low,0.0,1.0,0.0,0.0,Standard,Standard retention nurture
140243,0.0,0,0,0.479,Low,0.0,0.0,0.0,0.0,Standard,Standard retention nurture
140244,0.0,0,0,0.6479,Low,0.0,0.0,0.0,0.0,Premium,Standard retention nurture
140245,0.0005,0,0,0.0961,Low,0.0,1.0,0.0,0.0,Basic,Standard retention nurture
140246,0.0,0,0,0.7783,Low,0.0,0.0,0.0,0.0,Elite,Standard retention nurture
140247,0.0,0,0,0.2657,Low,0.0,0.0,0.0,0.0,Standard,Standard retention nurture
140248,1.0,1,1,0.1967,Critical,0.1967,3605.0,1082.0,582.0,Basic,Relationship manager follow-up
140249,0.0,0,0,0.3463,Low,0.0,0.0,0.0,0.0,Standard,Standard retention nurture
140250,0.0002,0,0,0.2055,Low,0.0,1.0,0.0,0.0,Basic,Standard retention nurture
140251,0.0138,0,0,0.2061,Low,0.0028,110.0,33.0,33.0,Basic,Standard retention nurture
140252,0.0,0,0,0.2055,Low,0.0,0.0,0.0,0.0,Basic,Standard retention nurture
140253,0.0,0,0,0.7264,Low,0.0,0.0,0.0,0.0,Premium,Standard retention nurture
140254,0.0003,0,0,0.3611,Low,0.0001,4.0,1.0,1.0,Standard,Standard retention nurture
140255,0.0015,0,0,0.2645,Low,0.0004,16.0,5.0,5.0,Standard,Standard retention nurture
140256,0.0,0,0,0.2161,Low,0.0,0.0,0.0,0.0,Basic,Standard retention nurture
140257,0.0001,0,0,0.1054,Low,0.0,0.0,0.0,0.0,Basic,Standard retention nurture
140258,0.0701,0,0,0.608,Low,0.0426,1083.0,325.0,325.0,Premium,Standard retention nurture
140259,0.9998,1,1,0.3555,Critical,0.3554,13054.0,3916.0,3416.0,Standard,Relationship manager follow-up
140260,0.0,0,0,0.5875,Low,0.0,0.0,0.0,0.0,Premium,Standard retention nurture
140261,0.0001,0,0,0.3343,Low,0.0,1.0,0.0,0.0,Standard,Standard retention nurture
140262,0.0,0,0,0.4126,Low,0.0,0.0,0.0,0.0,Standard,Standard retention nurture
140263,0.0,0,0,0.7031,Low,0.0,0.0,0.0,0.0,Premium,Standard retention nurture
140264,0.0,0,0,0.6949,Low,0.0,0.0,0.0,0.0,Premium,Standard retention nurture
140265,0.0,0,0,0.2246,Low,0.0,0.0,0.0,0.0,Basic,Standard retention nurture
140266,0.0,0,0,0.4918,Low,0.0,0.0,0.0,0.0,Standard,Standard retention nurture
140267,0.0001,0,0,0.2703,Low,0.0,1.0,0.0,0.0,Standard,Standard retention nurture
140268,0.0604,0,0,0.1335,Low,0.0081,438.0,131.0,131.0,Basic,Standard retention nurture
140269,0.0,0,0,0.8028,Low,0.0,0.0,0.0,0.0,Elite,Standard retention nurture
140270,1.0,1,1,0.2265,Critical,0.2265,3979.0,1194.0,694.0,Basic,Relationship manager follow-up
140271,0.0,0,0,0.2821,Low,0.0,0.0,0.0,0.0,Standard,Standard retention nurture
140272,0.0005,0,0,0.1843,Low,0.0001,4.0,1.0,1.0,Basic,Standard retention nurture
140273,0.0,0,0,0.2191,Low,0.0,0.0,0.0,0.0,Basic,Standard retention nurture
140274,0.0,0,0,0.3953,Low,0.0,0.0,0.0,0.0,Standard,Standard retention nurture
140275,0.997,1,1,0.331,Critical,0.33,13972.0,4192.0,3692.0,Standard,Relationship manager follow-up
140276,0.0,0,0,0.8814,Low,0.0,0.0,0.0,0.0,Elite,Standard retention nurture
140277,0.0,0,0,0.6799,Low,0.0,0.0,0.0,0.0,Premium,Standard retention nurture
140278,0.9893,1,1,0.1032,Critical,0.1021,2404.0,721.0,221.0,Basic,Relationship manager follow-up
140279,0.0,0,0,0.5298,Low,0.0,0.0,0.0,0.0,Premium,Standard retention nurture
140280,0.0036,0,0,0.2647,Low,0.001,22.0,7.0,7.0,Standard,Standard retention nurture
140281,0.9807,1,1,0.0644,Critical,0.0632,3409.0,1023.0,523.0,Basic,Relationship manager follow-up
140282,0.0,0,0,0.255,Low,0.0,0.0,0.0,0.0,Standard,Standard retention nurture
140283,1.0,1,1,0.3153,Critical,0.3153,9080.0,2724.0,2224.0,Standard,Relationship manager follow-up
140284,0.0277,0,0,0.2983,Low,0.0083,174.0,52.0,52.0,Standard,Standard retention nurture
140285,0.0,0,0,0.4229,Low,0.0,0.0,0.0,0.0,Standard,Standard retention nurture
140286,0.9983,1,1,0.5064,Critical,0.5055,15317.0,4595.0,4095.0,Premium,Relationship manager follow-up
140287,0.0,0,0,0.4011,Low,0.0,0.0,0.0,0.0,Standard,Standard retention nurture
140288,0.0,0,0,0.5418,Low,0.0,0.0,0.0,0.0,Premium,Standard retention nurture
140289,0.0,0,0,0.2733,Low,0.0,0.0,0.0,0.0,Standard,Standard retention nurture
140290,1.0,1,1,0.1385,Critical,0.1385,5262.0,1579.0,1079.0,Basic,Relationship manager follow-up
140291,0.0,0,0,0.5364,Low,0.0,0.0,0.0,0.0,Premium,Standard retention nurture
140292,0.0,0,0,0.3987,Low,0.0,0.0,0.0,0.0,Standard,Standard retention nurture
140293,0.0,0,0,0.5114,Low,0.0,0.0,0.0,0.0,Premium,Standard retention nurture
140294,0.0,0,0,0.2347,Low,0.0,0.0,0.0,0.0,Basic,Standard retention nurture
140295,0.0,0,0,0.2519,Low,0.0,0.0,0.0,0.0,Standard,Standard retention nurture
140296,0.9999,1,1,0.1049,Critical,0.1049,3423.0,1027.0,527.0,Basic,Relationship manager follow-up
140297,0.0,0,0,0.5646,Low,0.0,0.0,0.0,0.0,Premium,Standard retention nurture
140298,0.0001,0,0,0.4624,Low,0.0,2.0,1.0,1.0,Standard,Standard retention nurture
140299,0.0,0,0,0.3775,Low,0.0,0.0,0.0,0.0,Standard,Standard retention nurture
140300,0.0,0,0,0.2348,Low,0.0,0.0,0.0,0.0,Basic,Standard retention nurture
140301,0.9998,1,1,0.3524,Critical,0.3523,12178.0,3653.0,3153.0,Standard,Relationship manager follow-up
140302,0.0,0,0,0.5106,Low,0.0,0.0,0.0,0.0,Premium,Standard retention nurture
140303,0.0,0,0,0.5095,Low,0.0,0.0,0.0,0.0,Premium,Standard retention nurture
140304,0.0,0,0,0.5268,Low,0.0,0.0,0.0,0.0,Premium,Standard retention nurture
140305,0.0,0,0,0.2322,Low,0.0,0.0,0.0,0.0,Basic,Standard retention nurture
140306,0.0003,0,0,0.2023,Low,0.0001,2.0,1.0,1.0,Basic,Standard retention nurture
140307,0.0017,0,0,0.2194,Low,0.0004,16.0,5.0,5.0,Basic,Standard retention nurture
140308,0.0,0,0,0.2866,Low,0.0,0.0,0.0,0.0,Standard,Standard retention nurture
140309,0.0,0,0,0.316,Low,0.0,0.0,0.0,0.0,Standard,Standard retention nurture
140310,0.0004,0,0,0.3248,Low,0.0001,3.0,1.0,1.0,Standard,Standard retention nurture
140311,0.0007,0,0,0.4205,Low,0.0003,8.0,2.0,2.0,Standard,Standard retention nurture
140312,0.0005,0,0,0.1736,Low,0.0001,2.0,1.0,1.0,Basic,Standard retention nurture
140313,0.0,0,0,0.2957,Low,0.0,0.0,0.0,0.0,Standard,Standard retention nurture
140314,0.0,0,0,0.1671,Low,0.0,0.0,0.0,0.0,Basic,Standard retention nurture
140315,0.0,0,0,0.3768,Low,0.0,0.0,0.0,0.0,Standard,Standard retention nurture
140316,0.0,0,0,0.1771,Low,0.0,0.0,0.0,0.0,Basic,Standard retention nurture
140317,0.0,0,0,0.319,Low,0.0,0.0,0.0,0.0,Standard,Standard retention nurture
140318,0.0,0,0,0.4084,Low,0.0,0.0,0.0,0.0,Standard,Standard retention nurture
140319,0.0002,0,0,0.147,Low,0.0,1.0,0.0,0.0,Basic,Standard retention nurture
140320,0.0,0,0,0.528,Low,0.0,0.0,0.0,0.0,Premium,Standard retention nurture
140321,0.0,0,0,0.2613,Low,0.0,0.0,0.0,0.0,Standard,Standard retention nurture
140322,0.0001,0,0,0.1529,Low,0.0,0.0,0.0,0.0,Basic,Standard retention nurture
140323,0.0002,0,0,0.8074,Low,0.0002,7.0,2.0,2.0,Elite,Standard retention nurture
140324,0.0,0,0,0.5416,Low,0.0,0.0,0.0,0.0,Premium,Standard retention nurture
140325,0.0,0,0,0.5378,Low,0.0,0.0,0.0,0.0,Premium,Standard retention nurture
140326,0.0005,0,0,0.2692,Low,0.0001,5.0,2.0,2.0,Standard,Standard retention nurture
140327,0.0,0,0,0.1635,Low,0.0,0.0,0.0,0.0,Basic,Standard retention nurture
140328,0.9986,1,1,0.2994,Critical,0.299,7186.0,2156.0,1656.0,Standard,Relationship manager follow-up
140329,0.0002,0,0,0.3931,Low,0.0001,2.0,1.0,1.0,Standard,Standard retention nurture
140330,0.0,0,0,0.6851,Low,0.0,0.0,0.0,0.0,Premium,Standard retention nurture
140331,0.0,0,0,0.3603,Low,0.0,0.0,0.0,0.0,Standard,Standard retention nurture
140332,0.0,0,0,0.2716,Low,0.0,0.0,0.0,0.0,Standard,Standard retention nurture
140333,0.0001,0,0,0.8008,Low,0.0001,4.0,1.0,1.0,Elite,Standard retention nurture
140334,0.9999,1,1,0.2459,Critical,0.2459,6561.0,1968.0,1468.0,Basic,Relationship manager follow-up
140335,0.0015,0,0,0.5862,Low,0.0009,33.0,10.0,10.0,Premium,Standard retention nurture
140336,0.0,0,0,0.6003,Low,0.0,0.0,0.0,0.0,Premium,Standard retention nurture
140337,0.0,0,0,0.3944,Low,0.0,0.0,0.0,0.0,Standard,Standard retention nurture
140338,0.0031,0,0,0.4374,Low,0.0014,35.0,10.0,10.0,Standard,Standard retention nurture
140339,0.0,0,0,0.2078,Low,0.0,0.0,0.0,0.0,Basic,Standard retention nurture
140340,0.9635,1,1,0.1506,Critical,0.1451,2677.0,803.0,303.0,Basic,Relationship manager follow-up
140341,0.0049,0,0,0.6905,Low,0.0034,161.0,48.0,48.0,Premium,Standard retention nurture
140342,0.0001,0,0,0.2342,Low,0.0,1.0,0.0,0.0,Basic,Standard retention nurture
140343,0.0,0,0,0.1941,Low,0.0,0.0,0.0,0.0,Basic,Standard retention nurture
140344,0.0001,0,0,0.2355,Low,0.0,1.0,0.0,0.0,Basic,Standard retention nurture
140345,0.0001,0,0,0.4024,Low,0.0,1.0,0.0,0.0,Standard,Standard retention nurture
140346,0.0,0,0,0.4534,Low,0.0,0.0,0.0,0.0,Standard,Standard retention nurture
140347,0.0,0,0,0.4189,Low,0.0,0.0,0.0,0.0,Standard,Standard retention nurture
140348,0.9379,1,1,0.6044,Critical,0.5669,20589.0,6177.0,5677.0,Premium,Relationship manager follow-up
140349,0.9975,1,1,0.1064,Critical,0.1061,4669.0,1401.0,901.0,Basic,Relationship manager follow-up
140350,0.0004,0,0,0.5303,Low,0.0002,7.0,2.0,2.0,Premium,Standard retention nurture
140351,0.0,0,0,0.3423,Low,0.0,0.0,0.0,0.0,Standard,Standard retention nurture
140352,0.0,0,0,0.5292,Low,0.0,0.0,0.0,0.0,Premium,Standard retention nurture
140353,0.0003,0,0,0.1714,Low,0.0001,3.0,1.0,1.0,Basic,Standard retention nurture
140354,0.0,0,0,0.5836,Low,0.0,0.0,0.0,0.0,Premium,Standard retention nurture
140355,0.0,0,0,0.5291,Low,0.0,0.0,0.0,0.0,Premium,Standard retention nurture
140356,0.0,0,0,0.1608,Low,0.0,0.0,0.0,0.0,Basic,Standard retention nurture
140357,0.0101,0,0,0.5305,Low,0.0054,108.0,32.0,32.0,Premium,Standard retention nurture
140358,0.0,0,0,0.3319,Low,0.0,0.0,0.0,0.0,Standard,Standard retention nurture
140359,0.0001,0,0,0.7977,Low,0.0001,4.0,1.0,1.0,Elite,Standard retention nurture
140360,0.0006,0,0,0.2232,Low,0.0001,5.0,2.0,2.0,Basic,Standard retention nurture
140361,0.0,0,0,0.7863,Low,0.0,0.0,0.0,0.0,Elite,Standard retention nurture
140362,0.0,0,0,0.3711,Low,0.0,0.0,0.0,0.0,Standard,Standard retention nurture
140363,0.0001,0,0,0.8249,Low,0.0001,4.0,1.0,1.0,Elite,Standard retention nurture
140364,0.0,0,0,0.5159,Low,0.0,0.0,0.0,0.0,Premium,Standard retention nurture
140365,1.0,1,1,0.3697,Critical,0.3697,7001.0,2100.0,1600.0,Standard,Relationship manager follow-up
140366,0.0,0,0,0.5261,Low,0.0,0.0,0.0,0.0,Premium,Standard retention nurture
140367,0.0,0,0,0.4572,Low,0.0,0.0,0.0,0.0,Standard,Standard retention nurture
140368,0.0,0,0,0.3712,Low,0.0,0.0,0.0,0.0,Standard,Standard retention nurture
140369,0.9994,1,1,0.184,Critical,0.1839,4855.0,1456.0,956.0,Basic,Relationship manager follow-up
140370,0.0001,0,0,0.8716,Low,0.0001,4.0,1.0,1.0,Elite,Standard retention nurture
140371,0.0,0,0,0.5766,Low,0.0,0.0,0.0,0.0,Premium,Standard retention nurture
140372,0.0069,0,0,0.1275,Low,0.0009,54.0,16.0,16.0,Basic,Standard retention nurture
140373,0.0006,0,0,0.383,Low,0.0002,7.0,2.0,2.0,Standard,Standard retention nurture
140374,0.0,0,0,0.3047,Low,0.0,0.0,0.0,0.0,Standard,Standard retention nurture
140375,0.0002,0,0,0.4109,Low,0.0001,4.0,1.0,1.0,Standard,Standard retention nurture
140376,0.0408,0,0,0.4438,Low,0.0181,454.0,136.0,136.0,Standard,Standard retention nurture
140377,0.0,0,0,0.4009,Low,0.0,0.0,0.0,0.0,Standard,Standard retention nurture
140378,0.0021,0,0,0.5666,Low,0.0012,29.0,9.0,9.0,Premium,Standard retention nurture
140379,0.9958,1,1,0.4486,Critical,0.4467,14934.0,4480.0,3980.0,Standard,Relationship manager follow-up
140380,0.0,0,0,0.5486,Low,0.0,0.0,0.0,0.0,Premium,Standard retention nurture
140381,0.9998,1,1,0.4241,Critical,0.424,17369.0,5211.0,4711.0,Standard,Relationship manager follow-up
140382,0.8755,1,1,0.2203,Critical,0.1929,6169.0,1851.0,1351.0,Basic,Relationship manager follow-up
140383,0.0,0,0,0.3478,Low,0.0,0.0,0.0,0.0,Standard,Standard retention nurture
140384,0.0002,0,0,0.5346,Low,0.0001,4.0,1.0,1.0,Premium,Standard retention nurture
140385,0.0,0,0,0.4631,Low,0.0,0.0,0.0,0.0,Standard,Standard retention nurture
140386,0.0,0,0,0.3389,Low,0.0,0.0,0.0,0.0,Standard,Standard retention nurture
140387,0.0,0,0,0.3437,Low,0.0,0.0,0.0,0.0,Standard,Standard retention nurture
140388,0.9997,1,1,0.2597,Critical,0.2596,6942.0,2083.0,1583.0,Standard,Relationship manager follow-up
140389,0.0,0,0,0.3024,Low,0.0,0.0,0.0,0.0,Standard,Standard retention nurture
140390,0.0017,0,0,0.398,Low,0.0007,20.0,6.0,6.0,Standard,Standard retention nurture
140391,0.0005,0,0,0.1846,Low,0.0001,5.0,2.0,2.0,Basic,Standard retention nurture
140392,0.0,0,0,0.1961,Low,0.0,0.0,0.0,0.0,Basic,Standard retention nurture
140393,0.0005,0,0,0.4,Low,0.0002,10.0,3.0,3.0,Standard,Standard retention nurture
140394,0.0001,0,0,0.3911,Low,0.0,2.0,1.0,1.0,Standard,Standard retention nurture
140395,0.0,0,0,0.6602,Low,0.0,0.0,0.0,0.0,Premium,Standard retention nurture
140396,0.0,0,0,0.2102,Low,0.0,0.0,0.0,0.0,Basic,Standard retention nurture
140397,0.0008,0,0,0.3065,Low,0.0002,1.0,0.0,0.0,Standard,Standard retention nurture
140398,0.0,0,0,0.1807,Low,0.0,0.0,0.0,0.0,Basic,Standard retention nurture
140399,0.0001,0,0,0.4425,Low,0.0,2.0,1.0,1.0,Standard,Standard retention nurture
140400,0.0,0,0,0.7316,Low,0.0,0.0,0.0,0.0,Premium,Standard retention nurture
140401,0.0001,0,0,0.4811,Low,0.0,2.0,1.0,1.0,Standard,Standard retention nurture
140402,0.9999,1,1,0.0767,Critical,0.0767,3007.0,902.0,402.0,Basic,Relationship manager follow-up
140403,0.0,0,0,0.3669,Low,0.0,0.0,0.0,0.0,Standard,Standard retention nurture
140404,0.0002,0,0,0.2918,Low,0.0001,2.0,1.0,1.0,Standard,Standard retention nurture
140405,0.0,0,0,0.8333,Low,0.0,0.0,0.0,0.0,Elite,Standard retention nurture
140406,0.9961,1,1,0.6346,Critical,0.6321,21593.0,6478.0,5978.0,Premium,Relationship manager follow-up
140407,0.0,0,0,0.356,Low,0.0,0.0,0.0,0.0,Standard,Standard retention nurture
140408,0.0002,0,0,0.1895,Low,0.0,1.0,0.0,0.0,Basic,Standard retention nurture
140409,0.0,0,0,0.4378,Low,0.0,0.0,0.0,0.0,Standard,Standard retention nurture
140410,0.0,0,0,0.2634,Low,0.0,0.0,0.0,0.0,Standard,Standard retention nurture
140411,0.0,0,0,0.3976,Low,0.0,0.0,0.0,0.0,Standard,Standard retention nurture
140412,0.8128,1,1,0.3589,Critical,0.2917,12924.0,3877.0,3377.0,Standard,Relationship manager follow-up
140413,0.0,0,0,0.3726,Low,0.0,0.0,0.0,0.0,Standard,Standard retention nurture
140414,0.0021,0,0,0.2154,Low,0.0005,19.0,6.0,6.0,Basic,Standard retention nurture
140415,0.0001,0,0,0.5029,Low,0.0001,2.0,1.0,1.0,Premium,Standard retention nurture
140416,0.0,0,0,0.2433,Low,0.0,0.0,0.0,0.0,Basic,Standard retention nurture
140417,0.0,0,0,0.7302,Low,0.0,0.0,0.0,0.0,Premium,Standard retention nurture
140418,0.8394,1,1,0.1976,Critical,0.1659,8078.0,2423.0,1923.0,Basic,Relationship manager follow-up
140419,0.0072,0,0,0.3255,Low,0.0023,41.0,12.0,12.0,Standard,Standard retention nurture
140420,0.0012,0,0,0.205,Low,0.0002,9.0,3.0,3.0,Basic,Standard retention nurture
140421,0.0,0,0,0.2176,Low,0.0,0.0,0.0,0.0,Basic,Standard retention nurture
140422,0.0001,0,0,0.8046,Low,0.0001,4.0,1.0,1.0,Elite,Standard retention nurture
140423,0.0,0,0,0.5487,Low,0.0,0.0,0.0,0.0,Premium,Standard retention nurture
140424,0.0,0,0,0.428,Low,0.0,0.0,0.0,0.0,Standard,Standard retention nurture
140425,0.0,0,0,0.308,Low,0.0,0.0,0.0,0.0,Standard,Standard retention nurture
140426,0.0,0,0,0.5087,Low,0.0,0.0,0.0,0.0,Premium,Standard retention nurture
140427,0.0,0,0,0.3201,Low,0.0,0.0,0.0,0.0,Standard,Standard retention nurture
140428,1.0,1,1,0.2471,Critical,0.2471,5283.0,1585.0,1085.0,Basic,Relationship manager follow-up
140429,0.0,0,0,0.4243,Low,0.0,0.0,0.0,0.0,Standard,Standard retention nurture
140430,0.0,0,0,0.3315,Low,0.0,0.0,0.0,0.0,Standard,Standard retention nurture
140431,0.0,0,0,0.5514,Low,0.0,0.0,0.0,0.0,Premium,Standard retention nurture
140432,0.9873,1,1,0.2884,Critical,0.2847,12126.0,3638.0,3138.0,Standard,Relationship manager follow-up
140433,0.0,0,0,0.1484,Low,0.0,0.0,0.0,0.0,Basic,Standard retention nurture
140434,0.0004,0,0,0.1388,Low,0.0001,1.0,0.0,0.0,Basic,Standard retention nurture
140435,0.0095,0,0,0.2341,Low,0.0022,61.0,18.0,18.0,Basic,Standard retention nurture
140436,0.0,0,0,0.4914,Low,0.0,0.0,0.0,0.0,Standard,Standard retention nurture
140437,1.0,1,1,0.1809,Critical,0.1809,5772.0,1732.0,1232.0,Basic,Relationship manager follow-up
140438,0.0,0,0,0.6425,Low,0.0,0.0,0.0,0.0,Premium,Standard retention nurture
140439,0.9934,1,1,0.6272,Critical,0.6231,27658.0,8297.0,7797.0,Premium,Relationship manager follow-up
140440,0.0,0,0,0.1243,Low,0.0,0.0,0.0,0.0,Basic,Standard retention nurture
140441,0.0439,0,0,0.4407,Low,0.0193,589.0,177.0,177.0,Standard,Standard retention nurture
140442,0.0,0,0,0.5169,Low,0.0,0.0,0.0,0.0,Premium,Standard retention nurture
140443,0.0007,0,0,0.2386,Low,0.0002,3.0,1.0,1.0,Basic,Standard retention nurture
140444,0.0,0,0,0.4394,Low,0.0,0.0,0.0,0.0,Standard,Standard retention nurture
140445,0.0001,0,0,0.13,Low,0.0,0.0,0.0,0.0,Basic,Standard retention nurture
140446,0.0,0,0,0.4969,Low,0.0,0.0,0.0,0.0,Standard,Standard retention nurture
140447,0.0136,0,0,0.1046,Low,0.0014,60.0,18.0,18.0,Basic,Standard retention nurture
140448,0.9378,1,1,0.1512,Critical,0.1418,1781.0,534.0,34.0,Basic,Relationship manager follow-up
140449,0.0082,0,0,0.4476,Low,0.0037,169.0,51.0,51.0,Standard,Standard retention nurture
140450,0.0002,0,0,0.1777,Low,0.0,2.0,1.0,1.0,Basic,Standard retention nurture
140451,0.0144,0,0,0.4242,Low,0.0061,175.0,52.0,52.0,Standard,Standard retention nurture
140452,0.0099,0,0,0.362,Low,0.0036,77.0,23.0,23.0,Standard,Standard retention nurture
140453,0.0,0,0,0.3309,Low,0.0,0.0,0.0,0.0,Standard,Standard retention nurture
140454,0.0001,0,0,0.2268,Low,0.0,1.0,0.0,0.0,Basic,Standard retention nurture
140455,0.0001,0,0,0.2453,Low,0.0,1.0,0.0,0.0,Basic,Standard retention nurture
140456,0.0,0,0,0.5529,Low,0.0,0.0,0.0,0.0,Premium,Standard retention nurture
140457,0.0,0,0,0.1789,Low,0.0,0.0,0.0,0.0,Basic,Standard retention nurture
140458,0.895,1,1,0.162,Critical,0.145,4984.0,1495.0,995.0,Basic,Relationship manager follow-up
140459,0.9973,1,1,0.1302,Critical,0.1298,2399.0,720.0,220.0,Basic,Relationship manager follow-up
140460,0.0,0,0,0.6611,Low,0.0,0.0,0.0,0.0,Premium,Standard retention nurture
140461,0.0,0,0,0.4309,Low,0.0,0.0,0.0,0.0,Standard,Standard retention nurture
140462,0.0,0,0,0.2674,Low,0.0,0.0,0.0,0.0,Standard,Standard retention nurture
140463,0.0,0,0,0.4036,Low,0.0,0.0,0.0,0.0,Standard,Standard retention nurture
140464,0.0001,0,0,0.7377,Low,0.0001,3.0,1.0,1.0,Premium,Standard retention nurture
140465,0.0,0,0,0.6283,Low,0.0,0.0,0.0,0.0,Premium,Standard retention nurture
140466,0.0,0,0,0.5717,Low,0.0,0.0,0.0,0.0,Premium,Standard retention nurture
140467,1.0,1,1,0.2086,Critical,0.2086,4713.0,1414.0,914.0,Basic,Relationship manager follow-up
140468,0.0,0,0,0.5295,Low,0.0,0.0,0.0,0.0,Premium,Standard retention nurture
140469,0.0,0,0,0.7633,Low,0.0,0.0,0.0,0.0,Elite,Standard retention nurture
140470,0.0001,0,0,0.4138,Low,0.0,1.0,0.0,0.0,Standard,Standard retention nurture
140471,0.0007,0,0,0.1722,Low,0.0001,4.0,1.0,1.0,Basic,Standard retention nurture
140472,0.0,0,0,0.226,Low,0.0,0.0,0.0,0.0,Basic,Standard retention nurture
140473,0.0001,0,0,0.1927,Low,0.0,1.0,0.0,0.0,Basic,Standard retention nurture
140474,0.0,0,0,0.5621,Low,0.0,0.0,0.0,0.0,Premium,Standard retention nurture
140475,0.9811,1,1,0.2943,Critical,0.2887,4712.0,1414.0,914.0,Standard,Relationship manager follow-up
140476,0.0,0,0,0.332,Low,0.0,0.0,0.0,0.0,Standard,Standard retention nurture
140477,0.0001,0,0,0.5071,Low,0.0001,2.0,1.0,1.0,Premium,Standard retention nurture
140478,0.0,0,0,0.4043,Low,0.0,0.0,0.0,0.0,Standard,Standard retention nurture
140479,0.9714,1,1,0.6814,Critical,0.6619,28757.0,8627.0,8127.0,Premium,Relationship manager follow-up
140480,0.0203,0,0,0.4751,Low,0.0096,445.0,134.0,134.0,Standard,Standard retention nurture
140481,0.0,0,0,0.4151,Low,0.0,0.0,0.0,0.0,Standard,Standard retention nurture
140482,0.0,0,0,0.3608,Low,0.0,0.0,0.0,0.0,Standard,Standard retention nurture
140483,0.0,0,0,0.3397,Low,0.0,0.0,0.0,0.0,Standard,Standard retention nurture
140484,0.0001,0,0,0.1211,Low,0.0,0.0,0.0,0.0,Basic,Standard retention nurture
140485,0.0,0,0,0.5735,Low,0.0,0.0,0.0,0.0,Premium,Standard retention nurture
140486,0.0,0,0,0.4639,Low,0.0,0.0,0.0,0.0,Standard,Standard retention nurture
140487,0.0042,0,0,0.199,Low,0.0008,23.0,7.0,7.0,Basic,Standard retention nurture
140488,0.0,0,0,0.346,Low,0.0,0.0,0.0,0.0,Standard,Standard retention nurture
140489,0.0,0,0,0.3967,Low,0.0,0.0,0.0,0.0,Standard,Standard retention nurture
140490,0.001,0,0,0.1816,Low,0.0002,4.0,1.0,1.0,Basic,Standard retention nurture
140491,0.0,0,0,0.2762,Low,0.0,0.0,0.0,0.0,Standard,Standard retention nurture
140492,0.0,0,0,0.6631,Low,0.0,0.0,0.0,0.0,Premium,Standard retention nurture
140493,1.0,1,1,0.3293,Critical,0.3293,12698.0,3809.0,3309.0,Standard,Relationship manager follow-up
140494,0.0,0,0,0.139,Low,0.0,0.0,0.0,0.0,Basic,Standard retention nurture
140495,0.0002,0,0,0.837,Low,0.0002,7.0,2.0,2.0,Elite,Standard retention nurture
140496,0.0,0,0,0.2828,Low,0.0,0.0,0.0,0.0,Standard,Standard retention nurture
140497,0.0085,0,0,0.8322,Low,0.0071,311.0,93.0,93.0,Elite,Standard retention nurture
140498,0.001,0,0,0.3952,Low,0.0004,13.0,4.0,4.0,Standard,Standard retention nurture
140499,0.9752,1,1,0.1665,Critical,0.1624,3892.0,1168.0,668.0,Basic,Relationship manager follow-up
140500,0.0,0,0,0.5159,Low,0.0,0.0,0.0,0.0,Premium,Standard retention nurture
140501,0.0007,0,0,0.2149,Low,0.0002,4.0,1.0,1.0,Basic,Standard retention nurture
140502,0.0,0,0,0.5294,Low,0.0,0.0,0.0,0.0,Premium,Standard retention nurture
140503,0.0,0,0,0.4156,Low,0.0,0.0,0.0,0.0,Standard,Standard retention nurture
140504,0.0,0,0,0.3168,Low,0.0,0.0,0.0,0.0,Standard,Standard retention nurture
140505,0.0,0,0,0.5704,Low,0.0,0.0,0.0,0.0,Premium,Standard retention nurture
140506,0.0,0,0,0.5832,Low,0.0,0.0,0.0,0.0,Premium,Standard retention nurture
140507,0.0,0,0,0.4709,Low,0.0,0.0,0.0,0.0,Standard,Standard retention nurture
140508,0.9852,1,1,0.1652,Critical,0.1628,3187.0,956.0,456.0,Basic,Relationship manager follow-up
140509,0.9959,1,1,0.2428,Critical,0.2418,7288.0,2186.0,1686.0,Basic,Relationship manager follow-up
140510,0.8527,1,1,0.6024,Critical,0.5137,23287.0,6986.0,6486.0,Premium,Relationship manager follow-up
140511,0.0,0,0,0.2448,Low,0.0,0.0,0.0,0.0,Basic,Standard retention nurture
140512,0.0,0,0,0.3374,Low,0.0,0.0,0.0,0.0,Standard,Standard retention nurture
140513,0.0125,0,0,0.6764,Low,0.0085,388.0,116.0,116.0,Premium,Standard retention nurture
140514,0.0,0,0,0.3978,Low,0.0,0.0,0.0,0.0,Standard,Standard retention nurture
140515,0.0,0,0,0.4605,Low,0.0,0.0,0.0,0.0,Standard,Standard retention nurture
140516,0.0117,0,0,0.6596,Low,0.0077,332.0,100.0,100.0,Premium,Standard retention nurture
140517,0.0001,0,0,0.4007,Low,0.0,2.0,1.0,1.0,Standard,Standard retention nurture
140518,0.0,0,0,0.2409,Low,0.0,0.0,0.0,0.0,Basic,Standard retention nurture
140519,0.0002,0,0,0.6698,Low,0.0001,6.0,2.0,2.0,Premium,Standard retention nurture
140520,0.0,0,0,0.4083,Low,0.0,0.0,0.0,0.0,Standard,Standard retention nurture
140521,0.9982,1,1,0.0956,Critical,0.0954,2710.0,813.0,313.0,Basic,Relationship manager follow-up
140522,0.0,0,0,0.3392,Low,0.0,0.0,0.0,0.0,Standard,Standard retention nurture
140523,0.0197,0,0,0.2353,Low,0.0046,154.0,46.0,46.0,Basic,Standard retention nurture
140524,0.0013,0,0,0.2073,Low,0.0003,6.0,2.0,2.0,Basic,Standard retention nurture
140525,0.0,0,0,0.4167,Low,0.0,0.0,0.0,0.0,Standard,Standard retention nurture
140526,0.5247,1,1,0.4792,Medium,0.2514,9187.0,2756.0,2256.0,Standard,Relationship manager follow-up
140527,0.0005,0,0,0.6744,Low,0.0003,15.0,4.0,4.0,Premium,Standard retention nurture
140528,0.0002,0,0,0.1758,Low,0.0,1.0,0.0,0.0,Basic,Standard retention nurture
140529,0.0,0,0,0.5981,Low,0.0,0.0,0.0,0.0,Premium,Standard retention nurture
140530,0.0001,0,0,0.2161,Low,0.0,0.0,0.0,0.0,Basic,Standard retention nurture
140531,0.0,0,0,0.4556,Low,0.0,0.0,0.0,0.0,Standard,Standard retention nurture
140532,0.0,0,0,0.2384,Low,0.0,0.0,0.0,0.0,Basic,Standard retention nurture
140533,0.0001,0,0,0.1707,Low,0.0,0.0,0.0,0.0,Basic,Standard retention nurture
140534,0.0,0,0,0.3173,Low,0.0,0.0,0.0,0.0,Standard,Standard retention nurture
140535,0.0,0,0,0.4091,Low,0.0,0.0,0.0,0.0,Standard,Standard retention nurture
140536,0.9962,1,1,0.156,Critical,0.1554,2322.0,697.0,197.0,Basic,Relationship manager follow-up
140537,0.0001,0,0,0.3298,Low,0.0,1.0,0.0,0.0,Standard,Standard retention nurture
140538,0.0003,0,0,0.2225,Low,0.0001,2.0,1.0,1.0,Basic,Standard retention nurture
140539,0.0,0,0,0.23,Low,0.0,0.0,0.0,0.0,Basic,Standard retention nurture
140540,1.0,1,1,0.2714,Critical,0.2714,10504.0,3151.0,2651.0,Standard,Relationship manager follow-up
140541,0.0002,0,0,0.7229,Low,0.0001,7.0,2.0,2.0,Premium,Standard retention nurture
140542,0.0,0,0,0.199,Low,0.0,0.0,0.0,0.0,Basic,Standard retention nurture
140543,0.0,0,0,0.202,Low,0.0,0.0,0.0,0.0,Basic,Standard retention nurture
140544,0.9977,1,1,0.2021,Critical,0.2016,4291.0,1287.0,787.0,Basic,Relationship manager follow-up
140545,0.0013,0,0,0.2256,Low,0.0003,11.0,3.0,3.0,Basic,Standard retention nurture
140546,0.0,0,0,0.363,Low,0.0,0.0,0.0,0.0,Standard,Standard retention nurture
140547,0.0,0,0,0.3618,Low,0.0,0.0,0.0,0.0,Standard,Standard retention nurture
140548,0.0,0,0,0.7508,Low,0.0,0.0,0.0,0.0,Elite,Standard retention nurture
140549,0.0001,0,0,0.9059,Low,0.0001,4.0,1.0,1.0,Elite,Standard retention nurture
140550,0.0,0,0,0.3739,Low,0.0,0.0,0.0,0.0,Standard,Standard retention nurture
140551,0.0,0,0,0.4401,Low,0.0,0.0,0.0,0.0,Standard,Standard retention nurture
140552,0.0006,0,0,0.4876,Low,0.0003,15.0,4.0,4.0,Standard,Standard retention nurture
140553,0.0004,0,0,0.5408,Low,0.0002,11.0,3.0,3.0,Premium,Standard retention nurture
140554,0.0,0,0,0.3258,Low,0.0,0.0,0.0,0.0,Standard,Standard retention nurture
140555,0.0,0,0,0.557,Low,0.0,0.0,0.0,0.0,Premium,Standard retention nurture
140556,0.9987,1,1,0.3563,Critical,0.3558,12495.0,3748.0,3248.0,Standard,Relationship manager follow-up
140557,0.0,0,0,0.7403,Low,0.0,0.0,0.0,0.0,Premium,Standard retention nurture
140558,0.9999,1,1,0.0909,Critical,0.0909,2481.0,744.0,244.0,Basic,Relationship manager follow-up
140559,0.0,0,0,0.5761,Low,0.0,0.0,0.0,0.0,Premium,Standard retention nurture
140560,0.0,0,0,0.3106,Low,0.0,0.0,0.0,0.0,Standard,Standard retention nurture
140561,0.0,0,0,0.2149,Low,0.0,0.0,0.0,0.0,Basic,Standard retention nurture
140562,0.0,0,0,0.2589,Low,0.0,0.0,0.0,0.0,Standard,Standard retention nurture
140563,0.0,0,0,0.5093,Low,0.0,0.0,0.0,0.0,Premium,Standard retention nurture
140564,0.0,0,0,0.1064,Low,0.0,0.0,0.0,0.0,Basic,Standard retention nurture
140565,0.0,0,0,0.2467,Low,0.0,0.0,0.0,0.0,Basic,Standard retention nurture
140566,0.0,0,0,0.4729,Low,0.0,0.0,0.0,0.0,Standard,Standard retention nurture
140567,0.0,0,0,0.3094,Low,0.0,0.0,0.0,0.0,Standard,Standard retention nurture
140568,0.0,0,0,0.3876,Low,0.0,0.0,0.0,0.0,Standard,Standard retention nurture
140569,0.0,0,0,0.2151,Low,0.0,0.0,0.0,0.0,Basic,Standard retention nurture
140570,0.0004,0,0,0.6394,Low,0.0003,8.0,2.0,2.0,Premium,Standard retention nurture
140571,0.0048,0,0,0.4135,Low,0.002,95.0,28.0,28.0,Standard,Standard retention nurture
140572,0.0002,0,0,0.4201,Low,0.0001,3.0,1.0,1.0,Standard,Standard retention nurture
140573,1.0,1,1,0.1981,Critical,0.1981,5924.0,1777.0,1277.0,Basic,Relationship manager follow-up
140574,0.0,0,0,0.2065,Low,0.0,0.0,0.0,0.0,Basic,Standard retention nurture
140575,0.0002,0,0,0.4897,Low,0.0001,5.0,2.0,2.0,Standard,Standard retention nurture
140576,0.0198,0,0,0.2259,Low,0.0045,148.0,44.0,44.0,Basic,Standard retention nurture
140577,0.0,0,0,0.3977,Low,0.0,0.0,0.0,0.0,Standard,Standard retention nurture
140578,0.0,0,0,0.3851,Low,0.0,0.0,0.0,0.0,Standard,Standard retention nurture
140579,0.9835,1,1,0.2037,Critical,0.2003,5868.0,1760.0,1260.0,Basic,Relationship manager follow-up
140580,0.0001,0,0,0.3768,Low,0.0,2.0,1.0,1.0,Standard,Standard retention nurture
140581,0.0001,0,0,0.3956,Low,0.0,2.0,1.0,1.0,Standard,Standard retention nurture
140582,0.0001,0,0,0.2782,Low,0.0,0.0,0.0,0.0,Standard,Standard retention nurture
140583,0.0002,0,0,0.4417,Low,0.0001,3.0,1.0,1.0,Standard,Standard retention nurture
140584,0.0015,0,0,0.8155,Low,0.0012,55.0,16.0,16.0,Elite,Standard retention nurture
140585,0.9942,1,1,0.3758,Critical,0.3736,14182.0,4255.0,3755.0,Standard,Relationship manager follow-up
140586,0.0,0,0,0.3766,Low,0.0,0.0,0.0,0.0,Standard,Standard retention nurture
140587,0.0,0,0,0.5814,Low,0.0,0.0,0.0,0.0,Premium,Standard retention nurture
140588,0.0,0,0,0.4446,Low,0.0,0.0,0.0,0.0,Standard,Standard retention nurture
140589,0.0008,0,0,0.5252,Low,0.0004,12.0,4.0,4.0,Premium,Standard retention nurture
140590,0.0006,0,0,0.3212,Low,0.0002,7.0,2.0,2.0,Standard,Standard retention nurture
140591,0.0,0,0,0.755,Low,0.0,0.0,0.0,0.0,Elite,Standard retention nurture
140592,0.9991,1,1,0.213,Critical,0.2128,3512.0,1054.0,554.0,Basic,Relationship manager follow-up
140593,0.0,0,0,0.5066,Low,0.0,0.0,0.0,0.0,Premium,Standard retention nurture
140594,0.0011,0,0,0.248,Low,0.0003,9.0,3.0,3.0,Basic,Standard retention nurture
140595,0.0,0,0,0.288,Low,0.0,0.0,0.0,0.0,Standard,Standard retention nurture
140596,0.0001,0,0,0.4663,Low,0.0,2.0,1.0,1.0,Standard,Standard retention nurture
140597,0.0,0,0,0.262,Low,0.0,0.0,0.0,0.0,Standard,Standard retention nurture
140598,0.0,0,0,0.3611,Low,0.0,0.0,0.0,0.0,Standard,Standard retention nurture
140599,0.9996,1,1,0.0876,Critical,0.0876,3432.0,1030.0,530.0,Basic,Relationship manager follow-up
140600,0.0019,0,0,0.5193,Low,0.001,48.0,14.0,14.0,Premium,Standard retention nurture
140601,0.0,0,0,0.5659,Low,0.0,0.0,0.0,0.0,Premium,Standard retention nurture
140602,0.9993,1,1,0.2802,Critical,0.28,10679.0,3204.0,2704.0,Standard,Relationship manager follow-up
140603,0.0001,0,0,0.2046,Low,0.0,1.0,0.0,0.0,Basic,Standard retention nurture
140604,0.0001,0,0,0.4564,Low,0.0,1.0,0.0,0.0,Standard,Standard retention nurture
140605,0.0003,0,0,0.3709,Low,0.0001,6.0,2.0,2.0,Standard,Standard retention nurture
140606,0.0014,0,0,0.3,Low,0.0004,12.0,4.0,4.0,Standard,Standard retention nurture
140607,0.0,0,0,0.869,Low,0.0,0.0,0.0,0.0,Elite,Standard retention nurture
140608,0.0,0,0,0.445,Low,0.0,0.0,0.0,0.0,Standard,Standard retention nurture
140609,0.0002,0,0,0.4981,Low,0.0001,4.0,1.0,1.0,Standard,Standard retention nurture
140610,0.9929,1,1,0.4001,Critical,0.3973,12061.0,3618.0,3118.0,Standard,Relationship manager follow-up
140611,0.0002,0,0,0.233,Low,0.0,1.0,0.0,0.0,Basic,Standard retention nurture
140612,0.9992,1,1,0.1731,Critical,0.173,2457.0,737.0,237.0,Basic,Relationship manager follow-up
140613,0.0,0,0,0.5792,Low,0.0,0.0,0.0,0.0,Premium,Standard retention nurture
140614,1.0,1,1,0.1751,Critical,0.1751,3748.0,1124.0,624.0,Basic,Relationship manager follow-up
140615,0.0,0,0,0.188,Low,0.0,0.0,0.0,0.0,Basic,Standard retention nurture
140616,0.9999,1,1,0.3478,Critical,0.3478,9702.0,2911.0,2411.0,Standard,Relationship manager follow-up
140617,0.9955,1,1,0.1036,Critical,0.1031,4382.0,1315.0,815.0,Basic,Relationship manager follow-up
140618,0.9983,1,1,0.1212,Critical,0.121,1301.0,390.0,-110.0,Basic,Relationship manager follow-up
140619,0.0,0,0,0.1359,Low,0.0,0.0,0.0,0.0,Basic,Standard retention nurture
140620,0.0075,0,0,0.1442,Low,0.0011,29.0,9.0,9.0,Basic,Standard retention nurture
140621,0.0,0,0,0.4966,Low,0.0,0.0,0.0,0.0,Standard,Standard retention nurture
140622,0.0,0,0,0.4181,Low,0.0,0.0,0.0,0.0,Standard,Standard retention nurture
140623,0.9999,1,1,0.1548,Critical,0.1548,1993.0,598.0,98.0,Basic,Relationship manager follow-up
140624,0.0001,0,0,0.4916,Low,0.0,2.0,1.0,1.0,Standard,Standard retention nurture
140625,0.0003,0,0,0.235,Low,0.0001,2.0,1.0,1.0,Basic,Standard retention nurture
140626,0.0,0,0,0.2976,Low,0.0,0.0,0.0,0.0,Standard,Standard retention nurture
140627,0.0,0,0,0.3912,Low,0.0,0.0,0.0,0.0,Standard,Standard retention nurture
140628,0.0,0,0,0.4157,Low,0.0,0.0,0.0,0.0,Standard,Standard retention nurture
140629,0.0001,0,0,0.8402,Low,0.0001,4.0,1.0,1.0,Elite,Standard retention nurture
140630,1.0,1,1,0.0732,Critical,0.0732,1992.0,598.0,98.0,Basic,Relationship manager follow-up
140631,0.9977,1,1,0.1482,Critical,0.1479,1621.0,486.0,-14.0,Basic,Relationship manager follow-up
140632,0.0,0,0,0.4361,Low,0.0,0.0,0.0,0.0,Standard,Standard retention nurture
140633,0.0,0,0,0.3185,Low,0.0,0.0,0.0,0.0,Standard,Standard retention nurture
140634,1.0,1,1,0.3197,Critical,0.3197,7424.0,2227.0,1727.0,Standard,Relationship manager follow-up
140635,0.9987,1,1,0.3678,Critical,0.3673,7082.0,2125.0,1625.0,Standard,Relationship manager follow-up
140636,0.0004,0,0,0.4835,Low,0.0002,5.0,2.0,2.0,Standard,Standard retention nurture
140637,0.0,0,0,0.4869,Low,0.0,0.0,0.0,0.0,Standard,Standard retention nurture
140638,0.0006,0,0,0.136,Low,0.0001,2.0,1.0,1.0,Basic,Standard retention nurture
140639,0.0,0,0,0.5141,Low,0.0,0.0,0.0,0.0,Premium,Standard retention nurture
140640,0.0,0,0,0.7927,Low,0.0,0.0,0.0,0.0,Elite,Standard retention nurture
140641,0.0002,0,0,0.3157,Low,0.0001,3.0,1.0,1.0,Standard,Standard retention nurture
140642,0.0002,0,0,0.265,Low,0.0001,2.0,1.0,1.0,Standard,Standard retention nurture
140643,0.0,0,0,0.8887,Low,0.0,0.0,0.0,0.0,Elite,Standard retention nurture
140644,0.0,0,0,0.3289,Low,0.0,0.0,0.0,0.0,Standard,Standard retention nurture
140645,1.0,1,1,0.1334,Critical,0.1334,3380.0,1014.0,514.0,Basic,Relationship manager follow-up
140646,0.0,0,0,0.3062,Low,0.0,0.0,0.0,0.0,Standard,Standard retention nurture
140647,0.0,0,0,0.4331,Low,0.0,0.0,0.0,0.0,Standard,Standard retention nurture
140648,0.0,0,0,0.2982,Low,0.0,0.0,0.0,0.0,Standard,Standard retention nurture
140649,0.0001,0,0,0.2885,Low,0.0,1.0,0.0,0.0,Standard,Standard retention nurture
140650,0.0,0,0,0.4329,Low,0.0,0.0,0.0,0.0,Standard,Standard retention nurture
140651,0.0017,0,0,0.1478,Low,0.0003,8.0,2.0,2.0,Basic,Standard retention nurture
140652,0.0002,0,0,0.224,Low,0.0,1.0,0.0,0.0,Basic,Standard retention nurture
140653,0.945,1,1,0.362,Critical,0.3421,7287.0,2186.0,1686.0,Standard,Relationship manager follow-up
140654,0.0001,0,0,0.4098,Low,0.0,2.0,1.0,1.0,Standard,Standard retention nurture
140655,0.0,0,0,0.2926,Low,0.0,0.0,0.0,0.0,Standard,Standard retention nurture
140656,0.0,0,0,0.8721,Low,0.0,0.0,0.0,0.0,Elite,Standard retention nurture
140657,0.0,0,0,0.4953,Low,0.0,0.0,0.0,0.0,Standard,Standard retention nurture
140658,0.0,0,0,0.6805,Low,0.0,0.0,0.0,0.0,Premium,Standard retention nurture
140659,0.0003,0,0,0.2309,Low,0.0001,2.0,1.0,1.0,Basic,Standard retention nurture
140660,0.0,0,0,0.2801,Low,0.0,0.0,0.0,0.0,Standard,Standard retention nurture
140661,0.9824,1,1,0.1913,Critical,0.1879,5443.0,1633.0,1133.0,Basic,Relationship manager follow-up
140662,0.0,0,0,0.8856,Low,0.0,0.0,0.0,0.0,Elite,Standard retention nurture
140663,0.0004,0,0,0.2847,Low,0.0001,4.0,1.0,1.0,Standard,Standard retention nurture
140664,0.0,0,0,0.1338,Low,0.0,0.0,0.0,0.0,Basic,Standard retention nurture
140665,0.0,0,0,0.2096,Low,0.0,0.0,0.0,0.0,Basic,Standard retention nurture
140666,0.9984,1,1,0.1308,Critical,0.1306,1722.0,517.0,17.0,Basic,Relationship manager follow-up
140667,0.0031,0,0,0.5902,Low,0.0018,66.0,20.0,20.0,Premium,Standard retention nurture
140668,0.0001,0,0,0.2822,Low,0.0,1.0,0.0,0.0,Standard,Standard retention nurture
140669,0.0,0,0,0.1734,Low,0.0,0.0,0.0,0.0,Basic,Standard retention nurture
140670,0.0001,0,0,0.6719,Low,0.0001,3.0,1.0,1.0,Premium,Standard retention nurture
140671,0.0,0,0,0.2888,Low,0.0,0.0,0.0,0.0,Standard,Standard retention nurture
140672,0.0,0,0,0.8257,Low,0.0,0.0,0.0,0.0,Elite,Standard retention nurture
140673,0.0,0,0,0.2032,Low,0.0,0.0,0.0,0.0,Basic,Standard retention nurture
140674,0.0,0,0,0.5732,Low,0.0,0.0,0.0,0.0,Premium,Standard retention nurture
140675,0.0,0,0,0.8424,Low,0.0,0.0,0.0,0.0,Elite,Standard retention nurture
140676,0.0217,0,0,0.4679,Low,0.0102,309.0,93.0,93.0,Standard,Standard retention nurture
140677,0.0361,0,0,0.1963,Low,0.0071,238.0,71.0,71.0,Basic,Standard retention nurture
140678,0.0,0,0,0.2847,Low,0.0,0.0,0.0,0.0,Standard,Standard retention nurture
140679,0.0,0,0,0.2437,Low,0.0,0.0,0.0,0.0,Basic,Standard retention nurture
140680,0.0,0,0,0.2838,Low,0.0,0.0,0.0,0.0,Standard,Standard retention nurture
140681,0.9995,1,1,0.0857,Critical,0.0857,3100.0,930.0,430.0,Basic,Relationship manager follow-up
140682,0.998,1,1,0.3432,Critical,0.3425,9207.0,2762.0,2262.0,Standard,Relationship manager follow-up
140683,0.0004,0,0,0.1839,Low,0.0001,3.0,1.0,1.0,Basic,Standard retention nurture
140684,0.0,0,0,0.3136,Low,0.0,0.0,0.0,0.0,Standard,Standard retention nurture
140685,0.0012,0,0,0.5131,Low,0.0006,25.0,8.0,8.0,Premium,Standard retention nurture
140686,0.0001,0,0,0.1119,Low,0.0,0.0,0.0,0.0,Basic,Standard retention nurture
140687,0.0006,0,0,0.6321,Low,0.0004,17.0,5.0,5.0,Premium,Standard retention nurture
140688,0.9427,1,1,0.1546,Critical,0.1457,4186.0,1256.0,756.0,Basic,Relationship manager follow-up
140689,0.0,0,0,0.243,Low,0.0,0.0,0.0,0.0,Basic,Standard retention nurture
140690,0.0068,0,0,0.6982,Low,0.0047,172.0,52.0,52.0,Premium,Standard retention nurture
140691,0.0,0,0,0.2318,Low,0.0,0.0,0.0,0.0,Basic,Standard retention nurture
140692,0.0,0,0,0.5824,Low,0.0,0.0,0.0,0.0,Premium,Standard retention nurture
140693,0.0002,0,0,0.2816,Low,0.0001,2.0,1.0,1.0,Standard,Standard retention nurture
140694,0.0,0,0,0.3449,Low,0.0,0.0,0.0,0.0,Standard,Standard retention nurture
140695,0.9998,1,1,0.178,Critical,0.178,5858.0,1757.0,1257.0,Basic,Relationship manager follow-up
140696,0.0,0,0,0.4271,Low,0.0,0.0,0.0,0.0,Standard,Standard retention nurture
140697,0.0,0,0,0.3365,Low,0.0,0.0,0.0,0.0,Standard,Standard retention nurture
140698,0.0001,0,0,0.3351,Low,0.0,1.0,0.0,0.0,Standard,Standard retention nurture
140699,0.9966,1,1,0.1827,Critical,0.1821,6964.0,2089.0,1589.0,Basic,Relationship manager follow-up
140700,0.0004,0,0,0.2685,Low,0.0001,4.0,1.0,1.0,Standard,Standard retention nurture
140701,1.0,1,1,0.3281,Critical,0.3281,11735.0,3520.0,3020.0,Standard,Relationship manager follow-up
140702,0.9997,1,1,0.2181,Critical,0.218,5027.0,1508.0,1008.0,Basic,Relationship manager follow-up
140703,0.0,0,0,0.3037,Low,0.0,0.0,0.0,0.0,Standard,Standard retention nurture
140704,0.0,0,0,0.3498,Low,0.0,0.0,0.0,0.0,Standard,Standard retention nurture
140705,0.0,0,0,0.3993,Low,0.0,0.0,0.0,0.0,Standard,Standard retention nurture
140706,0.0001,0,0,0.515,Low,0.0001,2.0,1.0,1.0,Premium,Standard retention nurture
140707,0.007,0,0,0.1564,Low,0.0011,37.0,11.0,11.0,Basic,Standard retention nurture
140708,0.0,0,0,0.3106,Low,0.0,0.0,0.0,0.0,Standard,Standard retention nurture
140709,0.0004,0,0,0.3409,Low,0.0001,4.0,1.0,1.0,Standard,Standard retention nurture
140710,0.0,0,0,0.3948,Low,0.0,0.0,0.0,0.0,Standard,Standard retention nurture
140711,1.0,1,1,0.3603,Critical,0.3603,7891.0,2367.0,1867.0,Standard,Relationship manager follow-up
140712,0.0,0,0,0.5574,Low,0.0,0.0,0.0,0.0,Premium,Standard retention nurture
140713,0.0,0,0,0.332,Low,0.0,0.0,0.0,0.0,Standard,Standard retention nurture
140714,0.0002,0,0,0.7811,Low,0.0002,6.0,2.0,2.0,Elite,Standard retention nurture
140715,0.0,0,0,0.5522,Low,0.0,0.0,0.0,0.0,Premium,Standard retention nurture
140716,0.0,0,0,0.2221,Low,0.0,0.0,0.0,0.0,Basic,Standard retention nurture
140717,0.0,0,0,0.2611,Low,0.0,0.0,0.0,0.0,Standard,Standard retention nurture
140718,0.0,0,0,0.5125,Low,0.0,0.0,0.0,0.0,Premium,Standard retention nurture
140719,0.0034,0,0,0.4337,Low,0.0015,29.0,9.0,9.0,Standard,Standard retention nurture
140720,0.0,0,0,0.3635,Low,0.0,0.0,0.0,0.0,Standard,Standard retention nurture
140721,0.0,0,0,0.1985,Low,0.0,0.0,0.0,0.0,Basic,Standard retention nurture
140722,0.0004,0,0,0.2023,Low,0.0001,3.0,1.0,1.0,Basic,Standard retention nurture
140723,0.0,0,0,0.1551,Low,0.0,0.0,0.0,0.0,Basic,Standard retention nurture
140724,1.0,1,1,0.079,Critical,0.079,3368.0,1010.0,510.0,Basic,Relationship manager follow-up
140725,0.0,0,0,0.2946,Low,0.0,0.0,0.0,0.0,Standard,Standard retention nurture
140726,0.252,1,0,0.7174,Low,0.1808,9228.0,2768.0,2268.0,Premium,Relationship manager follow-up
140727,0.0,0,0,0.9076,Low,0.0,0.0,0.0,0.0,Elite,Standard retention nurture
140728,0.002,0,0,0.2768,Low,0.0006,20.0,6.0,6.0,Standard,Standard retention nurture
140729,0.0003,0,0,0.5588,Low,0.0002,6.0,2.0,2.0,Premium,Standard retention nurture
140730,0.9934,1,1,0.379,Critical,0.3765,14081.0,4224.0,3724.0,Standard,Relationship manager follow-up
140731,0.0001,0,0,0.357,Low,0.0,1.0,0.0,0.0,Standard,Standard retention nurture
140732,0.0,0,0,0.535,Low,0.0,0.0,0.0,0.0,Premium,Standard retention nurture
140733,0.0,0,0,0.2586,Low,0.0,0.0,0.0,0.0,Standard,Standard retention nurture
140734,0.0,0,0,0.434,Low,0.0,0.0,0.0,0.0,Standard,Standard retention nurture
140735,0.0006,0,0,0.4551,Low,0.0003,9.0,3.0,3.0,Standard,Standard retention nurture
140736,0.0,0,0,0.1948,Low,0.0,0.0,0.0,0.0,Basic,Standard retention nurture
140737,0.0,0,0,0.4385,Low,0.0,0.0,0.0,0.0,Standard,Standard retention nurture
140738,0.0,0,0,0.6245,Low,0.0,0.0,0.0,0.0,Premium,Standard retention nurture
140739,0.0,0,0,0.7322,Low,0.0,0.0,0.0,0.0,Premium,Standard retention nurture
140740,1.0,1,1,0.1457,Critical,0.1457,2582.0,775.0,275.0,Basic,Relationship manager follow-up
140741,0.0805,0,0,0.4692,Low,0.0378,1685.0,506.0,506.0,Standard,Standard retention nurture
140742,0.0,0,0,0.3395,Low,0.0,0.0,0.0,0.0,Standard,Standard retention nurture
140743,0.0028,0,0,0.9075,Low,0.0025,103.0,31.0,31.0,Elite,Standard retention nurture
140744,0.0,0,0,0.3729,Low,0.0,0.0,0.0,0.0,Standard,Standard retention nurture
140745,0.0,0,0,0.2563,Low,0.0,0.0,0.0,0.0,Standard,Standard retention nurture
140746,0.0,0,0,0.4752,Low,0.0,0.0,0.0,0.0,Standard,Standard retention nurture
140747,0.0,0,0,0.1917,Low,0.0,0.0,0.0,0.0,Basic,Standard retention nurture
140748,0.0,0,0,0.2831,Low,0.0,0.0,0.0,0.0,Standard,Standard retention nurture
140749,0.9997,1,1,0.2509,Critical,0.2508,5713.0,1714.0,1214.0,Standard,Relationship manager follow-up
140750,1.0,1,1,0.1228,Critical,0.1228,3211.0,963.0,463.0,Basic,Relationship manager follow-up
140751,0.0012,0,0,0.0905,Low,0.0001,4.0,1.0,1.0,Basic,Standard retention nurture
140752,0.9935,1,1,0.3112,Critical,0.3092,13331.0,3999.0,3499.0,Standard,Relationship manager follow-up
140753,0.0,0,0,0.164,Low,0.0,0.0,0.0,0.0,Basic,Standard retention nurture
140754,0.0005,0,0,0.4776,Low,0.0002,10.0,3.0,3.0,Standard,Standard retention nurture
140755,1.0,1,1,0.1183,Critical,0.1183,2277.0,683.0,183.0,Basic,Relationship manager follow-up
140756,0.0,0,0,0.3778,Low,0.0,0.0,0.0,0.0,Standard,Standard retention nurture
140757,0.0,0,0,0.357,Low,0.0,0.0,0.0,0.0,Standard,Standard retention nurture
140758,0.0,0,0,0.6072,Low,0.0,0.0,0.0,0.0,Premium,Standard retention nurture
140759,0.0,0,0,0.5257,Low,0.0,0.0,0.0,0.0,Premium,Standard retention nurture
140760,0.0,0,0,0.4616,Low,0.0,0.0,0.0,0.0,Standard,Standard retention nurture
140761,0.0002,0,0,0.1869,Low,0.0,1.0,0.0,0.0,Basic,Standard retention nurture
140762,0.0019,0,0,0.2602,Low,0.0005,4.0,1.0,1.0,Standard,Standard retention nurture
140763,0.0005,0,0,0.1562,Low,0.0001,2.0,1.0,1.0,Basic,Standard retention nurture
140764,0.0,0,0,0.2593,Low,0.0,0.0,0.0,0.0,Standard,Standard retention nurture
140765,0.0,0,0,0.321,Low,0.0,0.0,0.0,0.0,Standard,Standard retention nurture
140766,0.0002,0,0,0.1641,Low,0.0,2.0,1.0,1.0,Basic,Standard retention nurture
140767,0.0,0,0,0.2768,Low,0.0,0.0,0.0,0.0,Standard,Standard retention nurture
140768,0.0001,0,0,0.1451,Low,0.0,1.0,0.0,0.0,Basic,Standard retention nurture
140769,0.0,0,0,0.2212,Low,0.0,0.0,0.0,0.0,Basic,Standard retention nurture
140770,0.0001,0,0,0.5611,Low,0.0001,3.0,1.0,1.0,Premium,Standard retention nurture
140771,0.0,0,0,0.3896,Low,0.0,0.0,0.0,0.0,Standard,Standard retention nurture
140772,0.9989,1,1,0.311,Critical,0.3107,10240.0,3072.0,2572.0,Standard,Relationship manager follow-up
140773,0.0,0,0,0.3413,Low,0.0,0.0,0.0,0.0,Standard,Standard retention nurture
140774,0.0,0,0,0.1657,Low,0.0,0.0,0.0,0.0,Basic,Standard retention nurture
140775,0.9727,1,1,0.3778,Critical,0.3675,12689.0,3807.0,3307.0,Standard,Relationship manager follow-up
140776,0.0032,0,0,0.1423,Low,0.0005,10.0,3.0,3.0,Basic,Standard retention nurture
140777,0.0,0,0,0.2998,Low,0.0,0.0,0.0,0.0,Standard,Standard retention nurture
140778,0.0,0,0,0.4612,Low,0.0,0.0,0.0,0.0,Standard,Standard retention nurture
140779,0.0,0,0,0.4742,Low,0.0,0.0,0.0,0.0,Standard,Standard retention nurture
140780,0.9982,1,1,0.3605,Critical,0.3599,14033.0,4210.0,3710.0,Standard,Relationship manager follow-up
140781,0.0,0,0,0.4533,Low,0.0,0.0,0.0,0.0,Standard,Standard retention nurture
140782,0.0,0,0,0.2645,Low,0.0,0.0,0.0,0.0,Standard,Standard retention nurture
140783,0.0,0,0,0.1884,Low,0.0,0.0,0.0,0.0,Basic,Standard retention nurture
140784,0.9999,1,1,0.0424,Critical,0.0424,2126.0,638.0,138.0,Basic,Relationship manager follow-up
140785,0.0029,0,0,0.2279,Low,0.0007,20.0,6.0,6.0,Basic,Standard retention nurture
140786,0.9777,1,1,0.5182,Critical,0.5066,21793.0,6538.0,6038.0,Premium,Relationship manager follow-up
140787,0.0,0,0,0.373,Low,0.0,0.0,0.0,0.0,Standard,Standard retention nurture
140788,0.0014,0,0,0.2052,Low,0.0003,4.0,1.0,1.0,Basic,Standard retention nurture
140789,0.0,0,0,0.4009,Low,0.0,0.0,0.0,0.0,Standard,Standard retention nurture
140790,0.9989,1,1,0.3348,Critical,0.3344,9072.0,2722.0,2222.0,Standard,Relationship manager follow-up
140791,0.0,0,0,0.766,Low,0.0,0.0,0.0,0.0,Elite,Standard retention nurture
140792,0.0,0,0,0.2447,Low,0.0,0.0,0.0,0.0,Basic,Standard retention nurture
140793,0.9938,1,1,0.1798,Critical,0.1787,7235.0,2170.0,1670.0,Basic,Relationship manager follow-up
140794,0.0,0,0,0.5545,Low,0.0,0.0,0.0,0.0,Premium,Standard retention nurture
140795,0.0,0,0,0.3144,Low,0.0,0.0,0.0,0.0,Standard,Standard retention nurture
140796,0.0,0,0,0.3601,Low,0.0,0.0,0.0,0.0,Standard,Standard retention nurture
140797,0.0007,0,0,0.6528,Low,0.0005,25.0,8.0,8.0,Premium,Standard retention nurture
140798,0.0,0,0,0.1189,Low,0.0,0.0,0.0,0.0,Basic,Standard retention nurture
140799,0.0001,0,0,0.4182,Low,0.0,1.0,0.0,0.0,Standard,Standard retention nurture
140800,0.0084,0,0,0.2542,Low,0.0021,105.0,32.0,32.0,Standard,Standard retention nurture
140801,0.0001,0,0,0.2945,Low,0.0,1.0,0.0,0.0,Standard,Standard retention nurture
140802,0.0,0,0,0.3267,Low,0.0,0.0,0.0,0.0,Standard,Standard retention nurture
140803,0.0,0,0,0.3919,Low,0.0,0.0,0.0,0.0,Standard,Standard retention nurture
140804,0.0005,0,0,0.1725,Low,0.0001,2.0,1.0,1.0,Basic,Standard retention nurture
140805,0.0,0,0,0.7329,Low,0.0,0.0,0.0,0.0,Premium,Standard retention nurture
140806,0.0073,0,0,0.5613,Low,0.0041,117.0,35.0,35.0,Premium,Standard retention nurture
140807,0.9975,1,1,0.1412,Critical,0.1408,3602.0,1081.0,581.0,Basic,Relationship manager follow-up
140808,0.0,0,0,0.5831,Low,0.0,0.0,0.0,0.0,Premium,Standard retention nurture
140809,0.0001,0,0,0.1849,Low,0.0,1.0,0.0,0.0,Basic,Standard retention nurture
140810,0.0,0,0,0.4567,Low,0.0,0.0,0.0,0.0,Standard,Standard retention nurture
140811,0.9997,1,1,0.3499,Critical,0.3498,12452.0,3736.0,3236.0,Standard,Relationship manager follow-up
140812,0.0001,0,0,0.3314,Low,0.0,1.0,0.0,0.0,Standard,Standard retention nurture
140813,0.0,0,0,0.401,Low,0.0,0.0,0.0,0.0,Standard,Standard retention nurture
140814,0.0,0,0,0.3614,Low,0.0,0.0,0.0,0.0,Standard,Standard retention nurture
140815,0.0033,0,0,0.2126,Low,0.0007,17.0,5.0,5.0,Basic,Standard retention nurture
140816,0.0,0,0,0.263,Low,0.0,0.0,0.0,0.0,Standard,Standard retention nurture
140817,0.0001,0,0,0.6399,Low,0.0001,2.0,1.0,1.0,Premium,Standard retention nurture
140818,0.0029,0,0,0.3119,Low,0.0009,22.0,7.0,7.0,Standard,Standard retention nurture
140819,0.0,0,0,0.3728,Low,0.0,0.0,0.0,0.0,Standard,Standard retention nurture
140820,0.0018,0,0,0.1335,Low,0.0002,9.0,3.0,3.0,Basic,Standard retention nurture
140821,0.0,0,0,0.4058,Low,0.0,0.0,0.0,0.0,Standard,Standard retention nurture
140822,0.011,0,0,0.59,Low,0.0065,293.0,88.0,88.0,Premium,Standard retention nurture
140823,0.0001,0,0,0.4867,Low,0.0,1.0,0.0,0.0,Standard,Standard retention nurture
140824,0.0,0,0,0.1026,Low,0.0,0.0,0.0,0.0,Basic,Standard retention nurture
140825,0.961,1,1,0.1838,Critical,0.1766,3078.0,923.0,423.0,Basic,Relationship manager follow-up
140826,0.0016,0,0,0.3423,Low,0.0005,16.0,5.0,5.0,Standard,Standard retention nurture
140827,0.0,0,0,0.5457,Low,0.0,0.0,0.0,0.0,Premium,Standard retention nurture
140828,0.0,0,0,0.2013,Low,0.0,0.0,0.0,0.0,Basic,Standard retention nurture
140829,0.0,0,0,0.3027,Low,0.0,0.0,0.0,0.0,Standard,Standard retention nurture
140830,0.0,0,0,0.592,Low,0.0,0.0,0.0,0.0,Premium,Standard retention nurture
140831,0.0001,0,0,0.5258,Low,0.0001,3.0,1.0,1.0,Premium,Standard retention nurture
140832,0.0029,0,0,0.3893,Low,0.0011,34.0,10.0,10.0,Standard,Standard retention nurture
140833,0.0,0,0,0.3508,Low,0.0,0.0,0.0,0.0,Standard,Standard retention nurture
140834,0.0073,0,0,0.2202,Low,0.0016,58.0,17.0,17.0,Basic,Standard retention nurture
140835,0.0463,0,0,0.3281,Low,0.0152,337.0,101.0,101.0,Standard,Standard retention nurture
140836,1.0,1,1,0.0603,Critical,0.0603,1500.0,450.0,-50.0,Basic,Relationship manager follow-up
140837,0.0,0,0,0.462,Low,0.0,0.0,0.0,0.0,Standard,Standard retention nurture
140838,0.0,0,0,0.2352,Low,0.0,0.0,0.0,0.0,Basic,Standard retention nurture
140839,0.0,0,0,0.2112,Low,0.0,0.0,0.0,0.0,Basic,Standard retention nurture
140840,0.0,0,0,0.545,Low,0.0,0.0,0.0,0.0,Premium,Standard retention nurture
140841,0.0118,0,0,0.3405,Low,0.004,185.0,56.0,56.0,Standard,Standard retention nurture
140842,0.0256,0,0,0.3684,Low,0.0094,95.0,28.0,28.0,Standard,Standard retention nurture
140843,0.0,0,0,0.142,Low,0.0,0.0,0.0,0.0,Basic,Standard retention nurture
140844,0.0,0,0,0.5506,Low,0.0,0.0,0.0,0.0,Premium,Standard retention nurture
140845,0.0002,0,0,0.3522,Low,0.0001,3.0,1.0,1.0,Standard,Standard retention nurture
140846,0.0,0,0,0.1866,Low,0.0,0.0,0.0,0.0,Basic,Standard retention nurture
140847,0.0026,0,0,0.2432,Low,0.0006,24.0,7.0,7.0,Basic,Standard retention nurture
140848,0.0,0,0,0.504,Low,0.0,0.0,0.0,0.0,Premium,Standard retention nurture
140849,0.0001,0,0,0.7241,Low,0.0001,3.0,1.0,1.0,Premium,Standard retention nurture
140850,0.0,0,0,0.3535,Low,0.0,0.0,0.0,0.0,Standard,Standard retention nurture
140851,0.0,0,0,0.3862,Low,0.0,0.0,0.0,0.0,Standard,Standard retention nurture
140852,0.0,0,0,0.717,Low,0.0,0.0,0.0,0.0,Premium,Standard retention nurture
140853,0.0,0,0,0.4648,Low,0.0,0.0,0.0,0.0,Standard,Standard retention nurture
140854,0.0,0,0,0.3714,Low,0.0,0.0,0.0,0.0,Standard,Standard retention nurture
140855,0.9951,1,1,0.1062,Critical,0.1057,3162.0,949.0,449.0,Basic,Relationship manager follow-up
140856,0.0015,0,0,0.598,Low,0.0009,46.0,14.0,14.0,Premium,Standard retention nurture
140857,0.0001,0,0,0.2741,Low,0.0,1.0,0.0,0.0,Standard,Standard retention nurture
140858,0.0133,0,0,0.4673,Low,0.0062,257.0,77.0,77.0,Standard,Standard retention nurture
140859,0.0,0,0,0.383,Low,0.0,0.0,0.0,0.0,Standard,Standard retention nurture
140860,0.0,0,0,0.4252,Low,0.0,0.0,0.0,0.0,Standard,Standard retention nurture
140861,0.0,0,0,0.7419,Low,0.0,0.0,0.0,0.0,Premium,Standard retention nurture
140862,1.0,1,1,0.0704,Critical,0.0704,2186.0,656.0,156.0,Basic,Relationship manager follow-up
140863,0.0,0,0,0.2086,Low,0.0,0.0,0.0,0.0,Basic,Standard retention nurture
140864,0.0002,0,0,0.3854,Low,0.0001,3.0,1.0,1.0,Standard,Standard retention nurture
140865,0.0,0,0,0.1581,Low,0.0,0.0,0.0,0.0,Basic,Standard retention nurture
140866,0.0001,0,0,0.1887,Low,0.0,0.0,0.0,0.0,Basic,Standard retention nurture
140867,0.0,0,0,0.3809,Low,0.0,0.0,0.0,0.0,Standard,Standard retention nurture
140868,0.0069,0,0,0.5584,Low,0.0039,124.0,37.0,37.0,Premium,Standard retention nurture
140869,0.0,0,0,0.2251,Low,0.0,0.0,0.0,0.0,Basic,Standard retention nurture
140870,0.0,0,0,0.5465,Low,0.0,0.0,0.0,0.0,Premium,Standard retention nurture
140871,0.0004,0,0,0.1624,Low,0.0001,2.0,1.0,1.0,Basic,Standard retention nurture
140872,0.002,0,0,0.2603,Low,0.0005,17.0,5.0,5.0,Standard,Standard retention nurture
140873,0.9912,1,1,0.0816,Critical,0.0809,2346.0,704.0,204.0,Basic,Relationship manager follow-up
140874,0.9957,1,1,0.2394,Critical,0.2384,8817.0,2645.0,2145.0,Basic,Relationship manager follow-up
140875,0.0012,0,0,0.4611,Low,0.0006,18.0,5.0,5.0,Standard,Standard retention nurture
140876,0.9946,1,1,0.0745,Critical,0.0741,1464.0,439.0,-61.0,Basic,Relationship manager follow-up
140877,0.0021,0,0,0.2296,Low,0.0005,21.0,6.0,6.0,Basic,Standard retention nurture
140878,0.0,0,0,0.4631,Low,0.0,0.0,0.0,0.0,Standard,Standard retention nurture
140879,0.0,0,0,0.2314,Low,0.0,0.0,0.0,0.0,Basic,Standard retention nurture
140880,0.9998,1,1,0.2517,Critical,0.2516,5226.0,1568.0,1068.0,Standard,Relationship manager follow-up
140881,0.0,0,0,0.1994,Low,0.0,0.0,0.0,0.0,Basic,Standard retention nurture
140882,0.0,0,0,0.4792,Low,0.0,0.0,0.0,0.0,Standard,Standard retention nurture
140883,0.0,0,0,0.4808,Low,0.0,0.0,0.0,0.0,Standard,Standard retention nurture
140884,0.0,0,0,0.2573,Low,0.0,0.0,0.0,0.0,Standard,Standard retention nurture
140885,0.0,0,0,0.3969,Low,0.0,0.0,0.0,0.0,Standard,Standard retention nurture
140886,0.0,0,0,0.3323,Low,0.0,0.0,0.0,0.0,Standard,Standard retention nurture
140887,0.0027,0,0,0.1215,Low,0.0003,16.0,5.0,5.0,Basic,Standard retention nurture
140888,0.0001,0,0,0.1927,Low,0.0,1.0,0.0,0.0,Basic,Standard retention nurture
140889,0.0,0,0,0.2066,Low,0.0,0.0,0.0,0.0,Basic,Standard retention nurture
140890,0.0001,0,0,0.8011,Low,0.0001,4.0,1.0,1.0,Elite,Standard retention nurture
140891,0.0,0,0,0.4834,Low,0.0,0.0,0.0,0.0,Standard,Standard retention nurture
140892,0.0001,0,0,0.5423,Low,0.0001,2.0,1.0,1.0,Premium,Standard retention nurture
140893,0.0,0,0,0.209,Low,0.0,0.0,0.0,0.0,Basic,Standard retention nurture
140894,0.9754,1,1,0.5724,Critical,0.5583,24056.0,7217.0,6717.0,Premium,Relationship manager follow-up
140895,0.0,0,0,0.2656,Low,0.0,0.0,0.0,0.0,Standard,Standard retention nurture
140896,0.0,0,0,0.8345,Low,0.0,0.0,0.0,0.0,Elite,Standard retention nurture
140897,0.0,0,0,0.2218,Low,0.0,0.0,0.0,0.0,Basic,Standard retention nurture
140898,0.006,0,0,0.1986,Low,0.0012,56.0,17.0,17.0,Basic,Standard retention nurture
140899,0.0006,0,0,0.2413,Low,0.0001,5.0,2.0,2.0,Basic,Standard retention nurture
140900,0.0,0,0,0.6351,Low,0.0,0.0,0.0,0.0,Premium,Standard retention nurture
140901,0.9966,1,1,0.2814,Critical,0.2804,10665.0,3200.0,2700.0,Standard,Relationship manager follow-up
140902,0.0,0,0,0.2676,Low,0.0,0.0,0.0,0.0,Standard,Standard retention nurture
140903,0.0012,0,0,0.4824,Low,0.0006,25.0,8.0,8.0,Standard,Standard retention nurture
140904,0.9999,1,1,0.1338,Critical,0.1338,3230.0,969.0,469.0,Basic,Relationship manager follow-up
140905,0.0,0,0,0.2872,Low,0.0,0.0,0.0,0.0,Standard,Standard retention nurture
140906,0.0001,0,0,0.1494,Low,0.0,1.0,0.0,0.0,Basic,Standard retention nurture
140907,0.0001,0,0,0.4103,Low,0.0,1.0,0.0,0.0,Standard,Standard retention nurture
140908,0.9997,1,1,0.0906,Critical,0.0906,3041.0,912.0,412.0,Basic,Relationship manager follow-up
140909,0.0001,0,0,0.2033,Low,0.0,1.0,0.0,0.0,Basic,Standard retention nurture
140910,0.994,1,1,0.3501,Critical,0.348,11873.0,3562.0,3062.0,Standard,Relationship manager follow-up
140911,0.0,0,0,0.3644,Low,0.0,0.0,0.0,0.0,Standard,Standard retention nurture
140912,0.0009,0,0,0.318,Low,0.0003,11.0,3.0,3.0,Standard,Standard retention nurture
140913,0.0,0,0,0.2653,Low,0.0,0.0,0.0,0.0,Standard,Standard retention nurture
140914,0.0011,0,0,0.4322,Low,0.0005,16.0,5.0,5.0,Standard,Standard retention nurture
140915,0.0,0,0,0.6947,Low,0.0,0.0,0.0,0.0,Premium,Standard retention nurture
140916,0.9615,1,1,0.2605,Critical,0.2505,6811.0,2043.0,1543.0,Standard,Relationship manager follow-up
140917,0.0,0,0,0.5818,Low,0.0,0.0,0.0,0.0,Premium,Standard retention nurture
140918,0.0,0,0,0.2796,Low,0.0,0.0,0.0,0.0,Standard,Standard retention nurture
140919,0.0,0,0,0.3696,Low,0.0,0.0,0.0,0.0,Standard,Standard retention nurture
140920,0.0064,0,0,0.2717,Low,0.0017,77.0,23.0,23.0,Standard,Standard retention nurture
140921,0.0,0,0,0.4077,Low,0.0,0.0,0.0,0.0,Standard,Standard retention nurture
140922,0.0,0,0,0.315,Low,0.0,0.0,0.0,0.0,Standard,Standard retention nurture
140923,0.0,0,0,0.4453,Low,0.0,0.0,0.0,0.0,Standard,Standard retention nurture
140924,0.0,0,0,0.2661,Low,0.0,0.0,0.0,0.0,Standard,Standard retention nurture
140925,0.0006,0,0,0.3632,Low,0.0002,5.0,2.0,2.0,Standard,Standard retention nurture
140926,0.003,0,0,0.2261,Low,0.0007,32.0,10.0,10.0,Basic,Standard retention nurture
140927,0.0,0,0,0.5758,Low,0.0,0.0,0.0,0.0,Premium,Standard retention nurture
140928,0.0,0,0,0.3884,Low,0.0,0.0,0.0,0.0,Standard,Standard retention nurture
140929,0.0,0,0,0.648,Low,0.0,0.0,0.0,0.0,Premium,Standard retention nurture
140930,0.0,0,0,0.3853,Low,0.0,0.0,0.0,0.0,Standard,Standard retention nurture
140931,0.0001,0,0,0.3929,Low,0.0,2.0,1.0,1.0,Standard,Standard retention nurture
140932,0.0002,0,0,0.3462,Low,0.0001,2.0,1.0,1.0,Standard,Standard retention nurture
140933,0.0003,0,0,0.1304,Low,0.0,2.0,1.0,1.0,Basic,Standard retention nurture
140934,0.0,0,0,0.4346,Low,0.0,0.0,0.0,0.0,Standard,Standard retention nurture
140935,0.0,0,0,0.2789,Low,0.0,0.0,0.0,0.0,Standard,Standard retention nurture
140936,0.0,0,0,0.6701,Low,0.0,0.0,0.0,0.0,Premium,Standard retention nurture
140937,0.0,0,0,0.4667,Low,0.0,0.0,0.0,0.0,Standard,Standard retention nurture
140938,0.0,0,0,0.5122,Low,0.0,0.0,0.0,0.0,Premium,Standard retention nurture
140939,0.9512,1,1,0.1824,Critical,0.1735,2787.0,836.0,336.0,Basic,Relationship manager follow-up
140940,0.0,0,0,0.5715,Low,0.0,0.0,0.0,0.0,Premium,Standard retention nurture
140941,0.0,0,0,0.7844,Low,0.0,0.0,0.0,0.0,Elite,Standard retention nurture
140942,0.0,0,0,0.4023,Low,0.0,0.0,0.0,0.0,Standard,Standard retention nurture
140943,0.0,0,0,0.3351,Low,0.0,0.0,0.0,0.0,Standard,Standard retention nurture
140944,0.0001,0,0,0.4691,Low,0.0,2.0,1.0,1.0,Standard,Standard retention nurture
140945,0.0,0,0,0.4938,Low,0.0,0.0,0.0,0.0,Standard,Standard retention nurture
140946,0.0009,0,0,0.3392,Low,0.0003,3.0,1.0,1.0,Standard,Standard retention nurture
140947,0.0003,0,0,0.5877,Low,0.0002,8.0,2.0,2.0,Premium,Standard retention nurture
140948,0.0001,0,0,0.2721,Low,0.0,1.0,0.0,0.0,Standard,Standard retention nurture
140949,0.0,0,0,0.8738,Low,0.0,0.0,0.0,0.0,Elite,Standard retention nurture
140950,0.0002,0,0,0.3506,Low,0.0001,3.0,1.0,1.0,Standard,Standard retention nurture
140951,0.0008,0,0,0.4441,Low,0.0004,11.0,3.0,3.0,Standard,Standard retention nurture
140952,0.9958,1,1,0.2639,Critical,0.2628,10012.0,3004.0,2504.0,Standard,Relationship manager follow-up
140953,0.0017,0,0,0.3199,Low,0.0005,21.0,6.0,6.0,Standard,Standard retention nurture
140954,0.0113,0,0,0.1681,Low,0.0019,68.0,20.0,20.0,Basic,Standard retention nurture
140955,0.0,0,0,0.2437,Low,0.0,0.0,0.0,0.0,Basic,Standard retention nurture
140956,0.9998,1,1,0.1906,Critical,0.1906,3409.0,1023.0,523.0,Basic,Relationship manager follow-up
140957,0.9955,1,1,0.1021,Critical,0.1016,2357.0,707.0,207.0,Basic,Relationship manager follow-up
140958,0.0,0,0,0.2511,Low,0.0,0.0,0.0,0.0,Standard,Standard retention nurture
140959,0.0,0,0,0.6224,Low,0.0,0.0,0.0,0.0,Premium,Standard retention nurture
140960,0.0003,0,0,0.1567,Low,0.0,2.0,1.0,1.0,Basic,Standard retention nurture
140961,0.0,0,0,0.4576,Low,0.0,0.0,0.0,0.0,Standard,Standard retention nurture
140962,0.0,0,0,0.5231,Low,0.0,0.0,0.0,0.0,Premium,Standard retention nurture
140963,0.0,0,0,0.3231,Low,0.0,0.0,0.0,0.0,Standard,Standard retention nurture
140964,0.0,0,0,0.3143,Low,0.0,0.0,0.0,0.0,Standard,Standard retention nurture
140965,0.0,0,0,0.8533,Low,0.0,0.0,0.0,0.0,Elite,Standard retention nurture
140966,0.0,0,0,0.5282,Low,0.0,0.0,0.0,0.0,Premium,Standard retention nurture
140967,1.0,1,1,0.3819,Critical,0.3819,12086.0,3626.0,3126.0,Standard,Relationship manager follow-up
140968,0.0001,0,0,0.4793,Low,0.0,2.0,1.0,1.0,Standard,Standard retention nurture
140969,0.0006,0,0,0.2209,Low,0.0001,4.0,1.0,1.0,Basic,Standard retention nurture
140970,0.0,0,0,0.3382,Low,0.0,0.0,0.0,0.0,Standard,Standard retention nurture
140971,0.0003,0,0,0.4265,Low,0.0001,4.0,1.0,1.0,Standard,Standard retention nurture
140972,0.0001,0,0,0.6132,Low,0.0001,2.0,1.0,1.0,Premium,Standard retention nurture
140973,0.0,0,0,0.827,Low,0.0,0.0,0.0,0.0,Elite,Standard retention nurture
140974,0.0,0,0,0.2657,Low,0.0,0.0,0.0,0.0,Standard,Standard retention nurture
140975,0.9981,1,1,0.2892,Critical,0.2887,11643.0,3493.0,2993.0,Standard,Relationship manager follow-up
140976,0.9999,1,1,0.1401,Critical,0.1401,7334.0,2200.0,1700.0,Basic,Relationship manager follow-up
140977,0.999,1,1,0.3715,Critical,0.3711,13694.0,4108.0,3608.0,Standard,Relationship manager follow-up
140978,0.0006,0,0,0.4755,Low,0.0003,9.0,3.0,3.0,Standard,Standard retention nurture
140979,0.0009,0,0,0.3476,Low,0.0003,16.0,5.0,5.0,Standard,Standard retention nurture
140980,0.9998,1,1,0.1239,Critical,0.1239,3036.0,911.0,411.0,Basic,Relationship manager follow-up
140981,0.0,0,0,0.4464,Low,0.0,0.0,0.0,0.0,Standard,Standard retention nurture
140982,0.9901,1,1,0.1943,Critical,0.1924,7561.0,2268.0,1768.0,Basic,Relationship manager follow-up
140983,0.0,0,0,0.6673,Low,0.0,0.0,0.0,0.0,Premium,Standard retention nurture
140984,0.0,0,0,0.2426,Low,0.0,0.0,0.0,0.0,Basic,Standard retention nurture
140985,0.0001,0,0,0.2886,Low,0.0,1.0,0.0,0.0,Standard,Standard retention nurture
140986,0.0198,0,0,0.2622,Low,0.0052,78.0,23.0,23.0,Standard,Standard retention nurture
140987,0.9984,1,1,0.402,Critical,0.4014,14559.0,4368.0,3868.0,Standard,Relationship manager follow-up
140988,0.9995,1,1,0.1007,Critical,0.1006,5055.0,1516.0,1016.0,Basic,Relationship manager follow-up
140989,0.0,0,0,0.2087,Low,0.0,0.0,0.0,0.0,Basic,Standard retention nurture
140990,0.0003,0,0,0.3854,Low,0.0001,4.0,1.0,1.0,Standard,Standard retention nurture
140991,0.0181,0,0,0.4501,Low,0.0081,285.0,86.0,86.0,Standard,Standard retention nurture
140992,0.0,0,0,0.7904,Low,0.0,0.0,0.0,0.0,Elite,Standard retention nurture
140993,0.9998,1,1,0.229,Critical,0.229,7349.0,2205.0,1705.0,Basic,Relationship manager follow-up
140994,0.0001,0,0,0.5528,Low,0.0001,2.0,1.0,1.0,Premium,Standard retention nurture
140995,0.0133,0,0,0.1944,Low,0.0026,50.0,15.0,15.0,Basic,Standard retention nurture
140996,1.0,1,1,0.0411,Critical,0.0411,1055.0,316.0,-184.0,Basic,Relationship manager follow-up
140997,0.0,0,0,0.4058,Low,0.0,0.0,0.0,0.0,Standard,Standard retention nurture
140998,0.0,0,0,0.4084,Low,0.0,0.0,0.0,0.0,Standard,Standard retention nurture
140999,0.0,0,0,0.5129,Low,0.0,0.0,0.0,0.0,Premium,Standard retention nurture
141000,0.0,0,0,0.2474,Low,0.0,0.0,0.0,0.0,Basic,Standard retention nurture
141001,0.0011,0,0,0.6246,Low,0.0007,31.0,9.0,9.0,Premium,Standard retention nurture
141002,0.0002,0,0,0.2302,Low,0.0,2.0,1.0,1.0,Basic,Standard retention nurture
141003,0.0,0,0,0.3582,Low,0.0,0.0,0.0,0.0,Standard,Standard retention nurture
141004,0.0001,0,0,0.5186,Low,0.0001,2.0,1.0,1.0,Premium,Standard retention nurture
141005,0.0,0,0,0.3543,Low,0.0,0.0,0.0,0.0,Standard,Standard retention nurture
141006,0.0,0,0,0.2558,Low,0.0,0.0,0.0,0.0,Standard,Standard retention nurture
141007,0.0006,0,0,0.2012,Low,0.0001,1.0,0.0,0.0,Basic,Standard retention nurture
141008,0.0002,0,0,0.3383,Low,0.0001,2.0,1.0,1.0,Standard,Standard retention nurture
141009,0.0,0,0,0.4654,Low,0.0,0.0,0.0,0.0,Standard,Standard retention nurture
141010,0.0003,0,0,0.264,Low,0.0001,3.0,1.0,1.0,Standard,Standard retention nurture
141011,1.0,1,1,0.1483,Critical,0.1483,2518.0,755.0,255.0,Basic,Relationship manager follow-up
141012,0.9996,1,1,0.368,Critical,0.3679,12704.0,3811.0,3311.0,Standard,Relationship manager follow-up
141013,0.0007,0,0,0.742,Low,0.0005,25.0,8.0,8.0,Premium,Standard retention nurture
141014,0.0179,0,0,0.2084,Low,0.0037,92.0,28.0,28.0,Basic,Standard retention nurture
141015,0.0001,0,0,0.1643,Low,0.0,1.0,0.0,0.0,Basic,Standard retention nurture
141016,0.0,0,0,0.4543,Low,0.0,0.0,0.0,0.0,Standard,Standard retention nurture
141017,0.0008,0,0,0.3139,Low,0.0003,11.0,3.0,3.0,Standard,Standard retention nurture
141018,0.0,0,0,0.9379,Low,0.0,0.0,0.0,0.0,Elite,Standard retention nurture
141019,0.0002,0,0,0.4933,Low,0.0001,4.0,1.0,1.0,Standard,Standard retention nurture
141020,0.0,0,0,0.5204,Low,0.0,0.0,0.0,0.0,Premium,Standard retention nurture
141021,0.0,0,0,0.3363,Low,0.0,0.0,0.0,0.0,Standard,Standard retention nurture
141022,0.0004,0,0,0.2285,Low,0.0001,4.0,1.0,1.0,Basic,Standard retention nurture
141023,0.0,0,0,0.5364,Low,0.0,0.0,0.0,0.0,Premium,Standard retention nurture
141024,0.985,1,1,0.2398,Critical,0.2362,3780.0,1134.0,634.0,Basic,Relationship manager follow-up
141025,0.0,0,0,0.4386,Low,0.0,0.0,0.0,0.0,Standard,Standard retention nurture
141026,0.0,0,0,0.4773,Low,0.0,0.0,0.0,0.0,Standard,Standard retention nurture
141027,0.0,0,0,0.1925,Low,0.0,0.0,0.0,0.0,Basic,Standard retention nurture
141028,0.0055,0,0,0.1579,Low,0.0009,34.0,10.0,10.0,Basic,Standard retention nurture
141029,0.0,0,0,0.3213,Low,0.0,0.0,0.0,0.0,Standard,Standard retention nurture
141030,0.0,0,0,0.5133,Low,0.0,0.0,0.0,0.0,Premium,Standard retention nurture
141031,0.0045,0,0,0.3204,Low,0.0014,44.0,13.0,13.0,Standard,Standard retention nurture
141032,0.0,0,0,0.2779,Low,0.0,0.0,0.0,0.0,Standard,Standard retention nurture
141033,0.0005,0,0,0.4087,Low,0.0002,6.0,2.0,2.0,Standard,Standard retention nurture
141034,0.0,0,0,0.0921,Low,0.0,0.0,0.0,0.0,Basic,Standard retention nurture
141035,0.0,0,0,0.154,Low,0.0,0.0,0.0,0.0,Basic,Standard retention nurture
141036,0.9968,1,1,0.2433,Critical,0.2425,5812.0,1744.0,1244.0,Basic,Relationship manager follow-up
141037,0.0,0,0,0.2355,Low,0.0,0.0,0.0,0.0,Basic,Standard retention nurture
141038,0.9913,1,1,0.1427,Critical,0.1415,6022.0,1807.0,1307.0,Basic,Relationship manager follow-up
141039,0.0002,0,0,0.2826,Low,0.0001,1.0,0.0,0.0,Standard,Standard retention nurture
141040,0.0,0,0,0.9621,Low,0.0,0.0,0.0,0.0,Elite,Standard retention nurture
141041,0.0,0,0,0.4739,Low,0.0,0.0,0.0,0.0,Standard,Standard retention nurture
141042,0.0,0,0,0.609,Low,0.0,0.0,0.0,0.0,Premium,Standard retention nurture
141043,0.0003,0,0,0.1383,Low,0.0,2.0,1.0,1.0,Basic,Standard retention nurture
141044,0.0,0,0,0.2404,Low,0.0,0.0,0.0,0.0,Basic,Standard retention nurture
141045,0.0,0,0,0.2707,Low,0.0,0.0,0.0,0.0,Standard,Standard retention nurture
141046,0.0,0,0,0.5293,Low,0.0,0.0,0.0,0.0,Premium,Standard retention nurture
141047,0.0004,0,0,0.381,Low,0.0002,5.0,2.0,2.0,Standard,Standard retention nurture
141048,0.0001,0,0,0.6228,Low,0.0001,3.0,1.0,1.0,Premium,Standard retention nurture
141049,0.0004,0,0,0.4967,Low,0.0002,9.0,3.0,3.0,Standard,Standard retention nurture
141050,0.0,0,0,0.5371,Low,0.0,0.0,0.0,0.0,Premium,Standard retention nurture
141051,1.0,1,1,0.1233,Critical,0.1233,1719.0,516.0,16.0,Basic,Relationship manager follow-up
141052,0.045,0,0,0.1221,Low,0.0055,255.0,76.0,76.0,Basic,Standard retention nurture
141053,0.7538,1,1,0.3021,Critical,0.2277,2565.0,770.0,270.0,Standard,Relationship manager follow-up
141054,0.0,0,0,0.2437,Low,0.0,0.0,0.0,0.0,Basic,Standard retention nurture
141055,0.001,0,0,0.3165,Low,0.0003,10.0,3.0,3.0,Standard,Standard retention nurture
141056,0.0,0,0,0.4621,Low,0.0,0.0,0.0,0.0,Standard,Standard retention nurture
141057,0.0191,0,0,0.3893,Low,0.0074,344.0,103.0,103.0,Standard,Standard retention nurture
141058,0.0,0,0,0.4106,Low,0.0,0.0,0.0,0.0,Standard,Standard retention nurture
141059,0.0,0,0,0.4004,Low,0.0,0.0,0.0,0.0,Standard,Standard retention nurture
141060,0.0,0,0,0.5772,Low,0.0,0.0,0.0,0.0,Premium,Standard retention nurture
141061,0.001,0,0,0.4134,Low,0.0004,20.0,6.0,6.0,Standard,Standard retention nurture
141062,0.0,0,0,0.578,Low,0.0,0.0,0.0,0.0,Premium,Standard retention nurture
141063,0.9996,1,1,0.4286,Critical,0.4284,12849.0,3855.0,3355.0,Standard,Relationship manager follow-up
141064,0.0,0,0,0.7967,Low,0.0,0.0,0.0,0.0,Elite,Standard retention nurture
141065,0.9993,1,1,0.1368,Critical,0.1367,1678.0,503.0,3.0,Basic,Relationship manager follow-up
141066,0.0,0,0,0.2626,Low,0.0,0.0,0.0,0.0,Standard,Standard retention nurture
141067,0.0,0,0,0.1569,Low,0.0,0.0,0.0,0.0,Basic,Standard retention nurture
141068,0.0033,0,0,0.2717,Low,0.0009,42.0,13.0,13.0,Standard,Standard retention nurture
141069,0.0,0,0,0.4982,Low,0.0,0.0,0.0,0.0,Standard,Standard retention nurture
141070,0.0,0,0,0.355,Low,0.0,0.0,0.0,0.0,Standard,Standard retention nurture
141071,0.0,0,0,0.3922,Low,0.0,0.0,0.0,0.0,Standard,Standard retention nurture
141072,0.0,0,0,0.527,Low,0.0,0.0,0.0,0.0,Premium,Standard retention nurture
141073,0.0,0,0,0.3741,Low,0.0,0.0,0.0,0.0,Standard,Standard retention nurture
141074,0.9967,1,1,0.5441,Critical,0.5423,16592.0,4978.0,4478.0,Premium,Relationship manager follow-up
141075,0.0016,0,0,0.3659,Low,0.0006,25.0,8.0,8.0,Standard,Standard retention nurture
141076,0.0,0,0,0.1884,Low,0.0,0.0,0.0,0.0,Basic,Standard retention nurture
141077,0.0,0,0,0.7632,Low,0.0,0.0,0.0,0.0,Elite,Standard retention nurture
141078,0.9501,1,1,0.258,Critical,0.2451,5623.0,1687.0,1187.0,Standard,Relationship manager follow-up
141079,0.0,0,0,0.4011,Low,0.0,0.0,0.0,0.0,Standard,Standard retention nurture
141080,1.0,1,1,0.1713,Critical,0.1713,2782.0,835.0,335.0,Basic,Relationship manager follow-up
141081,0.0007,0,0,0.3033,Low,0.0002,10.0,3.0,3.0,Standard,Standard retention nurture
141082,0.0204,0,0,0.4732,Low,0.0097,312.0,94.0,94.0,Standard,Standard retention nurture
141083,0.0001,0,0,0.3549,Low,0.0,1.0,0.0,0.0,Standard,Standard retention nurture
141084,0.8418,1,1,0.5441,Critical,0.458,18010.0,5403.0,4903.0,Premium,Relationship manager follow-up
141085,0.0,0,0,0.8176,Low,0.0,0.0,0.0,0.0,Elite,Standard retention nurture
141086,0.0,0,0,0.2937,Low,0.0,0.0,0.0,0.0,Standard,Standard retention nurture
141087,0.0,0,0,0.3139,Low,0.0,0.0,0.0,0.0,Standard,Standard retention nurture
141088,0.0,0,0,0.5243,Low,0.0,0.0,0.0,0.0,Premium,Standard retention nurture
141089,0.0,0,0,0.5535,Low,0.0,0.0,0.0,0.0,Premium,Standard retention nurture
141090,0.0,0,0,0.2494,Low,0.0,0.0,0.0,0.0,Basic,Standard retention nurture
141091,0.0,0,0,0.3584,Low,0.0,0.0,0.0,0.0,Standard,Standard retention nurture
141092,0.0001,0,0,0.4969,Low,0.0,2.0,1.0,1.0,Standard,Standard retention nurture
141093,0.0056,0,0,0.3425,Low,0.0019,60.0,18.0,18.0,Standard,Standard retention nurture
141094,0.0001,0,0,0.4715,Low,0.0,2.0,1.0,1.0,Standard,Standard retention nurture
141095,0.0,0,0,0.4555,Low,0.0,0.0,0.0,0.0,Standard,Standard retention nurture
141096,0.0062,0,0,0.225,Low,0.0014,40.0,12.0,12.0,Basic,Standard retention nurture
141097,0.0,0,0,0.3703,Low,0.0,0.0,0.0,0.0,Standard,Standard retention nurture
141098,0.9466,1,0,0.1495,Critical,0.1415,2944.0,883.0,383.0,Basic,Relationship manager follow-up
141099,1.0,1,1,0.178,Critical,0.178,7403.0,2221.0,1721.0,Basic,Relationship manager follow-up
141100,0.0,0,0,0.3741,Low,0.0,0.0,0.0,0.0,Standard,Standard retention nurture
141101,0.0,0,0,0.2293,Low,0.0,0.0,0.0,0.0,Basic,Standard retention nurture
