customer_id,churn_probability,churn_prediction,actual_churn,customer_value,risk_tier,priority_score,revenue_at_risk,recoverable_revenue,net_benefit,wealth_tier,recommended_action,customer_lifetime_value,intervention_cost,expected_recovery,roi,roi_category
133002,1.0,1,1,0.2415,Critical,0.2415,4777.0,1433.0,933.0,Basic,Relationship manager follow-up,0,500,1433.0,1.87,Low ROI (0-10x)
133006,0.9996,1,1,0.3314,Critical,0.3313,7833.0,2350.0,1850.0,Standard,Relationship manager follow-up,0,500,2350.0,3.7,Low ROI (0-10x)
133011,1.0,1,1,0.1619,Critical,0.1619,2665.0,800.0,300.0,Basic,Relationship manager follow-up,0,500,800.0,0.6,Low ROI (0-10x)
133012,1.0,1,1,0.1391,Critical,0.1391,3184.0,955.0,455.0,Basic,Relationship manager follow-up,0,500,955.0,0.91,Low ROI (0-10x)
133029,1.0,1,1,0.1048,Critical,0.1048,2405.0,722.0,222.0,Basic,Relationship manager follow-up,0,500,722.0,0.44,Low ROI (0-10x)
133037,0.9938,1,1,0.1013,Critical,0.1007,2339.0,702.0,202.0,Basic,Relationship manager follow-up,0,500,702.0,0.4,Low ROI (0-10x)
133040,1.0,1,1,0.0863,Critical,0.0863,984.0,295.0,-205.0,Basic,Relationship manager follow-up,0,500,295.0,-0.41,Negative ROI
133044,0.9999,1,1,0.1137,Critical,0.1137,2908.0,872.0,372.0,Basic,Relationship manager follow-up,0,500,872.0,0.74,Low ROI (0-10x)
133063,0.3607,1,0,0.7226,Medium,0.2606,12308.0,3692.0,3192.0,Premium,Relationship manager follow-up,0,500,3692.0,6.38,Low ROI (0-10x)
133067,0.1864,1,0,0.3259,Low,0.0607,1774.0,532.0,32.0,Standard,Relationship manager follow-up,0,500,532.0,0.06,Low ROI (0-10x)
133071,1.0,1,1,0.4479,Critical,0.4479,12438.0,3731.0,3231.0,Standard,Relationship manager follow-up,0,500,3731.0,6.46,Low ROI (0-10x)
133078,0.9999,1,1,0.2408,Critical,0.2408,7969.0,2391.0,1891.0,Basic,Relationship manager follow-up,0,500,2391.0,3.78,Low ROI (0-10x)
133087,0.9996,1,1,0.0897,Critical,0.0897,3083.0,925.0,425.0,Basic,Relationship manager follow-up,0,500,925.0,0.85,Low ROI (0-10x)
133092,0.9989,1,1,0.2313,Critical,0.231,7741.0,2322.0,1822.0,Basic,Relationship manager follow-up,0,500,2322.0,3.64,Low ROI (0-10x)
133103,1.0,1,1,0.267,Critical,0.267,8740.0,2622.0,2122.0,Standard,Relationship manager follow-up,0,500,2622.0,4.24,Low ROI (0-10x)
133113,1.0,1,1,0.397,Critical,0.397,9606.0,2882.0,2382.0,Standard,Relationship manager follow-up,0,500,2882.0,4.76,Low ROI (0-10x)
133115,0.9981,1,1,0.1057,Critical,0.1055,2645.0,794.0,294.0,Basic,Relationship manager follow-up,0,500,794.0,0.59,Low ROI (0-10x)
133116,0.9886,1,1,0.1712,Critical,0.1692,3920.0,1176.0,676.0,Basic,Relationship manager follow-up,0,500,1176.0,1.35,Low ROI (0-10x)
133120,0.8777,1,1,0.2342,Critical,0.2056,8236.0,2471.0,1971.0,Basic,Relationship manager follow-up,0,500,2471.0,3.94,Low ROI (0-10x)
133121,0.9579,1,1,0.335,Critical,0.3209,9263.0,2779.0,2279.0,Standard,Relationship manager follow-up,0,500,2779.0,4.56,Low ROI (0-10x)
133127,0.9993,1,1,0.1325,Critical,0.1324,1822.0,547.0,47.0,Basic,Relationship manager follow-up,0,500,547.0,0.09,Low ROI (0-10x)
133134,1.0,1,1,0.1362,Critical,0.1362,5686.0,1706.0,1206.0,Basic,Relationship manager follow-up,0,500,1706.0,2.41,Low ROI (0-10x)
133137,0.996,1,1,0.2414,Critical,0.2404,7514.0,2254.0,1754.0,Basic,Relationship manager follow-up,0,500,2254.0,3.51,Low ROI (0-10x)
133144,1.0,1,1,0.0813,Critical,0.0813,3391.0,1017.0,517.0,Basic,Relationship manager follow-up,0,500,1017.0,1.03,Low ROI (0-10x)
133147,1.0,1,1,0.2747,Critical,0.2747,6293.0,1888.0,1388.0,Standard,Relationship manager follow-up,0,500,1888.0,2.78,Low ROI (0-10x)
133148,0.9976,1,1,0.548,Critical,0.5467,19379.0,5814.0,5314.0,Premium,Relationship manager follow-up,0,500,5814.0,10.63,Medium ROI (10-50x)
133150,1.0,1,1,0.1778,Critical,0.1778,4406.0,1322.0,822.0,Basic,Relationship manager follow-up,0,500,1322.0,1.64,Low ROI (0-10x)
133153,1.0,1,1,0.0972,Critical,0.0972,2633.0,790.0,290.0,Basic,Relationship manager follow-up,0,500,790.0,0.58,Low ROI (0-10x)
133156,1.0,1,1,0.1102,Critical,0.1102,1739.0,522.0,22.0,Basic,Relationship manager follow-up,0,500,522.0,0.04,Low ROI (0-10x)
133157,1.0,1,1,0.1593,Critical,0.1593,3028.0,908.0,408.0,Basic,Relationship manager follow-up,0,500,908.0,0.82,Low ROI (0-10x)
133161,1.0,1,1,0.0682,Critical,0.0682,2712.0,814.0,314.0,Basic,Relationship manager follow-up,0,500,814.0,0.63,Low ROI (0-10x)
133166,0.8812,1,0,0.1689,Critical,0.1488,3315.0,994.0,494.0,Basic,Relationship manager follow-up,0,500,994.0,0.99,Low ROI (0-10x)
133175,0.9998,1,1,0.3182,Critical,0.3181,11537.0,3461.0,2961.0,Standard,Relationship manager follow-up,0,500,3461.0,5.92,Low ROI (0-10x)
133178,0.4778,1,0,0.4658,Medium,0.2226,9781.0,2934.0,2434.0,Standard,Relationship manager follow-up,0,500,2934.0,4.87,Low ROI (0-10x)
133181,0.9822,1,1,0.1381,Critical,0.1356,5454.0,1636.0,1136.0,Basic,Relationship manager follow-up,0,500,1636.0,2.27,Low ROI (0-10x)
133183,1.0,1,1,0.0947,Critical,0.0947,3967.0,1190.0,690.0,Basic,Relationship manager follow-up,0,500,1190.0,1.38,Low ROI (0-10x)
133184,0.7377,1,1,0.4631,High,0.3416,15661.0,4698.0,4198.0,Standard,Relationship manager follow-up,0,500,4698.0,8.4,Low ROI (0-10x)
133192,0.9998,1,1,0.1239,Critical,0.1239,1608.0,482.0,-18.0,Basic,Relationship manager follow-up,0,500,482.0,-0.04,Negative ROI
133203,1.0,1,1,0.3588,Critical,0.3588,11642.0,3493.0,2993.0,Standard,Relationship manager follow-up,0,500,3493.0,5.99,Low ROI (0-10x)
133204,0.9999,1,1,0.2505,Critical,0.2505,12059.0,3618.0,3118.0,Standard,Relationship manager follow-up,0,500,3618.0,6.24,Low ROI (0-10x)
133207,0.9684,1,1,0.2324,Critical,0.2251,3373.0,1012.0,512.0,Basic,Relationship manager follow-up,0,500,1012.0,1.02,Low ROI (0-10x)
133209,0.9874,1,1,0.1182,Critical,0.1167,3001.0,900.0,400.0,Basic,Relationship manager follow-up,0,500,900.0,0.8,Low ROI (0-10x)
133218,0.9997,1,1,0.4257,Critical,0.4256,13019.0,3906.0,3406.0,Standard,Relationship manager follow-up,0,500,3906.0,6.81,Low ROI (0-10x)
133223,0.9919,1,1,0.3072,Critical,0.3047,6541.0,1962.0,1462.0,Standard,Relationship manager follow-up,0,500,1962.0,2.92,Low ROI (0-10x)
133226,0.9986,1,1,0.1475,Critical,0.1473,2158.0,647.0,147.0,Basic,Relationship manager follow-up,0,500,647.0,0.29,Low ROI (0-10x)
133229,0.9997,1,1,0.214,Critical,0.2139,5885.0,1766.0,1266.0,Basic,Relationship manager follow-up,0,500,1766.0,2.53,Low ROI (0-10x)
133239,0.9895,1,1,0.0957,Critical,0.0947,2782.0,835.0,335.0,Basic,Relationship manager follow-up,0,500,835.0,0.67,Low ROI (0-10x)
133242,0.9951,1,1,0.737,Critical,0.7334,36403.0,10921.0,10421.0,Premium,Relationship manager follow-up,0,500,10921.0,20.84,Medium ROI (10-50x)
133247,0.999,1,1,0.2683,Critical,0.268,8016.0,2405.0,1905.0,Standard,Relationship manager follow-up,0,500,2405.0,3.81,Low ROI (0-10x)
133270,0.9992,1,1,0.0499,Critical,0.0499,1990.0,597.0,97.0,Basic,Relationship manager follow-up,0,500,597.0,0.19,Low ROI (0-10x)
133276,1.0,1,1,0.253,Critical,0.253,5158.0,1547.0,1047.0,Standard,Relationship manager follow-up,0,500,1547.0,2.09,Low ROI (0-10x)
133277,0.9997,1,1,0.105,Critical,0.105,2311.0,693.0,193.0,Basic,Relationship manager follow-up,0,500,693.0,0.39,Low ROI (0-10x)
133288,0.9989,1,1,0.3438,Critical,0.3434,6844.0,2053.0,1553.0,Standard,Relationship manager follow-up,0,500,2053.0,3.11,Low ROI (0-10x)
133294,0.9995,1,1,0.0657,Critical,0.0657,2090.0,627.0,127.0,Basic,Relationship manager follow-up,0,500,627.0,0.25,Low ROI (0-10x)
133295,1.0,1,1,0.2258,Critical,0.2258,5039.0,1512.0,1012.0,Basic,Relationship manager follow-up,0,500,1512.0,2.02,Low ROI (0-10x)
133297,0.9999,1,1,0.163,Critical,0.163,2943.0,883.0,383.0,Basic,Relationship manager follow-up,0,500,883.0,0.77,Low ROI (0-10x)
133298,0.965,1,1,0.2359,Critical,0.2276,6689.0,2007.0,1507.0,Basic,Relationship manager follow-up,0,500,2007.0,3.01,Low ROI (0-10x)
133302,0.9886,1,1,0.3588,Critical,0.3547,13701.0,4110.0,3610.0,Standard,Relationship manager follow-up,0,500,4110.0,7.22,Low ROI (0-10x)
133304,0.9893,1,1,0.2005,Critical,0.1984,4398.0,1319.0,819.0,Basic,Relationship manager follow-up,0,500,1319.0,1.64,Low ROI (0-10x)
133309,0.4198,1,0,0.2688,Medium,0.1128,2026.0,608.0,108.0,Standard,Relationship manager follow-up,0,500,608.0,0.22,Low ROI (0-10x)
133316,0.9993,1,1,0.3493,Critical,0.3491,13363.0,4009.0,3509.0,Standard,Relationship manager follow-up,0,500,4009.0,7.02,Low ROI (0-10x)
133319,0.9998,1,1,0.1719,Critical,0.1719,6071.0,1821.0,1321.0,Basic,Relationship manager follow-up,0,500,1821.0,2.64,Low ROI (0-10x)
133346,0.9992,1,1,0.3831,Critical,0.3828,18483.0,5545.0,5045.0,Standard,Relationship manager follow-up,0,500,5545.0,10.09,Medium ROI (10-50x)
133350,1.0,1,1,0.1128,Critical,0.1128,3905.0,1172.0,672.0,Basic,Relationship manager follow-up,0,500,1172.0,1.34,Low ROI (0-10x)
133354,0.9999,1,1,0.1977,Critical,0.1977,3553.0,1066.0,566.0,Basic,Relationship manager follow-up,0,500,1066.0,1.13,Low ROI (0-10x)
133362,1.0,1,1,0.1859,Critical,0.1859,6563.0,1969.0,1469.0,Basic,Relationship manager follow-up,0,500,1969.0,2.94,Low ROI (0-10x)
133368,0.9999,1,1,0.217,Critical,0.217,2758.0,827.0,327.0,Basic,Relationship manager follow-up,0,500,827.0,0.65,Low ROI (0-10x)
133375,0.9975,1,1,0.3156,Critical,0.3148,10364.0,3109.0,2609.0,Standard,Relationship manager follow-up,0,500,3109.0,5.22,Low ROI (0-10x)
133377,1.0,1,1,0.1302,Critical,0.1302,2490.0,747.0,247.0,Basic,Relationship manager follow-up,0,500,747.0,0.49,Low ROI (0-10x)
133380,0.9868,1,1,0.2314,Critical,0.2283,4122.0,1237.0,737.0,Basic,Relationship manager follow-up,0,500,1237.0,1.47,Low ROI (0-10x)
133381,1.0,1,1,0.0924,Critical,0.0924,3688.0,1106.0,606.0,Basic,Relationship manager follow-up,0,500,1106.0,1.21,Low ROI (0-10x)
133384,0.9752,1,1,0.1284,Critical,0.1252,2573.0,772.0,272.0,Basic,Relationship manager follow-up,0,500,772.0,0.54,Low ROI (0-10x)
133385,0.6524,1,0,0.2525,High,0.1647,8416.0,2525.0,2025.0,Standard,Relationship manager follow-up,0,500,2525.0,4.05,Low ROI (0-10x)
133391,1.0,1,1,0.1525,Critical,0.1525,6024.0,1807.0,1307.0,Basic,Relationship manager follow-up,0,500,1807.0,2.61,Low ROI (0-10x)
133393,0.1248,1,0,0.4568,Low,0.057,1870.0,561.0,61.0,Standard,Relationship manager follow-up,0,500,561.0,0.12,Low ROI (0-10x)
133395,0.9999,1,1,0.3361,Critical,0.3361,7831.0,2349.0,1849.0,Standard,Relationship manager follow-up,0,500,2349.0,3.7,Low ROI (0-10x)
133406,0.9894,1,1,0.698,Critical,0.6906,31784.0,9535.0,9035.0,Premium,Relationship manager follow-up,0,500,9535.0,18.07,Medium ROI (10-50x)
133410,1.0,1,1,0.0566,Critical,0.0566,1975.0,592.0,92.0,Basic,Relationship manager follow-up,0,500,592.0,0.18,Low ROI (0-10x)
133415,0.9644,1,1,0.3966,Critical,0.3825,13795.0,4138.0,3638.0,Standard,Relationship manager follow-up,0,500,4138.0,7.28,Low ROI (0-10x)
133417,0.9934,1,1,0.1728,Critical,0.1717,5056.0,1517.0,1017.0,Basic,Relationship manager follow-up,0,500,1517.0,2.03,Low ROI (0-10x)
133420,0.9995,1,1,0.1627,Critical,0.1626,3141.0,942.0,442.0,Basic,Relationship manager follow-up,0,500,942.0,0.88,Low ROI (0-10x)
133427,0.9999,1,1,0.2268,Critical,0.2268,7715.0,2314.0,1814.0,Basic,Relationship manager follow-up,0,500,2314.0,3.63,Low ROI (0-10x)
133442,0.9496,1,1,0.3139,Critical,0.2981,9881.0,2964.0,2464.0,Standard,Relationship manager follow-up,0,500,2964.0,4.93,Low ROI (0-10x)
133444,0.9998,1,1,0.2076,Critical,0.2076,6443.0,1933.0,1433.0,Basic,Relationship manager follow-up,0,500,1933.0,2.87,Low ROI (0-10x)
133448,0.9942,1,1,0.1699,Critical,0.1689,6575.0,1972.0,1472.0,Basic,Relationship manager follow-up,0,500,1972.0,2.94,Low ROI (0-10x)
133452,0.9999,1,1,0.1685,Critical,0.1685,4452.0,1336.0,836.0,Basic,Relationship manager follow-up,0,500,1336.0,1.67,Low ROI (0-10x)
133464,0.9989,1,1,0.5498,Critical,0.5492,16429.0,4929.0,4429.0,Premium,Relationship manager follow-up,0,500,4929.0,8.86,Low ROI (0-10x)
133465,0.9954,1,1,0.7316,Critical,0.7282,27469.0,8241.0,7741.0,Premium,Relationship manager follow-up,0,500,8241.0,15.48,Medium ROI (10-50x)
133467,0.6584,1,0,0.4333,High,0.2853,10247.0,3074.0,2574.0,Standard,Relationship manager follow-up,0,500,3074.0,5.15,Low ROI (0-10x)
133469,1.0,1,1,0.2634,Critical,0.2634,10135.0,3040.0,2540.0,Standard,Relationship manager follow-up,0,500,3040.0,5.08,Low ROI (0-10x)
133471,1.0,1,1,0.2951,Critical,0.2951,9793.0,2938.0,2438.0,Standard,Relationship manager follow-up,0,500,2938.0,4.88,Low ROI (0-10x)
133480,0.9897,1,1,0.1809,Critical,0.179,7449.0,2235.0,1735.0,Basic,Relationship manager follow-up,0,500,2235.0,3.47,Low ROI (0-10x)
133481,0.9995,1,1,0.095,Critical,0.095,2742.0,823.0,323.0,Basic,Relationship manager follow-up,0,500,823.0,0.65,Low ROI (0-10x)
133482,0.1932,1,0,0.5501,Low,0.1063,3902.0,1171.0,671.0,Premium,Relationship manager follow-up,0,500,1171.0,1.34,Low ROI (0-10x)
133487,0.9443,1,1,0.2583,Critical,0.2439,9832.0,2950.0,2450.0,Standard,Relationship manager follow-up,0,500,2950.0,4.9,Low ROI (0-10x)
133494,0.2577,1,0,0.1346,Low,0.0347,684.0,205.0,-295.0,Basic,Relationship manager follow-up,0,500,205.0,-0.59,Negative ROI
133497,0.9998,1,1,0.4057,Critical,0.4056,6941.0,2082.0,1582.0,Standard,Relationship manager follow-up,0,500,2082.0,3.16,Low ROI (0-10x)
133498,0.9989,1,1,0.0716,Critical,0.0715,2655.0,796.0,296.0,Basic,Relationship manager follow-up,0,500,796.0,0.59,Low ROI (0-10x)
133510,1.0,1,1,0.1553,Critical,0.1553,5170.0,1551.0,1051.0,Basic,Relationship manager follow-up,0,500,1551.0,2.1,Low ROI (0-10x)
133513,0.9985,1,1,0.2698,Critical,0.2694,8823.0,2647.0,2147.0,Standard,Relationship manager follow-up,0,500,2647.0,4.29,Low ROI (0-10x)
133520,0.9998,1,1,0.1281,Critical,0.1281,1463.0,439.0,-61.0,Basic,Relationship manager follow-up,0,500,439.0,-0.12,Negative ROI
133531,0.1312,1,0,0.5301,Low,0.0695,3188.0,956.0,456.0,Premium,Relationship manager follow-up,0,500,956.0,0.91,Low ROI (0-10x)
133532,0.9911,1,1,0.3513,Critical,0.3482,10769.0,3231.0,2731.0,Standard,Relationship manager follow-up,0,500,3231.0,5.46,Low ROI (0-10x)
133539,1.0,1,1,0.2444,Critical,0.2444,6773.0,2032.0,1532.0,Basic,Relationship manager follow-up,0,500,2032.0,3.06,Low ROI (0-10x)
133540,0.9996,1,1,0.1223,Critical,0.1223,1529.0,459.0,-41.0,Basic,Relationship manager follow-up,0,500,459.0,-0.08,Negative ROI
133541,0.9974,1,1,0.1116,Critical,0.1113,3899.0,1170.0,670.0,Basic,Relationship manager follow-up,0,500,1170.0,1.34,Low ROI (0-10x)
133542,1.0,1,1,0.1451,Critical,0.1451,3201.0,960.0,460.0,Basic,Relationship manager follow-up,0,500,960.0,0.92,Low ROI (0-10x)
133544,0.9977,1,1,0.2709,Critical,0.2703,9808.0,2942.0,2442.0,Standard,Relationship manager follow-up,0,500,2942.0,4.88,Low ROI (0-10x)
133545,0.7329,1,1,0.3053,High,0.2238,5418.0,1625.0,1125.0,Standard,Relationship manager follow-up,0,500,1625.0,2.25,Low ROI (0-10x)
133546,0.99,1,1,0.159,Critical,0.1574,6996.0,2099.0,1599.0,Basic,Relationship manager follow-up,0,500,2099.0,3.2,Low ROI (0-10x)
133547,0.9999,1,1,0.0516,Critical,0.0516,2264.0,679.0,179.0,Basic,Relationship manager follow-up,0,500,679.0,0.36,Low ROI (0-10x)
133555,0.1124,1,0,0.3808,Low,0.0428,1586.0,476.0,-24.0,Standard,Relationship manager follow-up,0,500,476.0,-0.05,Negative ROI
133557,1.0,1,1,0.2,Critical,0.2,8459.0,2538.0,2038.0,Basic,Relationship manager follow-up,0,500,2538.0,4.08,Low ROI (0-10x)
133572,0.9997,1,1,0.1278,Critical,0.1278,2957.0,887.0,387.0,Basic,Relationship manager follow-up,0,500,887.0,0.77,Low ROI (0-10x)
133577,0.9795,1,1,0.2909,Critical,0.2849,9599.0,2880.0,2380.0,Standard,Relationship manager follow-up,0,500,2880.0,4.76,Low ROI (0-10x)
133596,0.9984,1,1,0.3473,Critical,0.3467,10530.0,3159.0,2659.0,Standard,Relationship manager follow-up,0,500,3159.0,5.32,Low ROI (0-10x)
133600,0.3469,1,0,0.1866,Low,0.0647,2367.0,710.0,210.0,Basic,Relationship manager follow-up,0,500,710.0,0.42,Low ROI (0-10x)
133609,0.8828,1,1,0.2285,Critical,0.2017,2330.0,699.0,199.0,Basic,Relationship manager follow-up,0,500,699.0,0.4,Low ROI (0-10x)
133612,1.0,1,1,0.1732,Critical,0.1732,3952.0,1186.0,686.0,Basic,Relationship manager follow-up,0,500,1186.0,1.37,Low ROI (0-10x)
133618,0.9843,1,1,0.225,Critical,0.2215,6767.0,2030.0,1530.0,Basic,Relationship manager follow-up,0,500,2030.0,3.06,Low ROI (0-10x)
133623,0.9821,1,1,0.3651,Critical,0.3586,11859.0,3558.0,3058.0,Standard,Relationship manager follow-up,0,500,3558.0,6.12,Low ROI (0-10x)
133627,1.0,1,1,0.1349,Critical,0.1349,4523.0,1357.0,857.0,Basic,Relationship manager follow-up,0,500,1357.0,1.71,Low ROI (0-10x)
133629,1.0,1,1,0.1878,Critical,0.1878,6623.0,1987.0,1487.0,Basic,Relationship manager follow-up,0,500,1987.0,2.97,Low ROI (0-10x)
133639,1.0,1,1,0.2992,Critical,0.2992,9124.0,2737.0,2237.0,Standard,Relationship manager follow-up,0,500,2737.0,4.47,Low ROI (0-10x)
133644,0.9995,1,1,0.1151,Critical,0.115,3002.0,901.0,401.0,Basic,Relationship manager follow-up,0,500,901.0,0.8,Low ROI (0-10x)
133655,1.0,1,1,0.3026,Critical,0.3026,12054.0,3616.0,3116.0,Standard,Relationship manager follow-up,0,500,3616.0,6.23,Low ROI (0-10x)
133658,1.0,1,1,0.1299,Critical,0.1299,3803.0,1141.0,641.0,Basic,Relationship manager follow-up,0,500,1141.0,1.28,Low ROI (0-10x)
133672,0.2527,1,0,0.2986,Low,0.0755,2908.0,872.0,372.0,Standard,Relationship manager follow-up,0,500,872.0,0.74,Low ROI (0-10x)
133675,0.9976,1,1,0.2113,Critical,0.2108,7833.0,2350.0,1850.0,Basic,Relationship manager follow-up,0,500,2350.0,3.7,Low ROI (0-10x)
133677,0.5301,1,1,0.3136,Medium,0.1662,6469.0,1941.0,1441.0,Standard,Relationship manager follow-up,0,500,1941.0,2.88,Low ROI (0-10x)
133678,0.9998,1,1,0.1696,Critical,0.1696,7028.0,2108.0,1608.0,Basic,Relationship manager follow-up,0,500,2108.0,3.22,Low ROI (0-10x)
133693,1.0,1,1,0.1707,Critical,0.1707,5062.0,1519.0,1019.0,Basic,Relationship manager follow-up,0,500,1519.0,2.04,Low ROI (0-10x)
133697,0.9961,1,1,0.0881,Critical,0.0878,2349.0,705.0,205.0,Basic,Relationship manager follow-up,0,500,705.0,0.41,Low ROI (0-10x)
133701,0.9969,1,1,0.1918,Critical,0.1912,6333.0,1900.0,1400.0,Basic,Relationship manager follow-up,0,500,1900.0,2.8,Low ROI (0-10x)
133702,0.9999,1,1,0.1495,Critical,0.1495,1958.0,587.0,87.0,Basic,Relationship manager follow-up,0,500,587.0,0.17,Low ROI (0-10x)
133715,0.9938,1,1,0.2856,Critical,0.2838,8108.0,2432.0,1932.0,Standard,Relationship manager follow-up,0,500,2432.0,3.86,Low ROI (0-10x)
133725,0.9235,1,1,0.2459,Critical,0.2271,7535.0,2260.0,1760.0,Basic,Relationship manager follow-up,0,500,2260.0,3.52,Low ROI (0-10x)
133727,0.9989,1,1,0.3524,Critical,0.352,11397.0,3419.0,2919.0,Standard,Relationship manager follow-up,0,500,3419.0,5.84,Low ROI (0-10x)
133730,0.9998,1,1,0.3658,Critical,0.3657,17403.0,5221.0,4721.0,Standard,Relationship manager follow-up,0,500,5221.0,9.44,Low ROI (0-10x)
133732,1.0,1,1,0.1231,Critical,0.1231,3492.0,1048.0,548.0,Basic,Relationship manager follow-up,0,500,1048.0,1.1,Low ROI (0-10x)
133734,0.9998,1,1,0.2686,Critical,0.2685,7400.0,2220.0,1720.0,Standard,Relationship manager follow-up,0,500,2220.0,3.44,Low ROI (0-10x)
133735,1.0,1,1,0.1333,Critical,0.1333,2875.0,862.0,362.0,Basic,Relationship manager follow-up,0,500,862.0,0.72,Low ROI (0-10x)
133739,0.9983,1,1,0.1605,Critical,0.1602,5488.0,1646.0,1146.0,Basic,Relationship manager follow-up,0,500,1646.0,2.29,Low ROI (0-10x)
133748,0.9997,1,1,0.1539,Critical,0.1539,3633.0,1090.0,590.0,Basic,Relationship manager follow-up,0,500,1090.0,1.18,Low ROI (0-10x)
133762,0.9997,1,1,0.0897,Critical,0.0897,1743.0,523.0,23.0,Basic,Relationship manager follow-up,0,500,523.0,0.05,Low ROI (0-10x)
133763,1.0,1,1,0.0878,Critical,0.0878,979.0,294.0,-206.0,Basic,Relationship manager follow-up,0,500,294.0,-0.41,Negative ROI
133771,0.9996,1,1,0.1123,Critical,0.1123,4981.0,1494.0,994.0,Basic,Relationship manager follow-up,0,500,1494.0,1.99,Low ROI (0-10x)
133772,0.999,1,1,0.1404,Critical,0.1403,3533.0,1060.0,560.0,Basic,Relationship manager follow-up,0,500,1060.0,1.12,Low ROI (0-10x)
133774,0.1849,1,0,0.6503,Low,0.1202,5980.0,1794.0,1294.0,Premium,Relationship manager follow-up,0,500,1794.0,2.59,Low ROI (0-10x)
133777,0.8444,1,1,0.4775,Critical,0.4032,13355.0,4006.0,3506.0,Standard,Relationship manager follow-up,0,500,4006.0,7.01,Low ROI (0-10x)
133778,0.1231,1,0,0.3742,Low,0.0461,1693.0,508.0,8.0,Standard,Relationship manager follow-up,0,500,508.0,0.02,Low ROI (0-10x)
133786,1.0,1,1,0.0303,Critical,0.0303,1703.0,511.0,11.0,Basic,Relationship manager follow-up,0,500,511.0,0.02,Low ROI (0-10x)
133793,0.9991,1,1,0.2059,Critical,0.2057,7718.0,2315.0,1815.0,Basic,Relationship manager follow-up,0,500,2315.0,3.63,Low ROI (0-10x)
133796,1.0,1,1,0.091,Critical,0.091,1905.0,572.0,72.0,Basic,Relationship manager follow-up,0,500,572.0,0.14,Low ROI (0-10x)
133807,0.9775,1,1,0.5531,Critical,0.5407,17924.0,5377.0,4877.0,Premium,Relationship manager follow-up,0,500,5377.0,9.75,Low ROI (0-10x)
133814,0.9991,1,1,0.0624,Critical,0.0623,3312.0,994.0,494.0,Basic,Relationship manager follow-up,0,500,994.0,0.99,Low ROI (0-10x)
133820,0.9999,1,1,0.2029,Critical,0.2029,5924.0,1777.0,1277.0,Basic,Relationship manager follow-up,0,500,1777.0,2.55,Low ROI (0-10x)
133823,1.0,1,1,0.2246,Critical,0.2246,10635.0,3190.0,2690.0,Basic,Relationship manager follow-up,0,500,3190.0,5.38,Low ROI (0-10x)
133831,0.9873,1,1,0.1736,Critical,0.1714,4171.0,1251.0,751.0,Basic,Relationship manager follow-up,0,500,1251.0,1.5,Low ROI (0-10x)
133840,0.9991,1,1,0.4278,Critical,0.4274,15038.0,4511.0,4011.0,Standard,Relationship manager follow-up,0,500,4511.0,8.02,Low ROI (0-10x)
133859,1.0,1,1,0.104,Critical,0.104,3751.0,1125.0,625.0,Basic,Relationship manager follow-up,0,500,1125.0,1.25,Low ROI (0-10x)
133867,0.9961,1,1,0.0474,Critical,0.0472,3658.0,1097.0,597.0,Basic,Relationship manager follow-up,0,500,1097.0,1.19,Low ROI (0-10x)
133870,0.9987,1,1,0.3043,Critical,0.3039,13197.0,3959.0,3459.0,Standard,Relationship manager follow-up,0,500,3959.0,6.92,Low ROI (0-10x)
133886,0.9995,1,1,0.2434,Critical,0.2433,6095.0,1828.0,1328.0,Basic,Relationship manager follow-up,0,500,1828.0,2.66,Low ROI (0-10x)
133891,0.9933,1,1,0.0528,Critical,0.0524,907.0,272.0,-228.0,Basic,Relationship manager follow-up,0,500,272.0,-0.46,Negative ROI
133893,0.9998,1,1,0.1317,Critical,0.1317,4313.0,1294.0,794.0,Basic,Relationship manager follow-up,0,500,1294.0,1.59,Low ROI (0-10x)
133897,0.9995,1,1,0.1778,Critical,0.1777,4754.0,1426.0,926.0,Basic,Relationship manager follow-up,0,500,1426.0,1.85,Low ROI (0-10x)
133904,0.9998,1,1,0.0732,Critical,0.0732,2671.0,801.0,301.0,Basic,Relationship manager follow-up,0,500,801.0,0.6,Low ROI (0-10x)
133917,0.9467,1,1,0.3428,Critical,0.3245,8687.0,2606.0,2106.0,Standard,Relationship manager follow-up,0,500,2606.0,4.21,Low ROI (0-10x)
133919,0.9996,1,1,0.1806,Critical,0.1805,6768.0,2030.0,1530.0,Basic,Relationship manager follow-up,0,500,2030.0,3.06,Low ROI (0-10x)
133929,1.0,1,1,0.1892,Critical,0.1892,6774.0,2032.0,1532.0,Basic,Relationship manager follow-up,0,500,2032.0,3.06,Low ROI (0-10x)
133936,0.9919,1,1,0.2017,Critical,0.2001,8905.0,2672.0,2172.0,Basic,Relationship manager follow-up,0,500,2672.0,4.34,Low ROI (0-10x)
133951,1.0,1,1,0.3317,Critical,0.3317,12252.0,3676.0,3176.0,Standard,Relationship manager follow-up,0,500,3676.0,6.35,Low ROI (0-10x)
133953,0.9999,1,1,0.2624,Critical,0.2624,7962.0,2389.0,1889.0,Standard,Relationship manager follow-up,0,500,2389.0,3.78,Low ROI (0-10x)
133957,0.3115,1,0,0.1512,Low,0.0471,1043.0,313.0,-187.0,Basic,Relationship manager follow-up,0,500,313.0,-0.37,Negative ROI
133959,0.9995,1,1,0.1641,Critical,0.164,3461.0,1038.0,538.0,Basic,Relationship manager follow-up,0,500,1038.0,1.08,Low ROI (0-10x)
133965,0.9997,1,1,0.255,Critical,0.2549,6600.0,1980.0,1480.0,Standard,Relationship manager follow-up,0,500,1980.0,2.96,Low ROI (0-10x)
133969,0.9366,1,1,0.1802,Critical,0.1688,6321.0,1896.0,1396.0,Basic,Relationship manager follow-up,0,500,1896.0,2.79,Low ROI (0-10x)
133986,0.9993,1,1,0.2602,Critical,0.26,9164.0,2749.0,2249.0,Standard,Relationship manager follow-up,0,500,2749.0,4.5,Low ROI (0-10x)
133996,0.9797,1,1,0.2957,Critical,0.2897,9748.0,2924.0,2424.0,Standard,Relationship manager follow-up,0,500,2924.0,4.85,Low ROI (0-10x)
133997,0.999,1,1,0.3463,Critical,0.346,15676.0,4703.0,4203.0,Standard,Relationship manager follow-up,0,500,4703.0,8.41,Low ROI (0-10x)
134002,1.0,1,1,0.3555,Critical,0.3555,10245.0,3074.0,2574.0,Standard,Relationship manager follow-up,0,500,3074.0,5.15,Low ROI (0-10x)
134005,0.9977,1,1,0.376,Critical,0.3751,17938.0,5381.0,4881.0,Standard,Relationship manager follow-up,0,500,5381.0,9.76,Low ROI (0-10x)
134009,1.0,1,1,0.1904,Critical,0.1904,6470.0,1941.0,1441.0,Basic,Relationship manager follow-up,0,500,1941.0,2.88,Low ROI (0-10x)
134017,0.9997,1,1,0.2167,Critical,0.2166,8096.0,2429.0,1929.0,Basic,Relationship manager follow-up,0,500,2429.0,3.86,Low ROI (0-10x)
134020,0.9997,1,1,0.2775,Critical,0.2774,10673.0,3202.0,2702.0,Standard,Relationship manager follow-up,0,500,3202.0,5.4,Low ROI (0-10x)
134025,0.9608,1,1,0.4089,Critical,0.3929,18572.0,5572.0,5072.0,Standard,Relationship manager follow-up,0,500,5572.0,10.14,Medium ROI (10-50x)
134032,1.0,1,1,0.1189,Critical,0.1189,1788.0,536.0,36.0,Basic,Relationship manager follow-up,0,500,536.0,0.07,Low ROI (0-10x)
134033,1.0,1,1,0.1638,Critical,0.1638,4882.0,1465.0,965.0,Basic,Relationship manager follow-up,0,500,1465.0,1.93,Low ROI (0-10x)
134036,0.9622,1,1,0.1146,Critical,0.1103,2208.0,662.0,162.0,Basic,Relationship manager follow-up,0,500,662.0,0.32,Low ROI (0-10x)
134037,0.9969,1,1,0.1381,Critical,0.1377,1750.0,525.0,25.0,Basic,Relationship manager follow-up,0,500,525.0,0.05,Low ROI (0-10x)
134038,0.9962,1,1,0.2619,Critical,0.2609,5700.0,1710.0,1210.0,Standard,Relationship manager follow-up,0,500,1710.0,2.42,Low ROI (0-10x)
134044,0.9939,1,1,0.1767,Critical,0.1756,4355.0,1306.0,806.0,Basic,Relationship manager follow-up,0,500,1306.0,1.61,Low ROI (0-10x)
134045,1.0,1,1,0.113,Critical,0.113,4850.0,1455.0,955.0,Basic,Relationship manager follow-up,0,500,1455.0,1.91,Low ROI (0-10x)
134051,0.999,1,1,0.2133,Critical,0.2131,4448.0,1334.0,834.0,Basic,Relationship manager follow-up,0,500,1334.0,1.67,Low ROI (0-10x)
134054,1.0,1,1,0.0932,Critical,0.0932,1655.0,496.0,-4.0,Basic,Relationship manager follow-up,0,500,496.0,-0.01,Negative ROI
134058,0.9901,1,1,0.1392,Critical,0.1378,5522.0,1657.0,1157.0,Basic,Relationship manager follow-up,0,500,1657.0,2.31,Low ROI (0-10x)
134070,0.9966,1,1,0.686,Critical,0.6837,27280.0,8184.0,7684.0,Premium,Relationship manager follow-up,0,500,8184.0,15.37,Medium ROI (10-50x)
134072,1.0,1,1,0.0726,Critical,0.0726,3105.0,932.0,432.0,Basic,Relationship manager follow-up,0,500,932.0,0.86,Low ROI (0-10x)
134075,0.7507,1,0,0.2501,Critical,0.1878,8078.0,2423.0,1923.0,Standard,Relationship manager follow-up,0,500,2423.0,3.85,Low ROI (0-10x)
134077,0.5016,1,0,0.1245,Medium,0.0624,1987.0,596.0,96.0,Basic,Relationship manager follow-up,0,500,596.0,0.19,Low ROI (0-10x)
134082,1.0,1,1,0.0917,Critical,0.0917,2310.0,693.0,193.0,Basic,Relationship manager follow-up,0,500,693.0,0.39,Low ROI (0-10x)
134083,0.122,1,0,0.3397,Low,0.0414,1323.0,397.0,-103.0,Standard,Relationship manager follow-up,0,500,397.0,-0.21,Negative ROI
134084,0.9981,1,1,0.6597,Critical,0.6584,31493.0,9448.0,8948.0,Premium,Relationship manager follow-up,0,500,9448.0,17.9,Medium ROI (10-50x)
134088,0.9997,1,1,0.1155,Critical,0.1155,3028.0,908.0,408.0,Basic,Relationship manager follow-up,0,500,908.0,0.82,Low ROI (0-10x)
134097,0.9999,1,1,0.2933,Critical,0.2933,11149.0,3345.0,2845.0,Standard,Relationship manager follow-up,0,500,3345.0,5.69,Low ROI (0-10x)
134102,1.0,1,1,0.1732,Critical,0.1732,5064.0,1519.0,1019.0,Basic,Relationship manager follow-up,0,500,1519.0,2.04,Low ROI (0-10x)
134107,0.9999,1,1,0.5671,Critical,0.567,21362.0,6409.0,5909.0,Premium,Relationship manager follow-up,0,500,6409.0,11.82,Medium ROI (10-50x)
134125,1.0,1,1,0.1411,Critical,0.1411,6914.0,2074.0,1574.0,Basic,Relationship manager follow-up,0,500,2074.0,3.15,Low ROI (0-10x)
134128,1.0,1,1,0.0738,Critical,0.0738,1517.0,455.0,-45.0,Basic,Relationship manager follow-up,0,500,455.0,-0.09,Negative ROI
134130,0.9973,1,1,0.0694,Critical,0.0692,2193.0,658.0,158.0,Basic,Relationship manager follow-up,0,500,658.0,0.32,Low ROI (0-10x)
134145,1.0,1,1,0.1794,Critical,0.1794,5633.0,1690.0,1190.0,Basic,Relationship manager follow-up,0,500,1690.0,2.38,Low ROI (0-10x)
134147,0.6341,1,1,0.28,High,0.1775,6325.0,1898.0,1398.0,Standard,Relationship manager follow-up,0,500,1898.0,2.8,Low ROI (0-10x)
134148,0.9988,1,1,0.1553,Critical,0.1551,3287.0,986.0,486.0,Basic,Relationship manager follow-up,0,500,986.0,0.97,Low ROI (0-10x)
134149,0.9998,1,1,0.4972,Critical,0.4971,13934.0,4180.0,3680.0,Standard,Relationship manager follow-up,0,500,4180.0,7.36,Low ROI (0-10x)
134151,0.9699,1,1,0.3472,Critical,0.3367,11423.0,3427.0,2927.0,Standard,Relationship manager follow-up,0,500,3427.0,5.85,Low ROI (0-10x)
134163,0.9988,1,1,0.4636,Critical,0.463,18071.0,5421.0,4921.0,Standard,Relationship manager follow-up,0,500,5421.0,9.84,Low ROI (0-10x)
134179,0.9992,1,1,0.1346,Critical,0.1345,1996.0,599.0,99.0,Basic,Relationship manager follow-up,0,500,599.0,0.2,Low ROI (0-10x)
134181,0.9999,1,1,0.1243,Critical,0.1243,2296.0,689.0,189.0,Basic,Relationship manager follow-up,0,500,689.0,0.38,Low ROI (0-10x)
134188,0.9985,1,1,0.3703,Critical,0.3697,11515.0,3454.0,2954.0,Standard,Relationship manager follow-up,0,500,3454.0,5.91,Low ROI (0-10x)
134189,0.9396,1,1,0.1887,Critical,0.1773,4569.0,1371.0,871.0,Basic,Relationship manager follow-up,0,500,1371.0,1.74,Low ROI (0-10x)
134191,1.0,1,1,0.0837,Critical,0.0837,2563.0,769.0,269.0,Basic,Relationship manager follow-up,0,500,769.0,0.54,Low ROI (0-10x)
134193,1.0,1,1,0.1526,Critical,0.1526,1794.0,538.0,38.0,Basic,Relationship manager follow-up,0,500,538.0,0.08,Low ROI (0-10x)
134195,0.9924,1,1,0.1758,Critical,0.1745,4628.0,1388.0,888.0,Basic,Relationship manager follow-up,0,500,1388.0,1.78,Low ROI (0-10x)
134197,1.0,1,1,0.1188,Critical,0.1188,5719.0,1716.0,1216.0,Basic,Relationship manager follow-up,0,500,1716.0,2.43,Low ROI (0-10x)
134201,1.0,1,1,0.1646,Critical,0.1646,2434.0,730.0,230.0,Basic,Relationship manager follow-up,0,500,730.0,0.46,Low ROI (0-10x)
134203,0.9976,1,1,0.2171,Critical,0.2166,5106.0,1532.0,1032.0,Basic,Relationship manager follow-up,0,500,1532.0,2.06,Low ROI (0-10x)
134206,0.787,1,1,0.136,Critical,0.107,3408.0,1022.0,522.0,Basic,Relationship manager follow-up,0,500,1022.0,1.04,Low ROI (0-10x)
134207,0.9999,1,1,0.1349,Critical,0.1349,2911.0,873.0,373.0,Basic,Relationship manager follow-up,0,500,873.0,0.75,Low ROI (0-10x)
134240,0.9961,1,1,0.0279,Critical,0.0278,2288.0,686.0,186.0,Basic,Relationship manager follow-up,0,500,686.0,0.37,Low ROI (0-10x)
134242,0.8517,1,1,0.2238,Critical,0.1906,6202.0,1861.0,1361.0,Basic,Relationship manager follow-up,0,500,1861.0,2.72,Low ROI (0-10x)
134250,1.0,1,1,0.3388,Critical,0.3388,15263.0,4579.0,4079.0,Standard,Relationship manager follow-up,0,500,4579.0,8.16,Low ROI (0-10x)
134258,0.9999,1,1,0.5662,Critical,0.5661,19076.0,5723.0,5223.0,Premium,Relationship manager follow-up,0,500,5723.0,10.45,Medium ROI (10-50x)
134259,1.0,1,1,0.1784,Critical,0.1784,3534.0,1060.0,560.0,Basic,Relationship manager follow-up,0,500,1060.0,1.12,Low ROI (0-10x)
134262,0.9947,1,1,0.4098,Critical,0.4076,15961.0,4788.0,4288.0,Standard,Relationship manager follow-up,0,500,4788.0,8.58,Low ROI (0-10x)
134285,1.0,1,1,0.1539,Critical,0.1539,5331.0,1599.0,1099.0,Basic,Relationship manager follow-up,0,500,1599.0,2.2,Low ROI (0-10x)
134287,0.9999,1,1,0.1787,Critical,0.1787,3985.0,1196.0,696.0,Basic,Relationship manager follow-up,0,500,1196.0,1.39,Low ROI (0-10x)
134289,0.9998,1,1,0.4742,Critical,0.4741,19551.0,5865.0,5365.0,Standard,Relationship manager follow-up,0,500,5865.0,10.73,Medium ROI (10-50x)
134296,0.9997,1,1,0.0848,Critical,0.0848,1787.0,536.0,36.0,Basic,Relationship manager follow-up,0,500,536.0,0.07,Low ROI (0-10x)
134302,0.9998,1,1,0.3448,Critical,0.3447,14244.0,4273.0,3773.0,Standard,Relationship manager follow-up,0,500,4273.0,7.55,Low ROI (0-10x)
134307,0.9399,1,1,0.1856,Critical,0.1744,1074.0,322.0,-178.0,Basic,Relationship manager follow-up,0,500,322.0,-0.36,Negative ROI
134311,0.623,1,0,0.6573,High,0.4095,15230.0,4569.0,4069.0,Premium,Relationship manager follow-up,0,500,4569.0,8.14,Low ROI (0-10x)
134313,1.0,1,1,0.1707,Critical,0.1707,4469.0,1341.0,841.0,Basic,Relationship manager follow-up,0,500,1341.0,1.68,Low ROI (0-10x)
134331,0.9959,1,1,0.1816,Critical,0.1809,5227.0,1568.0,1068.0,Basic,Relationship manager follow-up,0,500,1568.0,2.14,Low ROI (0-10x)
134335,1.0,1,1,0.2591,Critical,0.2591,5590.0,1677.0,1177.0,Standard,Relationship manager follow-up,0,500,1677.0,2.35,Low ROI (0-10x)
134344,1.0,1,1,0.2338,Critical,0.2338,4596.0,1379.0,879.0,Basic,Relationship manager follow-up,0,500,1379.0,1.76,Low ROI (0-10x)
134345,0.9998,1,1,0.276,Critical,0.2759,7225.0,2168.0,1668.0,Standard,Relationship manager follow-up,0,500,2168.0,3.34,Low ROI (0-10x)
134346,1.0,1,1,0.1377,Critical,0.1377,5844.0,1753.0,1253.0,Basic,Relationship manager follow-up,0,500,1753.0,2.51,Low ROI (0-10x)
134348,0.9999,1,1,0.2133,Critical,0.2133,8125.0,2438.0,1938.0,Basic,Relationship manager follow-up,0,500,2438.0,3.88,Low ROI (0-10x)
134368,0.3398,1,1,0.3856,Low,0.131,2573.0,772.0,272.0,Standard,Relationship manager follow-up,0,500,772.0,0.54,Low ROI (0-10x)
134380,0.9958,1,1,0.1995,Critical,0.1987,3878.0,1163.0,663.0,Basic,Relationship manager follow-up,0,500,1163.0,1.33,Low ROI (0-10x)
134403,0.9891,1,1,0.4173,Critical,0.4128,14889.0,4467.0,3967.0,Standard,Relationship manager follow-up,0,500,4467.0,7.93,Low ROI (0-10x)
134404,0.7147,1,0,0.231,High,0.1651,5709.0,1713.0,1213.0,Basic,Relationship manager follow-up,0,500,1713.0,2.43,Low ROI (0-10x)
134410,0.9995,1,1,0.1453,Critical,0.1452,1570.0,471.0,-29.0,Basic,Relationship manager follow-up,0,500,471.0,-0.06,Negative ROI
134415,0.9975,1,1,0.1955,Critical,0.195,5995.0,1798.0,1298.0,Basic,Relationship manager follow-up,0,500,1798.0,2.6,Low ROI (0-10x)
134441,0.993,1,1,0.3425,Critical,0.3401,15806.0,4742.0,4242.0,Standard,Relationship manager follow-up,0,500,4742.0,8.48,Low ROI (0-10x)
134442,0.9953,1,1,0.1567,Critical,0.156,1516.0,455.0,-45.0,Basic,Relationship manager follow-up,0,500,455.0,-0.09,Negative ROI
134443,0.3157,1,1,0.6158,Low,0.1944,8045.0,2414.0,1914.0,Premium,Relationship manager follow-up,0,500,2414.0,3.83,Low ROI (0-10x)
134451,1.0,1,1,0.3244,Critical,0.3244,10864.0,3259.0,2759.0,Standard,Relationship manager follow-up,0,500,3259.0,5.52,Low ROI (0-10x)
134455,0.875,1,1,0.3325,Critical,0.2909,14625.0,4388.0,3888.0,Standard,Relationship manager follow-up,0,500,4388.0,7.78,Low ROI (0-10x)
134458,0.9995,1,1,0.7282,Critical,0.7278,30809.0,9243.0,8743.0,Premium,Relationship manager follow-up,0,500,9243.0,17.49,Medium ROI (10-50x)
134468,0.9964,1,1,0.1144,Critical,0.114,4566.0,1370.0,870.0,Basic,Relationship manager follow-up,0,500,1370.0,1.74,Low ROI (0-10x)
134469,0.9982,1,1,0.259,Critical,0.2585,10019.0,3006.0,2506.0,Standard,Relationship manager follow-up,0,500,3006.0,5.01,Low ROI (0-10x)
134471,0.9961,1,1,0.7453,Critical,0.7424,36477.0,10943.0,10443.0,Premium,Relationship manager follow-up,0,500,10943.0,20.89,Medium ROI (10-50x)
134482,1.0,1,1,0.1007,Critical,0.1007,1749.0,525.0,25.0,Basic,Relationship manager follow-up,0,500,525.0,0.05,Low ROI (0-10x)
134486,1.0,1,1,0.2788,Critical,0.2788,6769.0,2031.0,1531.0,Standard,Relationship manager follow-up,0,500,2031.0,3.06,Low ROI (0-10x)
134509,1.0,1,1,0.1067,Critical,0.1067,2478.0,743.0,243.0,Basic,Relationship manager follow-up,0,500,743.0,0.49,Low ROI (0-10x)
134512,0.9987,1,1,0.5665,Critical,0.5658,21161.0,6348.0,5848.0,Premium,Relationship manager follow-up,0,500,6348.0,11.7,Medium ROI (10-50x)
134515,0.9999,1,1,0.4414,Critical,0.4414,14475.0,4342.0,3842.0,Standard,Relationship manager follow-up,0,500,4342.0,7.68,Low ROI (0-10x)
134516,0.9984,1,1,0.2348,Critical,0.2344,5686.0,1706.0,1206.0,Basic,Relationship manager follow-up,0,500,1706.0,2.41,Low ROI (0-10x)
134517,1.0,1,1,0.1614,Critical,0.1614,1248.0,374.0,-126.0,Basic,Relationship manager follow-up,0,500,374.0,-0.25,Negative ROI
134525,1.0,1,1,0.2269,Critical,0.2269,6507.0,1952.0,1452.0,Basic,Relationship manager follow-up,0,500,1952.0,2.9,Low ROI (0-10x)
134528,0.9845,1,1,0.2106,Critical,0.2073,4161.0,1248.0,748.0,Basic,Relationship manager follow-up,0,500,1248.0,1.5,Low ROI (0-10x)
134529,1.0,1,1,0.241,Critical,0.241,8642.0,2593.0,2093.0,Basic,Relationship manager follow-up,0,500,2593.0,4.19,Low ROI (0-10x)
134531,0.9999,1,1,0.3244,Critical,0.3244,8281.0,2484.0,1984.0,Standard,Relationship manager follow-up,0,500,2484.0,3.97,Low ROI (0-10x)
134537,0.9982,1,1,0.2362,Critical,0.2358,4892.0,1468.0,968.0,Basic,Relationship manager follow-up,0,500,1468.0,1.94,Low ROI (0-10x)
134543,0.9952,1,1,0.2091,Critical,0.2081,4627.0,1388.0,888.0,Basic,Relationship manager follow-up,0,500,1388.0,1.78,Low ROI (0-10x)
134546,1.0,1,1,0.1372,Critical,0.1372,3141.0,942.0,442.0,Basic,Relationship manager follow-up,0,500,942.0,0.88,Low ROI (0-10x)
134551,1.0,1,1,0.1591,Critical,0.1591,4486.0,1346.0,846.0,Basic,Relationship manager follow-up,0,500,1346.0,1.69,Low ROI (0-10x)
134561,0.2089,1,0,0.1551,Low,0.0324,1135.0,340.0,-160.0,Basic,Relationship manager follow-up,0,500,340.0,-0.32,Negative ROI
134564,0.9966,1,1,0.1913,Critical,0.1906,2772.0,832.0,332.0,Basic,Relationship manager follow-up,0,500,832.0,0.66,Low ROI (0-10x)
134568,0.2819,1,0,0.2217,Low,0.0625,1080.0,324.0,-176.0,Basic,Relationship manager follow-up,0,500,324.0,-0.35,Negative ROI
134575,0.9999,1,1,0.1571,Critical,0.1571,4636.0,1391.0,891.0,Basic,Relationship manager follow-up,0,500,1391.0,1.78,Low ROI (0-10x)
134577,1.0,1,1,0.1725,Critical,0.1725,2590.0,777.0,277.0,Basic,Relationship manager follow-up,0,500,777.0,0.55,Low ROI (0-10x)
134579,1.0,1,1,0.2081,Critical,0.2081,6015.0,1804.0,1304.0,Basic,Relationship manager follow-up,0,500,1804.0,2.61,Low ROI (0-10x)
134585,0.9868,1,1,0.1309,Critical,0.1292,3316.0,995.0,495.0,Basic,Relationship manager follow-up,0,500,995.0,0.99,Low ROI (0-10x)
134595,1.0,1,1,0.1356,Critical,0.1356,4743.0,1423.0,923.0,Basic,Relationship manager follow-up,0,500,1423.0,1.85,Low ROI (0-10x)
134601,0.9937,1,1,0.1981,Critical,0.1969,5062.0,1519.0,1019.0,Basic,Relationship manager follow-up,0,500,1519.0,2.04,Low ROI (0-10x)
134608,0.999,1,1,0.3873,Critical,0.3869,10243.0,3073.0,2573.0,Standard,Relationship manager follow-up,0,500,3073.0,5.15,Low ROI (0-10x)
134627,1.0,1,1,0.1942,Critical,0.1942,7145.0,2144.0,1644.0,Basic,Relationship manager follow-up,0,500,2144.0,3.29,Low ROI (0-10x)
134630,0.9999,1,1,0.2882,Critical,0.2882,8222.0,2467.0,1967.0,Standard,Relationship manager follow-up,0,500,2467.0,3.93,Low ROI (0-10x)
134631,0.9927,1,1,0.413,Critical,0.41,9240.0,2772.0,2272.0,Standard,Relationship manager follow-up,0,500,2772.0,4.54,Low ROI (0-10x)
134639,0.967,1,1,0.392,Critical,0.3791,13579.0,4074.0,3574.0,Standard,Relationship manager follow-up,0,500,4074.0,7.15,Low ROI (0-10x)
134641,0.9999,1,1,0.1483,Critical,0.1483,3735.0,1120.0,620.0,Basic,Relationship manager follow-up,0,500,1120.0,1.24,Low ROI (0-10x)
134655,0.9759,1,1,0.3787,Critical,0.3696,8257.0,2477.0,1977.0,Standard,Relationship manager follow-up,0,500,2477.0,3.95,Low ROI (0-10x)
134657,0.644,1,1,0.1828,High,0.1177,3726.0,1118.0,618.0,Basic,Relationship manager follow-up,0,500,1118.0,1.24,Low ROI (0-10x)
134662,0.3066,1,0,0.1824,Low,0.0559,2072.0,622.0,122.0,Basic,Relationship manager follow-up,0,500,622.0,0.24,Low ROI (0-10x)
134667,0.9974,1,1,0.2337,Critical,0.2331,9010.0,2703.0,2203.0,Basic,Relationship manager follow-up,0,500,2703.0,4.41,Low ROI (0-10x)
134668,0.9924,1,1,0.5228,Critical,0.5188,17223.0,5167.0,4667.0,Premium,Relationship manager follow-up,0,500,5167.0,9.33,Low ROI (0-10x)
134672,0.1108,1,0,0.1743,Low,0.0193,578.0,173.0,-327.0,Basic,Relationship manager follow-up,0,500,173.0,-0.65,Negative ROI
134673,1.0,1,1,0.2725,Critical,0.2725,3827.0,1148.0,648.0,Standard,Relationship manager follow-up,0,500,1148.0,1.3,Low ROI (0-10x)
134689,0.8836,1,1,0.1939,Critical,0.1713,5166.0,1550.0,1050.0,Basic,Relationship manager follow-up,0,500,1550.0,2.1,Low ROI (0-10x)
134690,0.9995,1,1,0.2397,Critical,0.2396,4499.0,1350.0,850.0,Basic,Relationship manager follow-up,0,500,1350.0,1.7,Low ROI (0-10x)
134692,0.9999,1,1,0.1091,Critical,0.1091,1950.0,585.0,85.0,Basic,Relationship manager follow-up,0,500,585.0,0.17,Low ROI (0-10x)
134694,0.999,1,1,0.1725,Critical,0.1723,5299.0,1590.0,1090.0,Basic,Relationship manager follow-up,0,500,1590.0,2.18,Low ROI (0-10x)
134700,0.9913,1,1,0.0674,Critical,0.0668,1221.0,366.0,-134.0,Basic,Relationship manager follow-up,0,500,366.0,-0.27,Negative ROI
134711,0.9997,1,1,0.1331,Critical,0.1331,1099.0,330.0,-170.0,Basic,Relationship manager follow-up,0,500,330.0,-0.34,Negative ROI
134720,1.0,1,1,0.3045,Critical,0.3045,13489.0,4047.0,3547.0,Standard,Relationship manager follow-up,0,500,4047.0,7.09,Low ROI (0-10x)
134723,1.0,1,1,0.1726,Critical,0.1726,5240.0,1572.0,1072.0,Basic,Relationship manager follow-up,0,500,1572.0,2.14,Low ROI (0-10x)
134736,0.9951,1,1,0.7912,Critical,0.7873,36440.0,10932.0,10432.0,Elite,Relationship manager follow-up,0,500,10932.0,20.86,Medium ROI (10-50x)
134740,0.9982,1,1,0.1094,Critical,0.1092,6928.0,2078.0,1578.0,Basic,Relationship manager follow-up,0,500,2078.0,3.16,Low ROI (0-10x)
134744,0.9993,1,1,0.1939,Critical,0.1938,9763.0,2929.0,2429.0,Basic,Relationship manager follow-up,0,500,2929.0,4.86,Low ROI (0-10x)
134745,0.965,1,1,0.5515,Critical,0.5322,12911.0,3873.0,3373.0,Premium,Relationship manager follow-up,0,500,3873.0,6.75,Low ROI (0-10x)
134753,0.9999,1,1,0.4281,Critical,0.4281,18615.0,5584.0,5084.0,Standard,Relationship manager follow-up,0,500,5584.0,10.17,Medium ROI (10-50x)
134754,0.9946,1,1,0.147,Critical,0.1462,3543.0,1063.0,563.0,Basic,Relationship manager follow-up,0,500,1063.0,1.13,Low ROI (0-10x)
134769,0.9902,1,1,0.7786,Critical,0.771,34669.0,10401.0,9901.0,Elite,Relationship manager follow-up,0,500,10401.0,19.8,Medium ROI (10-50x)
134786,0.9996,1,1,0.3416,Critical,0.3415,12662.0,3799.0,3299.0,Standard,Relationship manager follow-up,0,500,3799.0,6.6,Low ROI (0-10x)
134789,0.9993,1,1,0.0699,Critical,0.0699,2410.0,723.0,223.0,Basic,Relationship manager follow-up,0,500,723.0,0.45,Low ROI (0-10x)
134799,0.9997,1,1,0.4846,Critical,0.4845,16363.0,4909.0,4409.0,Standard,Relationship manager follow-up,0,500,4909.0,8.82,Low ROI (0-10x)
134801,0.3866,1,0,0.3479,Medium,0.1345,5097.0,1529.0,1029.0,Standard,Relationship manager follow-up,0,500,1529.0,2.06,Low ROI (0-10x)
134811,0.9316,1,1,0.5725,Critical,0.5333,25595.0,7678.0,7178.0,Premium,Relationship manager follow-up,0,500,7678.0,14.36,Medium ROI (10-50x)
134813,0.9988,1,1,0.4006,Critical,0.4001,3758.0,1127.0,627.0,Standard,Relationship manager follow-up,0,500,1127.0,1.25,Low ROI (0-10x)
134831,1.0,1,1,0.1668,Critical,0.1668,6607.0,1982.0,1482.0,Basic,Relationship manager follow-up,0,500,1982.0,2.96,Low ROI (0-10x)
134836,0.9996,1,1,0.3774,Critical,0.3772,11754.0,3526.0,3026.0,Standard,Relationship manager follow-up,0,500,3526.0,6.05,Low ROI (0-10x)
134848,0.934,1,1,0.5308,Critical,0.4958,11481.0,3444.0,2944.0,Premium,Relationship manager follow-up,0,500,3444.0,5.89,Low ROI (0-10x)
134850,0.9514,1,1,0.2318,Critical,0.2205,4160.0,1248.0,748.0,Basic,Relationship manager follow-up,0,500,1248.0,1.5,Low ROI (0-10x)
134853,0.9791,1,1,0.2035,Critical,0.1992,6571.0,1971.0,1471.0,Basic,Relationship manager follow-up,0,500,1971.0,2.94,Low ROI (0-10x)
134856,0.9993,1,1,0.2207,Critical,0.2205,6746.0,2024.0,1524.0,Basic,Relationship manager follow-up,0,500,2024.0,3.05,Low ROI (0-10x)
134868,1.0,1,1,0.0735,Critical,0.0735,2565.0,770.0,270.0,Basic,Relationship manager follow-up,0,500,770.0,0.54,Low ROI (0-10x)
134872,0.9996,1,1,0.1283,Critical,0.1282,3147.0,944.0,444.0,Basic,Relationship manager follow-up,0,500,944.0,0.89,Low ROI (0-10x)
134874,0.9994,1,1,0.2231,Critical,0.223,9508.0,2852.0,2352.0,Basic,Relationship manager follow-up,0,500,2852.0,4.7,Low ROI (0-10x)
134875,0.9996,1,1,0.4621,Critical,0.4619,16737.0,5021.0,4521.0,Standard,Relationship manager follow-up,0,500,5021.0,9.04,Low ROI (0-10x)
134882,0.9999,1,1,0.1158,Critical,0.1158,4012.0,1204.0,704.0,Basic,Relationship manager follow-up,0,500,1204.0,1.41,Low ROI (0-10x)
134885,0.9646,1,1,0.1715,Critical,0.1654,1923.0,577.0,77.0,Basic,Relationship manager follow-up,0,500,577.0,0.15,Low ROI (0-10x)
134886,0.9978,1,1,0.2234,Critical,0.2229,2598.0,779.0,279.0,Basic,Relationship manager follow-up,0,500,779.0,0.56,Low ROI (0-10x)
134888,0.9736,1,1,0.243,Critical,0.2366,6188.0,1856.0,1356.0,Basic,Relationship manager follow-up,0,500,1856.0,2.71,Low ROI (0-10x)
134889,0.9991,1,1,0.333,Critical,0.3327,7473.0,2242.0,1742.0,Standard,Relationship manager follow-up,0,500,2242.0,3.48,Low ROI (0-10x)
134891,0.9999,1,1,0.177,Critical,0.177,6370.0,1911.0,1411.0,Basic,Relationship manager follow-up,0,500,1911.0,2.82,Low ROI (0-10x)
134895,1.0,1,1,0.1372,Critical,0.1372,2453.0,736.0,236.0,Basic,Relationship manager follow-up,0,500,736.0,0.47,Low ROI (0-10x)
134900,0.9554,1,1,0.1888,Critical,0.1804,3214.0,964.0,464.0,Basic,Relationship manager follow-up,0,500,964.0,0.93,Low ROI (0-10x)
134903,0.3559,1,0,0.1849,Medium,0.0658,2118.0,635.0,135.0,Basic,Relationship manager follow-up,0,500,635.0,0.27,Low ROI (0-10x)
134908,0.996,1,1,0.535,Critical,0.5329,21193.0,6358.0,5858.0,Premium,Relationship manager follow-up,0,500,6358.0,11.72,Medium ROI (10-50x)
134911,0.9979,1,1,0.2032,Critical,0.2028,5691.0,1707.0,1207.0,Basic,Relationship manager follow-up,0,500,1707.0,2.41,Low ROI (0-10x)
134915,0.9999,1,1,0.4004,Critical,0.4004,15076.0,4523.0,4023.0,Standard,Relationship manager follow-up,0,500,4523.0,8.05,Low ROI (0-10x)
134925,0.9986,1,1,0.2021,Critical,0.2018,4184.0,1255.0,755.0,Basic,Relationship manager follow-up,0,500,1255.0,1.51,Low ROI (0-10x)
134931,1.0,1,1,0.0908,Critical,0.0908,4193.0,1258.0,758.0,Basic,Relationship manager follow-up,0,500,1258.0,1.52,Low ROI (0-10x)
134936,0.9907,1,1,0.27,Critical,0.2675,10404.0,3121.0,2621.0,Standard,Relationship manager follow-up,0,500,3121.0,5.24,Low ROI (0-10x)
134940,0.9692,1,1,0.1161,Critical,0.1125,6074.0,1822.0,1322.0,Basic,Relationship manager follow-up,0,500,1822.0,2.64,Low ROI (0-10x)
134948,0.9998,1,1,0.288,Critical,0.2879,9082.0,2725.0,2225.0,Standard,Relationship manager follow-up,0,500,2725.0,4.45,Low ROI (0-10x)
134951,0.9944,1,1,0.2688,Critical,0.2673,9994.0,2998.0,2498.0,Standard,Relationship manager follow-up,0,500,2998.0,5.0,Low ROI (0-10x)
134952,1.0,1,1,0.0938,Critical,0.0938,1893.0,568.0,68.0,Basic,Relationship manager follow-up,0,500,568.0,0.14,Low ROI (0-10x)
134957,0.884,1,1,0.2792,Critical,0.2468,8414.0,2524.0,2024.0,Standard,Relationship manager follow-up,0,500,2524.0,4.05,Low ROI (0-10x)
134958,0.9998,1,1,0.1395,Critical,0.1395,2568.0,770.0,270.0,Basic,Relationship manager follow-up,0,500,770.0,0.54,Low ROI (0-10x)
134959,0.9991,1,1,0.6388,Critical,0.6382,30866.0,9260.0,8760.0,Premium,Relationship manager follow-up,0,500,9260.0,17.52,Medium ROI (10-50x)
134978,1.0,1,1,0.2062,Critical,0.2062,6158.0,1847.0,1347.0,Basic,Relationship manager follow-up,0,500,1847.0,2.69,Low ROI (0-10x)
134982,0.9993,1,1,0.2107,Critical,0.2106,3963.0,1189.0,689.0,Basic,Relationship manager follow-up,0,500,1189.0,1.38,Low ROI (0-10x)
134985,0.9998,1,1,0.1976,Critical,0.1976,5160.0,1548.0,1048.0,Basic,Relationship manager follow-up,0,500,1548.0,2.1,Low ROI (0-10x)
134986,0.9991,1,1,0.505,Critical,0.5045,18508.0,5552.0,5052.0,Premium,Relationship manager follow-up,0,500,5552.0,10.1,Medium ROI (10-50x)
134995,0.9999,1,1,0.1653,Critical,0.1653,4125.0,1238.0,738.0,Basic,Relationship manager follow-up,0,500,1238.0,1.48,Low ROI (0-10x)
135001,0.9997,1,1,0.3855,Critical,0.3854,10157.0,3047.0,2547.0,Standard,Relationship manager follow-up,0,500,3047.0,5.09,Low ROI (0-10x)
135006,0.2598,1,0,0.1391,Low,0.0361,1009.0,303.0,-197.0,Basic,Relationship manager follow-up,0,500,303.0,-0.39,Negative ROI
135009,0.6893,1,0,0.4259,High,0.2936,13342.0,4003.0,3503.0,Standard,Relationship manager follow-up,0,500,4003.0,7.01,Low ROI (0-10x)
135017,0.9999,1,1,0.149,Critical,0.149,5341.0,1602.0,1102.0,Basic,Relationship manager follow-up,0,500,1602.0,2.2,Low ROI (0-10x)
135018,1.0,1,1,0.0806,Critical,0.0806,3013.0,904.0,404.0,Basic,Relationship manager follow-up,0,500,904.0,0.81,Low ROI (0-10x)
135033,0.9977,1,1,0.3551,Critical,0.3543,7156.0,2147.0,1647.0,Standard,Relationship manager follow-up,0,500,2147.0,3.29,Low ROI (0-10x)
135043,0.6471,1,0,0.2164,High,0.14,3332.0,1000.0,500.0,Basic,Relationship manager follow-up,0,500,1000.0,1.0,Low ROI (0-10x)
135048,0.9988,1,1,0.3226,Critical,0.3222,12383.0,3715.0,3215.0,Standard,Relationship manager follow-up,0,500,3715.0,6.43,Low ROI (0-10x)
135050,0.9979,1,1,0.3597,Critical,0.3589,9176.0,2753.0,2253.0,Standard,Relationship manager follow-up,0,500,2753.0,4.51,Low ROI (0-10x)
135059,0.9996,1,1,0.323,Critical,0.3229,8340.0,2502.0,2002.0,Standard,Relationship manager follow-up,0,500,2502.0,4.0,Low ROI (0-10x)
135067,0.9884,1,1,0.2475,Critical,0.2446,6221.0,1866.0,1366.0,Basic,Relationship manager follow-up,0,500,1866.0,2.73,Low ROI (0-10x)
135073,0.9976,1,1,0.1993,Critical,0.1988,5869.0,1761.0,1261.0,Basic,Relationship manager follow-up,0,500,1761.0,2.52,Low ROI (0-10x)
135077,0.6622,1,1,0.458,High,0.3033,11215.0,3364.0,2864.0,Standard,Relationship manager follow-up,0,500,3364.0,5.73,Low ROI (0-10x)
135083,0.9997,1,1,0.2329,Critical,0.2328,4147.0,1244.0,744.0,Basic,Relationship manager follow-up,0,500,1244.0,1.49,Low ROI (0-10x)
135091,0.9584,1,1,0.1762,Critical,0.1689,3997.0,1199.0,699.0,Basic,Relationship manager follow-up,0,500,1199.0,1.4,Low ROI (0-10x)
135096,0.9998,1,1,0.1916,Critical,0.1916,6110.0,1833.0,1333.0,Basic,Relationship manager follow-up,0,500,1833.0,2.67,Low ROI (0-10x)
135099,0.9925,1,1,0.2236,Critical,0.2219,5541.0,1662.0,1162.0,Basic,Relationship manager follow-up,0,500,1662.0,2.32,Low ROI (0-10x)
135102,0.9981,1,1,0.1607,Critical,0.1604,6484.0,1945.0,1445.0,Basic,Relationship manager follow-up,0,500,1945.0,2.89,Low ROI (0-10x)
135104,0.9998,1,1,0.0971,Critical,0.0971,2295.0,688.0,188.0,Basic,Relationship manager follow-up,0,500,688.0,0.38,Low ROI (0-10x)
135114,0.9999,1,1,0.297,Critical,0.297,5003.0,1501.0,1001.0,Standard,Relationship manager follow-up,0,500,1501.0,2.0,Low ROI (0-10x)
135121,0.9993,1,1,0.3334,Critical,0.3332,12583.0,3775.0,3275.0,Standard,Relationship manager follow-up,0,500,3775.0,6.55,Low ROI (0-10x)
135127,0.9981,1,1,0.3013,Critical,0.3007,9183.0,2755.0,2255.0,Standard,Relationship manager follow-up,0,500,2755.0,4.51,Low ROI (0-10x)
135128,0.9997,1,1,0.167,Critical,0.1669,3201.0,960.0,460.0,Basic,Relationship manager follow-up,0,500,960.0,0.92,Low ROI (0-10x)
135133,0.9997,1,1,0.0869,Critical,0.0869,1290.0,387.0,-113.0,Basic,Relationship manager follow-up,0,500,387.0,-0.23,Negative ROI
135135,0.9998,1,1,0.4638,Critical,0.4637,11616.0,3485.0,2985.0,Standard,Relationship manager follow-up,0,500,3485.0,5.97,Low ROI (0-10x)
135140,0.9988,1,1,0.676,Critical,0.6752,28594.0,8578.0,8078.0,Premium,Relationship manager follow-up,0,500,8578.0,16.16,Medium ROI (10-50x)
135143,0.9589,1,1,0.2376,Critical,0.2278,4148.0,1244.0,744.0,Basic,Relationship manager follow-up,0,500,1244.0,1.49,Low ROI (0-10x)
135146,1.0,1,1,0.0918,Critical,0.0918,4218.0,1265.0,765.0,Basic,Relationship manager follow-up,0,500,1265.0,1.53,Low ROI (0-10x)
135149,0.9807,1,1,0.2358,Critical,0.2312,9358.0,2807.0,2307.0,Basic,Relationship manager follow-up,0,500,2807.0,4.61,Low ROI (0-10x)
135156,0.9994,1,1,0.1213,Critical,0.1212,1668.0,500.0,0.0,Basic,Relationship manager follow-up,0,500,500.0,0.0,Negative ROI
135161,0.9997,1,1,0.1243,Critical,0.1243,4014.0,1204.0,704.0,Basic,Relationship manager follow-up,0,500,1204.0,1.41,Low ROI (0-10x)
135162,0.405,1,0,0.1827,Medium,0.074,3423.0,1027.0,527.0,Basic,Relationship manager follow-up,0,500,1027.0,1.05,Low ROI (0-10x)
135164,0.9997,1,1,0.405,Critical,0.4049,10907.0,3272.0,2772.0,Standard,Relationship manager follow-up,0,500,3272.0,5.54,Low ROI (0-10x)
135166,0.746,1,1,0.1447,High,0.1079,2349.0,705.0,205.0,Basic,Relationship manager follow-up,0,500,705.0,0.41,Low ROI (0-10x)
135168,0.4795,1,0,0.6284,Medium,0.3013,15163.0,4549.0,4049.0,Premium,Relationship manager follow-up,0,500,4549.0,8.1,Low ROI (0-10x)
135169,0.8644,1,0,0.2935,Critical,0.2537,6594.0,1978.0,1478.0,Standard,Relationship manager follow-up,0,500,1978.0,2.96,Low ROI (0-10x)
135180,0.9999,1,1,0.1523,Critical,0.1523,5490.0,1647.0,1147.0,Basic,Relationship manager follow-up,0,500,1647.0,2.29,Low ROI (0-10x)
135186,0.9998,1,1,0.3204,Critical,0.3203,10164.0,3049.0,2549.0,Standard,Relationship manager follow-up,0,500,3049.0,5.1,Low ROI (0-10x)
135188,1.0,1,1,0.1353,Critical,0.1353,6161.0,1848.0,1348.0,Basic,Relationship manager follow-up,0,500,1848.0,2.7,Low ROI (0-10x)
135190,1.0,1,1,0.7049,Critical,0.7049,32431.0,9729.0,9229.0,Premium,Relationship manager follow-up,0,500,9729.0,18.46,Medium ROI (10-50x)
135194,0.9995,1,1,0.2192,Critical,0.2191,6192.0,1858.0,1358.0,Basic,Relationship manager follow-up,0,500,1858.0,2.72,Low ROI (0-10x)
135198,0.9816,1,1,0.2114,Critical,0.2075,8990.0,2697.0,2197.0,Basic,Relationship manager follow-up,0,500,2697.0,4.39,Low ROI (0-10x)
135200,0.9692,1,1,0.1776,Critical,0.1721,3447.0,1034.0,534.0,Basic,Relationship manager follow-up,0,500,1034.0,1.07,Low ROI (0-10x)
135201,0.9998,1,1,0.2549,Critical,0.2548,6338.0,1901.0,1401.0,Standard,Relationship manager follow-up,0,500,1901.0,2.8,Low ROI (0-10x)
135205,0.9998,1,1,0.4449,Critical,0.4448,19093.0,5728.0,5228.0,Standard,Relationship manager follow-up,0,500,5728.0,10.46,Medium ROI (10-50x)
135209,1.0,1,1,0.1167,Critical,0.1167,3620.0,1086.0,586.0,Basic,Relationship manager follow-up,0,500,1086.0,1.17,Low ROI (0-10x)
135232,0.9998,1,1,0.2759,Critical,0.2758,10359.0,3108.0,2608.0,Standard,Relationship manager follow-up,0,500,3108.0,5.22,Low ROI (0-10x)
135235,0.989,1,1,0.0592,Critical,0.0585,2537.0,761.0,261.0,Basic,Relationship manager follow-up,0,500,761.0,0.52,Low ROI (0-10x)
135247,0.9999,1,1,0.2437,Critical,0.2437,5908.0,1772.0,1272.0,Basic,Relationship manager follow-up,0,500,1772.0,2.54,Low ROI (0-10x)
135254,0.9866,1,1,0.0581,Critical,0.0573,1053.0,316.0,-184.0,Basic,Relationship manager follow-up,0,500,316.0,-0.37,Negative ROI
135257,0.9977,1,1,0.1201,Critical,0.1198,4797.0,1439.0,939.0,Basic,Relationship manager follow-up,0,500,1439.0,1.88,Low ROI (0-10x)
135267,0.9993,1,1,0.1184,Critical,0.1183,2363.0,709.0,209.0,Basic,Relationship manager follow-up,0,500,709.0,0.42,Low ROI (0-10x)
135271,0.4004,1,0,0.2185,Medium,0.0875,3317.0,995.0,495.0,Basic,Relationship manager follow-up,0,500,995.0,0.99,Low ROI (0-10x)
135287,0.9508,1,1,0.2036,Critical,0.1936,3711.0,1113.0,613.0,Basic,Relationship manager follow-up,0,500,1113.0,1.23,Low ROI (0-10x)
135298,1.0,1,1,0.2797,Critical,0.2797,6995.0,2098.0,1598.0,Standard,Relationship manager follow-up,0,500,2098.0,3.2,Low ROI (0-10x)
135311,0.9978,1,1,0.1662,Critical,0.1658,6483.0,1945.0,1445.0,Basic,Relationship manager follow-up,0,500,1945.0,2.89,Low ROI (0-10x)
135318,1.0,1,1,0.1808,Critical,0.1808,4078.0,1223.0,723.0,Basic,Relationship manager follow-up,0,500,1223.0,1.45,Low ROI (0-10x)
135320,0.9996,1,1,0.321,Critical,0.3209,11960.0,3588.0,3088.0,Standard,Relationship manager follow-up,0,500,3588.0,6.18,Low ROI (0-10x)
135321,0.9996,1,1,0.249,Critical,0.2489,11728.0,3518.0,3018.0,Basic,Relationship manager follow-up,0,500,3518.0,6.04,Low ROI (0-10x)
135328,0.9974,1,1,0.2808,Critical,0.2801,7744.0,2323.0,1823.0,Standard,Relationship manager follow-up,0,500,2323.0,3.65,Low ROI (0-10x)
135329,0.8099,1,1,0.0884,Critical,0.0716,2230.0,669.0,169.0,Basic,Relationship manager follow-up,0,500,669.0,0.34,Low ROI (0-10x)
135343,1.0,1,1,0.2389,Critical,0.2389,6863.0,2059.0,1559.0,Basic,Relationship manager follow-up,0,500,2059.0,3.12,Low ROI (0-10x)
135356,0.9958,1,1,0.2541,Critical,0.253,10946.0,3284.0,2784.0,Standard,Relationship manager follow-up,0,500,3284.0,5.57,Low ROI (0-10x)
135363,0.9999,1,1,0.1314,Critical,0.1314,3548.0,1064.0,564.0,Basic,Relationship manager follow-up,0,500,1064.0,1.13,Low ROI (0-10x)
135382,0.2188,1,0,0.1774,Low,0.0388,856.0,257.0,-243.0,Basic,Relationship manager follow-up,0,500,257.0,-0.49,Negative ROI
135390,0.9996,1,1,0.111,Critical,0.111,1441.0,432.0,-68.0,Basic,Relationship manager follow-up,0,500,432.0,-0.14,Negative ROI
135396,0.9896,1,1,0.0973,Critical,0.0963,2380.0,714.0,214.0,Basic,Relationship manager follow-up,0,500,714.0,0.43,Low ROI (0-10x)
135406,0.999,1,1,0.3088,Critical,0.3085,7495.0,2248.0,1748.0,Standard,Relationship manager follow-up,0,500,2248.0,3.5,Low ROI (0-10x)
135420,1.0,1,1,0.1627,Critical,0.1627,4475.0,1342.0,842.0,Basic,Relationship manager follow-up,0,500,1342.0,1.68,Low ROI (0-10x)
135424,0.9988,1,1,0.1907,Critical,0.1905,6712.0,2014.0,1514.0,Basic,Relationship manager follow-up,0,500,2014.0,3.03,Low ROI (0-10x)
135425,0.7934,1,1,0.1295,Critical,0.1027,1559.0,468.0,-32.0,Basic,Relationship manager follow-up,0,500,468.0,-0.06,Negative ROI
135426,0.9999,1,1,0.1141,Critical,0.1141,3069.0,921.0,421.0,Basic,Relationship manager follow-up,0,500,921.0,0.84,Low ROI (0-10x)
135432,0.9747,1,1,0.1183,Critical,0.1153,748.0,224.0,-276.0,Basic,Relationship manager follow-up,0,500,224.0,-0.55,Negative ROI
135435,0.9024,1,1,0.2239,Critical,0.202,1554.0,466.0,-34.0,Basic,Relationship manager follow-up,0,500,466.0,-0.07,Negative ROI
135441,0.9995,1,1,0.2198,Critical,0.2197,5622.0,1687.0,1187.0,Basic,Relationship manager follow-up,0,500,1687.0,2.37,Low ROI (0-10x)
135442,0.9948,1,1,0.1382,Critical,0.1375,6058.0,1817.0,1317.0,Basic,Relationship manager follow-up,0,500,1817.0,2.63,Low ROI (0-10x)
135443,1.0,1,1,0.243,Critical,0.243,10869.0,3261.0,2761.0,Basic,Relationship manager follow-up,0,500,3261.0,5.52,Low ROI (0-10x)
135445,0.9985,1,1,0.1536,Critical,0.1534,1895.0,568.0,68.0,Basic,Relationship manager follow-up,0,500,568.0,0.14,Low ROI (0-10x)
135451,0.9999,1,1,0.3052,Critical,0.3052,11273.0,3382.0,2882.0,Standard,Relationship manager follow-up,0,500,3382.0,5.76,Low ROI (0-10x)
135452,0.9998,1,1,0.0391,Critical,0.0391,2264.0,679.0,179.0,Basic,Relationship manager follow-up,0,500,679.0,0.36,Low ROI (0-10x)
135453,0.9998,1,1,0.6303,Critical,0.6302,26663.0,7999.0,7499.0,Premium,Relationship manager follow-up,0,500,7999.0,15.0,Medium ROI (10-50x)
135456,0.8119,1,1,0.4291,Critical,0.3484,12091.0,3627.0,3127.0,Standard,Relationship manager follow-up,0,500,3627.0,6.25,Low ROI (0-10x)
135477,0.9997,1,1,0.1417,Critical,0.1417,2320.0,696.0,196.0,Basic,Relationship manager follow-up,0,500,696.0,0.39,Low ROI (0-10x)
135485,1.0,1,1,0.1412,Critical,0.1412,5970.0,1791.0,1291.0,Basic,Relationship manager follow-up,0,500,1791.0,2.58,Low ROI (0-10x)
135487,0.9997,1,1,0.6574,Critical,0.6572,26849.0,8055.0,7555.0,Premium,Relationship manager follow-up,0,500,8055.0,15.11,Medium ROI (10-50x)
135489,0.9983,1,1,0.2224,Critical,0.222,9751.0,2925.0,2425.0,Basic,Relationship manager follow-up,0,500,2925.0,4.85,Low ROI (0-10x)
135493,0.982,1,1,0.3388,Critical,0.3327,10498.0,3149.0,2649.0,Standard,Relationship manager follow-up,0,500,3149.0,5.3,Low ROI (0-10x)
135494,0.9999,1,1,0.2401,Critical,0.2401,6441.0,1932.0,1432.0,Basic,Relationship manager follow-up,0,500,1932.0,2.86,Low ROI (0-10x)
135497,0.9986,1,1,0.208,Critical,0.2077,5997.0,1799.0,1299.0,Basic,Relationship manager follow-up,0,500,1799.0,2.6,Low ROI (0-10x)
135498,0.8197,1,1,0.3091,Critical,0.2534,7726.0,2318.0,1818.0,Standard,Relationship manager follow-up,0,500,2318.0,3.64,Low ROI (0-10x)
135510,0.9873,1,1,0.4437,Critical,0.4381,11151.0,3345.0,2845.0,Standard,Relationship manager follow-up,0,500,3345.0,5.69,Low ROI (0-10x)
135515,0.9997,1,1,0.2993,Critical,0.2992,8448.0,2534.0,2034.0,Standard,Relationship manager follow-up,0,500,2534.0,4.07,Low ROI (0-10x)
135519,0.9998,1,1,0.3885,Critical,0.3884,10278.0,3083.0,2583.0,Standard,Relationship manager follow-up,0,500,3083.0,5.17,Low ROI (0-10x)
135521,0.9997,1,1,0.4606,Critical,0.4605,15616.0,4685.0,4185.0,Standard,Relationship manager follow-up,0,500,4685.0,8.37,Low ROI (0-10x)
135541,1.0,1,1,0.1375,Critical,0.1375,3622.0,1087.0,587.0,Basic,Relationship manager follow-up,0,500,1087.0,1.17,Low ROI (0-10x)
135542,0.9998,1,1,0.2302,Critical,0.2302,4144.0,1243.0,743.0,Basic,Relationship manager follow-up,0,500,1243.0,1.49,Low ROI (0-10x)
135547,0.9953,1,1,0.349,Critical,0.3474,10399.0,3120.0,2620.0,Standard,Relationship manager follow-up,0,500,3120.0,5.24,Low ROI (0-10x)
135552,0.9989,1,1,0.2301,Critical,0.2298,9608.0,2882.0,2382.0,Basic,Relationship manager follow-up,0,500,2882.0,4.76,Low ROI (0-10x)
135553,1.0,1,1,0.2796,Critical,0.2796,6660.0,1998.0,1498.0,Standard,Relationship manager follow-up,0,500,1998.0,3.0,Low ROI (0-10x)
135580,0.9359,1,1,0.7772,Critical,0.7274,34273.0,10282.0,9782.0,Elite,Relationship manager follow-up,0,500,10282.0,19.56,Medium ROI (10-50x)
135592,0.9991,1,1,0.0442,Critical,0.0442,1798.0,539.0,39.0,Basic,Relationship manager follow-up,0,500,539.0,0.08,Low ROI (0-10x)
135598,1.0,1,1,0.4365,Critical,0.4365,14935.0,4480.0,3980.0,Standard,Relationship manager follow-up,0,500,4480.0,7.96,Low ROI (0-10x)
135603,0.9994,1,1,0.1399,Critical,0.1398,4220.0,1266.0,766.0,Basic,Relationship manager follow-up,0,500,1266.0,1.53,Low ROI (0-10x)
135634,0.9363,1,1,0.3032,Critical,0.2839,8117.0,2435.0,1935.0,Standard,Relationship manager follow-up,0,500,2435.0,3.87,Low ROI (0-10x)
135641,0.8775,1,1,0.374,Critical,0.3282,11108.0,3332.0,2832.0,Standard,Relationship manager follow-up,0,500,3332.0,5.66,Low ROI (0-10x)
135642,0.998,1,1,0.5731,Critical,0.572,17895.0,5368.0,4868.0,Premium,Relationship manager follow-up,0,500,5368.0,9.74,Low ROI (0-10x)
135655,0.9984,1,1,0.146,Critical,0.1458,4752.0,1426.0,926.0,Basic,Relationship manager follow-up,0,500,1426.0,1.85,Low ROI (0-10x)
135664,0.9861,1,1,0.1632,Critical,0.1609,5308.0,1592.0,1092.0,Basic,Relationship manager follow-up,0,500,1592.0,2.18,Low ROI (0-10x)
135668,1.0,1,1,0.195,Critical,0.195,5930.0,1779.0,1279.0,Basic,Relationship manager follow-up,0,500,1779.0,2.56,Low ROI (0-10x)
135675,1.0,1,1,0.1315,Critical,0.1315,3984.0,1195.0,695.0,Basic,Relationship manager follow-up,0,500,1195.0,1.39,Low ROI (0-10x)
135683,1.0,1,1,0.1291,Critical,0.1291,2901.0,870.0,370.0,Basic,Relationship manager follow-up,0,500,870.0,0.74,Low ROI (0-10x)
135691,0.9995,1,1,0.2347,Critical,0.2346,4648.0,1394.0,894.0,Basic,Relationship manager follow-up,0,500,1394.0,1.79,Low ROI (0-10x)
135695,0.2923,1,1,0.4464,Low,0.1305,5516.0,1655.0,1155.0,Standard,Relationship manager follow-up,0,500,1655.0,2.31,Low ROI (0-10x)
135697,0.834,1,1,0.1614,Critical,0.1346,4499.0,1350.0,850.0,Basic,Relationship manager follow-up,0,500,1350.0,1.7,Low ROI (0-10x)
135710,1.0,1,1,0.3315,Critical,0.3315,5670.0,1701.0,1201.0,Standard,Relationship manager follow-up,0,500,1701.0,2.4,Low ROI (0-10x)
135715,0.9965,1,1,0.0853,Critical,0.085,3396.0,1019.0,519.0,Basic,Relationship manager follow-up,0,500,1019.0,1.04,Low ROI (0-10x)
135723,1.0,1,1,0.1816,Critical,0.1816,6191.0,1857.0,1357.0,Basic,Relationship manager follow-up,0,500,1857.0,2.71,Low ROI (0-10x)
135729,0.9989,1,1,0.1733,Critical,0.1731,8385.0,2516.0,2016.0,Basic,Relationship manager follow-up,0,500,2516.0,4.03,Low ROI (0-10x)
135743,1.0,1,1,0.2238,Critical,0.2238,6803.0,2041.0,1541.0,Basic,Relationship manager follow-up,0,500,2041.0,3.08,Low ROI (0-10x)
135750,0.9999,1,1,0.2262,Critical,0.2262,8667.0,2600.0,2100.0,Basic,Relationship manager follow-up,0,500,2600.0,4.2,Low ROI (0-10x)
135760,0.9242,1,1,0.3765,Critical,0.348,13931.0,4179.0,3679.0,Standard,Relationship manager follow-up,0,500,4179.0,7.36,Low ROI (0-10x)
135763,0.9921,1,1,0.4867,Critical,0.4829,15550.0,4665.0,4165.0,Standard,Relationship manager follow-up,0,500,4665.0,8.33,Low ROI (0-10x)
135766,0.9999,1,1,0.2457,Critical,0.2457,8682.0,2605.0,2105.0,Basic,Relationship manager follow-up,0,500,2605.0,4.21,Low ROI (0-10x)
135774,1.0,1,1,0.1353,Critical,0.1353,3925.0,1178.0,678.0,Basic,Relationship manager follow-up,0,500,1178.0,1.36,Low ROI (0-10x)
135777,0.9931,1,1,0.3858,Critical,0.3831,15642.0,4693.0,4193.0,Standard,Relationship manager follow-up,0,500,4693.0,8.39,Low ROI (0-10x)
135778,0.9945,1,1,0.3877,Critical,0.3856,14487.0,4346.0,3846.0,Standard,Relationship manager follow-up,0,500,4346.0,7.69,Low ROI (0-10x)
135779,0.9806,1,1,0.0986,Critical,0.0967,862.0,259.0,-241.0,Basic,Relationship manager follow-up,0,500,259.0,-0.48,Negative ROI
135781,1.0,1,1,0.2715,Critical,0.2715,10052.0,3016.0,2516.0,Standard,Relationship manager follow-up,0,500,3016.0,5.03,Low ROI (0-10x)
135785,0.9999,1,1,0.1751,Critical,0.1751,2923.0,877.0,377.0,Basic,Relationship manager follow-up,0,500,877.0,0.75,Low ROI (0-10x)
135791,0.1222,1,0,0.1269,Low,0.0155,536.0,161.0,-339.0,Basic,Relationship manager follow-up,0,500,161.0,-0.68,Negative ROI
135802,0.9995,1,1,0.3734,Critical,0.3732,7469.0,2241.0,1741.0,Standard,Relationship manager follow-up,0,500,2241.0,3.48,Low ROI (0-10x)
135831,1.0,1,1,0.1142,Critical,0.1142,2495.0,748.0,248.0,Basic,Relationship manager follow-up,0,500,748.0,0.5,Low ROI (0-10x)
135833,0.9974,1,1,0.0813,Critical,0.0811,3129.0,939.0,439.0,Basic,Relationship manager follow-up,0,500,939.0,0.88,Low ROI (0-10x)
135835,0.9952,1,1,0.1721,Critical,0.1713,1449.0,435.0,-65.0,Basic,Relationship manager follow-up,0,500,435.0,-0.13,Negative ROI
135844,1.0,1,1,0.1769,Critical,0.1769,5236.0,1571.0,1071.0,Basic,Relationship manager follow-up,0,500,1571.0,2.14,Low ROI (0-10x)
135849,0.9353,1,1,0.4379,Critical,0.4096,15246.0,4574.0,4074.0,Standard,Relationship manager follow-up,0,500,4574.0,8.15,Low ROI (0-10x)
135857,1.0,1,1,0.0789,Critical,0.0789,4082.0,1225.0,725.0,Basic,Relationship manager follow-up,0,500,1225.0,1.45,Low ROI (0-10x)
135860,1.0,1,1,0.0995,Critical,0.0995,2077.0,623.0,123.0,Basic,Relationship manager follow-up,0,500,623.0,0.25,Low ROI (0-10x)
135865,1.0,1,1,0.0558,Critical,0.0558,2231.0,669.0,169.0,Basic,Relationship manager follow-up,0,500,669.0,0.34,Low ROI (0-10x)
135875,0.9998,1,1,0.1584,Critical,0.1584,5656.0,1697.0,1197.0,Basic,Relationship manager follow-up,0,500,1697.0,2.39,Low ROI (0-10x)
135877,0.9995,1,1,0.1456,Critical,0.1455,3091.0,927.0,427.0,Basic,Relationship manager follow-up,0,500,927.0,0.85,Low ROI (0-10x)
135880,0.935,1,1,0.1173,Critical,0.1097,1539.0,462.0,-38.0,Basic,Relationship manager follow-up,0,500,462.0,-0.08,Negative ROI
135893,0.9999,1,1,0.2388,Critical,0.2388,1825.0,548.0,48.0,Basic,Relationship manager follow-up,0,500,548.0,0.1,Low ROI (0-10x)
135894,0.9999,1,1,0.4693,Critical,0.4693,18497.0,5549.0,5049.0,Standard,Relationship manager follow-up,0,500,5549.0,10.1,Medium ROI (10-50x)
135895,1.0,1,1,0.2066,Critical,0.2066,6987.0,2096.0,1596.0,Basic,Relationship manager follow-up,0,500,2096.0,3.19,Low ROI (0-10x)
135897,0.9992,1,1,0.2051,Critical,0.2049,3988.0,1196.0,696.0,Basic,Relationship manager follow-up,0,500,1196.0,1.39,Low ROI (0-10x)
135904,0.9968,1,1,0.3704,Critical,0.3692,8659.0,2598.0,2098.0,Standard,Relationship manager follow-up,0,500,2598.0,4.2,Low ROI (0-10x)
135910,0.9581,1,1,0.5424,Critical,0.5197,8469.0,2541.0,2041.0,Premium,Relationship manager follow-up,0,500,2541.0,4.08,Low ROI (0-10x)
135913,0.9996,1,1,0.1245,Critical,0.1245,4774.0,1432.0,932.0,Basic,Relationship manager follow-up,0,500,1432.0,1.86,Low ROI (0-10x)
135924,0.5926,1,0,0.208,High,0.1233,3839.0,1152.0,652.0,Basic,Relationship manager follow-up,0,500,1152.0,1.3,Low ROI (0-10x)
135930,1.0,1,1,0.1891,Critical,0.1891,3937.0,1181.0,681.0,Basic,Relationship manager follow-up,0,500,1181.0,1.36,Low ROI (0-10x)
135931,0.9983,1,1,0.1367,Critical,0.1365,3025.0,908.0,408.0,Basic,Relationship manager follow-up,0,500,908.0,0.82,Low ROI (0-10x)
135943,0.9898,1,1,0.3729,Critical,0.3691,10339.0,3102.0,2602.0,Standard,Relationship manager follow-up,0,500,3102.0,5.2,Low ROI (0-10x)
135954,1.0,1,1,0.2998,Critical,0.2998,10101.0,3030.0,2530.0,Standard,Relationship manager follow-up,0,500,3030.0,5.06,Low ROI (0-10x)
135955,1.0,1,1,0.3391,Critical,0.3391,8379.0,2514.0,2014.0,Standard,Relationship manager follow-up,0,500,2514.0,4.03,Low ROI (0-10x)
135962,0.9998,1,1,0.1647,Critical,0.1647,4408.0,1322.0,822.0,Basic,Relationship manager follow-up,0,500,1322.0,1.64,Low ROI (0-10x)
135969,0.9998,1,1,0.2226,Critical,0.2226,6264.0,1879.0,1379.0,Basic,Relationship manager follow-up,0,500,1879.0,2.76,Low ROI (0-10x)
135971,0.5551,1,0,0.2402,High,0.1333,1838.0,551.0,51.0,Basic,Relationship manager follow-up,0,500,551.0,0.1,Low ROI (0-10x)
135973,0.9994,1,1,0.1332,Critical,0.1331,802.0,241.0,-259.0,Basic,Relationship manager follow-up,0,500,241.0,-0.52,Negative ROI
135976,0.9655,1,1,0.3967,Critical,0.383,11823.0,3547.0,3047.0,Standard,Relationship manager follow-up,0,500,3547.0,6.09,Low ROI (0-10x)
135980,0.9996,1,1,0.1865,Critical,0.1864,6684.0,2005.0,1505.0,Basic,Relationship manager follow-up,0,500,2005.0,3.01,Low ROI (0-10x)
135981,1.0,1,1,0.1484,Critical,0.1484,3359.0,1008.0,508.0,Basic,Relationship manager follow-up,0,500,1008.0,1.02,Low ROI (0-10x)
135987,0.9997,1,1,0.146,Critical,0.146,3516.0,1055.0,555.0,Basic,Relationship manager follow-up,0,500,1055.0,1.11,Low ROI (0-10x)
135990,0.9984,1,1,0.2706,Critical,0.2702,7773.0,2332.0,1832.0,Standard,Relationship manager follow-up,0,500,2332.0,3.66,Low ROI (0-10x)
135995,0.9999,1,1,0.2539,Critical,0.2539,9300.0,2790.0,2290.0,Standard,Relationship manager follow-up,0,500,2790.0,4.58,Low ROI (0-10x)
136001,0.9998,1,1,0.1854,Critical,0.1854,5095.0,1528.0,1028.0,Basic,Relationship manager follow-up,0,500,1528.0,2.06,Low ROI (0-10x)
136010,0.9997,1,1,0.1526,Critical,0.1526,2686.0,806.0,306.0,Basic,Relationship manager follow-up,0,500,806.0,0.61,Low ROI (0-10x)
136020,0.3633,1,0,0.2121,Medium,0.0771,1543.0,463.0,-37.0,Basic,Relationship manager follow-up,0,500,463.0,-0.07,Negative ROI
136029,0.9976,1,1,0.3028,Critical,0.3021,10937.0,3281.0,2781.0,Standard,Relationship manager follow-up,0,500,3281.0,5.56,Low ROI (0-10x)
136030,0.9996,1,1,0.1549,Critical,0.1548,3187.0,956.0,456.0,Basic,Relationship manager follow-up,0,500,956.0,0.91,Low ROI (0-10x)
136034,0.9985,1,1,0.1724,Critical,0.1721,3227.0,968.0,468.0,Basic,Relationship manager follow-up,0,500,968.0,0.94,Low ROI (0-10x)
136036,0.9695,1,1,0.2335,Critical,0.2264,9401.0,2820.0,2320.0,Basic,Relationship manager follow-up,0,500,2820.0,4.64,Low ROI (0-10x)
136041,0.9979,1,1,0.368,Critical,0.3672,7982.0,2395.0,1895.0,Standard,Relationship manager follow-up,0,500,2395.0,3.79,Low ROI (0-10x)
136045,0.9996,1,1,0.2212,Critical,0.2211,4913.0,1474.0,974.0,Basic,Relationship manager follow-up,0,500,1474.0,1.95,Low ROI (0-10x)
136046,0.9993,1,1,0.3689,Critical,0.3686,18759.0,5628.0,5128.0,Standard,Relationship manager follow-up,0,500,5628.0,10.26,Medium ROI (10-50x)
136055,0.9986,1,1,0.0954,Critical,0.0953,2067.0,620.0,120.0,Basic,Relationship manager follow-up,0,500,620.0,0.24,Low ROI (0-10x)
136064,0.9999,1,1,0.1565,Critical,0.1565,2413.0,724.0,224.0,Basic,Relationship manager follow-up,0,500,724.0,0.45,Low ROI (0-10x)
136074,1.0,1,1,0.1328,Critical,0.1328,3971.0,1191.0,691.0,Basic,Relationship manager follow-up,0,500,1191.0,1.38,Low ROI (0-10x)
136090,0.9996,1,1,0.1355,Critical,0.1354,4197.0,1259.0,759.0,Basic,Relationship manager follow-up,0,500,1259.0,1.52,Low ROI (0-10x)
136094,0.9998,1,1,0.1769,Critical,0.1769,5910.0,1773.0,1273.0,Basic,Relationship manager follow-up,0,500,1773.0,2.55,Low ROI (0-10x)
136101,0.9938,1,1,0.2277,Critical,0.2263,4032.0,1210.0,710.0,Basic,Relationship manager follow-up,0,500,1210.0,1.42,Low ROI (0-10x)
136105,0.9942,1,1,0.2769,Critical,0.2753,3789.0,1137.0,637.0,Standard,Relationship manager follow-up,0,500,1137.0,1.27,Low ROI (0-10x)
136112,0.9823,1,1,0.1175,Critical,0.1154,4132.0,1240.0,740.0,Basic,Relationship manager follow-up,0,500,1240.0,1.48,Low ROI (0-10x)
136114,0.9952,1,1,0.2618,Critical,0.2605,7497.0,2249.0,1749.0,Standard,Relationship manager follow-up,0,500,2249.0,3.5,Low ROI (0-10x)
136121,1.0,1,1,0.2192,Critical,0.2192,11167.0,3350.0,2850.0,Basic,Relationship manager follow-up,0,500,3350.0,5.7,Low ROI (0-10x)
136147,0.9933,1,1,0.1197,Critical,0.1189,4282.0,1285.0,785.0,Basic,Relationship manager follow-up,0,500,1285.0,1.57,Low ROI (0-10x)
136152,0.8195,1,0,0.122,Critical,0.1,2891.0,867.0,367.0,Basic,Relationship manager follow-up,0,500,867.0,0.73,Low ROI (0-10x)
136161,1.0,1,1,0.1232,Critical,0.1232,1819.0,546.0,46.0,Basic,Relationship manager follow-up,0,500,546.0,0.09,Low ROI (0-10x)
136163,0.9782,1,1,0.1507,Critical,0.1474,3047.0,914.0,414.0,Basic,Relationship manager follow-up,0,500,914.0,0.83,Low ROI (0-10x)
136173,1.0,1,1,0.3575,Critical,0.3575,11554.0,3466.0,2966.0,Standard,Relationship manager follow-up,0,500,3466.0,5.93,Low ROI (0-10x)
136174,0.9967,1,1,0.469,Critical,0.4675,14135.0,4240.0,3740.0,Standard,Relationship manager follow-up,0,500,4240.0,7.48,Low ROI (0-10x)
136175,0.9942,1,1,0.1759,Critical,0.1749,2582.0,775.0,275.0,Basic,Relationship manager follow-up,0,500,775.0,0.55,Low ROI (0-10x)
136177,0.9999,1,1,0.155,Critical,0.155,2915.0,874.0,374.0,Basic,Relationship manager follow-up,0,500,874.0,0.75,Low ROI (0-10x)
136181,0.9949,1,1,0.0978,Critical,0.0973,4235.0,1270.0,770.0,Basic,Relationship manager follow-up,0,500,1270.0,1.54,Low ROI (0-10x)
136182,0.9997,1,1,0.2921,Critical,0.292,8132.0,2440.0,1940.0,Standard,Relationship manager follow-up,0,500,2440.0,3.88,Low ROI (0-10x)
136184,0.9835,1,1,0.5251,Critical,0.5164,18008.0,5402.0,4902.0,Premium,Relationship manager follow-up,0,500,5402.0,9.8,Low ROI (0-10x)
136186,1.0,1,1,0.1646,Critical,0.1646,3893.0,1168.0,668.0,Basic,Relationship manager follow-up,0,500,1168.0,1.34,Low ROI (0-10x)
136187,0.9977,1,1,0.5287,Critical,0.5275,16413.0,4924.0,4424.0,Premium,Relationship manager follow-up,0,500,4924.0,8.85,Low ROI (0-10x)
136200,0.9999,1,1,0.0406,Critical,0.0406,3441.0,1032.0,532.0,Basic,Relationship manager follow-up,0,500,1032.0,1.06,Low ROI (0-10x)
136209,1.0,1,1,0.0538,Critical,0.0538,2402.0,721.0,221.0,Basic,Relationship manager follow-up,0,500,721.0,0.44,Low ROI (0-10x)
136210,0.9999,1,1,0.2146,Critical,0.2146,7504.0,2251.0,1751.0,Basic,Relationship manager follow-up,0,500,2251.0,3.5,Low ROI (0-10x)
136217,0.9994,1,1,0.2194,Critical,0.2193,6009.0,1803.0,1303.0,Basic,Relationship manager follow-up,0,500,1803.0,2.61,Low ROI (0-10x)
136218,0.9982,1,1,0.1452,Critical,0.1449,1722.0,517.0,17.0,Basic,Relationship manager follow-up,0,500,517.0,0.03,Low ROI (0-10x)
136220,1.0,1,1,0.0561,Critical,0.0561,3293.0,988.0,488.0,Basic,Relationship manager follow-up,0,500,988.0,0.98,Low ROI (0-10x)
136222,0.6686,1,1,0.1079,High,0.0721,1255.0,376.0,-124.0,Basic,Relationship manager follow-up,0,500,376.0,-0.25,Negative ROI
136227,0.9999,1,1,0.1751,Critical,0.1751,2313.0,694.0,194.0,Basic,Relationship manager follow-up,0,500,694.0,0.39,Low ROI (0-10x)
136230,0.9999,1,1,0.2032,Critical,0.2032,10813.0,3244.0,2744.0,Basic,Relationship manager follow-up,0,500,3244.0,5.49,Low ROI (0-10x)
136235,0.9999,1,1,0.0907,Critical,0.0907,2742.0,823.0,323.0,Basic,Relationship manager follow-up,0,500,823.0,0.65,Low ROI (0-10x)
136237,0.999,1,1,0.1233,Critical,0.1232,1578.0,473.0,-27.0,Basic,Relationship manager follow-up,0,500,473.0,-0.05,Negative ROI
136246,0.9999,1,1,0.4453,Critical,0.4453,20670.0,6201.0,5701.0,Standard,Relationship manager follow-up,0,500,6201.0,11.4,Medium ROI (10-50x)
136273,1.0,1,1,0.7409,Critical,0.7409,36620.0,10986.0,10486.0,Premium,Relationship manager follow-up,0,500,10986.0,20.97,Medium ROI (10-50x)
136277,0.9999,1,1,0.1007,Critical,0.1007,1926.0,578.0,78.0,Basic,Relationship manager follow-up,0,500,578.0,0.16,Low ROI (0-10x)
136299,0.9951,1,1,0.2174,Critical,0.2163,6609.0,1983.0,1483.0,Basic,Relationship manager follow-up,0,500,1983.0,2.97,Low ROI (0-10x)
136303,0.9999,1,1,0.1288,Critical,0.1288,4388.0,1316.0,816.0,Basic,Relationship manager follow-up,0,500,1316.0,1.63,Low ROI (0-10x)
136307,0.9859,1,1,0.3344,Critical,0.3297,8622.0,2587.0,2087.0,Standard,Relationship manager follow-up,0,500,2587.0,4.17,Low ROI (0-10x)
136311,0.9707,1,1,0.3356,Critical,0.3258,7808.0,2342.0,1842.0,Standard,Relationship manager follow-up,0,500,2342.0,3.68,Low ROI (0-10x)
136313,0.5415,1,0,0.3398,Medium,0.184,5491.0,1647.0,1147.0,Standard,Relationship manager follow-up,0,500,1647.0,2.29,Low ROI (0-10x)
136314,0.255,1,0,0.6634,Low,0.1692,8787.0,2636.0,2136.0,Premium,Relationship manager follow-up,0,500,2636.0,4.27,Low ROI (0-10x)
136316,0.9766,1,1,0.5085,Critical,0.4966,16951.0,5085.0,4585.0,Premium,Relationship manager follow-up,0,500,5085.0,9.17,Low ROI (0-10x)
136317,0.9998,1,1,0.2087,Critical,0.2087,5227.0,1568.0,1068.0,Basic,Relationship manager follow-up,0,500,1568.0,2.14,Low ROI (0-10x)
136321,0.9971,1,1,0.1199,Critical,0.1196,1693.0,508.0,8.0,Basic,Relationship manager follow-up,0,500,508.0,0.02,Low ROI (0-10x)
136328,0.9999,1,1,0.2822,Critical,0.2822,9952.0,2986.0,2486.0,Standard,Relationship manager follow-up,0,500,2986.0,4.97,Low ROI (0-10x)
136333,0.9986,1,1,0.2833,Critical,0.2829,5996.0,1799.0,1299.0,Standard,Relationship manager follow-up,0,500,1799.0,2.6,Low ROI (0-10x)
136340,1.0,1,1,0.2105,Critical,0.2105,6056.0,1817.0,1317.0,Basic,Relationship manager follow-up,0,500,1817.0,2.63,Low ROI (0-10x)
136350,0.2164,1,0,0.1906,Low,0.0412,1297.0,389.0,-111.0,Basic,Relationship manager follow-up,0,500,389.0,-0.22,Negative ROI
136359,0.3626,1,0,0.1622,Medium,0.0588,2933.0,880.0,380.0,Basic,Relationship manager follow-up,0,500,880.0,0.76,Low ROI (0-10x)
136367,0.1473,1,0,0.5963,Low,0.0878,4061.0,1218.0,718.0,Premium,Relationship manager follow-up,0,500,1218.0,1.44,Low ROI (0-10x)
136368,1.0,1,1,0.2185,Critical,0.2185,4048.0,1214.0,714.0,Basic,Relationship manager follow-up,0,500,1214.0,1.43,Low ROI (0-10x)
136369,0.9993,1,1,0.1543,Critical,0.1542,5784.0,1735.0,1235.0,Basic,Relationship manager follow-up,0,500,1735.0,2.47,Low ROI (0-10x)
136371,0.9911,1,1,0.0852,Critical,0.0844,3308.0,992.0,492.0,Basic,Relationship manager follow-up,0,500,992.0,0.98,Low ROI (0-10x)
136372,0.2346,1,1,0.3188,Low,0.0748,2666.0,800.0,300.0,Standard,Relationship manager follow-up,0,500,800.0,0.6,Low ROI (0-10x)
136377,0.9999,1,1,0.1604,Critical,0.1604,4445.0,1334.0,834.0,Basic,Relationship manager follow-up,0,500,1334.0,1.67,Low ROI (0-10x)
136383,1.0,1,1,0.1427,Critical,0.1427,2133.0,640.0,140.0,Basic,Relationship manager follow-up,0,500,640.0,0.28,Low ROI (0-10x)
136386,1.0,1,1,0.2194,Critical,0.2194,6835.0,2050.0,1550.0,Basic,Relationship manager follow-up,0,500,2050.0,3.1,Low ROI (0-10x)
136403,0.8621,1,1,0.4825,Critical,0.416,16898.0,5069.0,4569.0,Standard,Relationship manager follow-up,0,500,5069.0,9.14,Low ROI (0-10x)
136408,1.0,1,1,0.4656,Critical,0.4656,15383.0,4615.0,4115.0,Standard,Relationship manager follow-up,0,500,4615.0,8.23,Low ROI (0-10x)
136409,0.9995,1,1,0.2028,Critical,0.2027,6473.0,1942.0,1442.0,Basic,Relationship manager follow-up,0,500,1942.0,2.88,Low ROI (0-10x)
136410,0.9907,1,1,0.171,Critical,0.1694,2318.0,695.0,195.0,Basic,Relationship manager follow-up,0,500,695.0,0.39,Low ROI (0-10x)
136419,1.0,1,1,0.1018,Critical,0.1018,2306.0,692.0,192.0,Basic,Relationship manager follow-up,0,500,692.0,0.38,Low ROI (0-10x)
136429,0.9996,1,1,0.1588,Critical,0.1587,3573.0,1072.0,572.0,Basic,Relationship manager follow-up,0,500,1072.0,1.14,Low ROI (0-10x)
136435,0.9999,1,1,0.0879,Critical,0.0879,2331.0,699.0,199.0,Basic,Relationship manager follow-up,0,500,699.0,0.4,Low ROI (0-10x)
136453,1.0,1,1,0.135,Critical,0.135,2403.0,721.0,221.0,Basic,Relationship manager follow-up,0,500,721.0,0.44,Low ROI (0-10x)
136455,0.9999,1,1,0.224,Critical,0.224,8907.0,2672.0,2172.0,Basic,Relationship manager follow-up,0,500,2672.0,4.34,Low ROI (0-10x)
136458,1.0,1,1,0.1526,Critical,0.1526,3687.0,1106.0,606.0,Basic,Relationship manager follow-up,0,500,1106.0,1.21,Low ROI (0-10x)
136459,0.9997,1,1,0.2145,Critical,0.2144,4593.0,1378.0,878.0,Basic,Relationship manager follow-up,0,500,1378.0,1.76,Low ROI (0-10x)
136461,0.9655,1,1,0.7014,Critical,0.6772,27795.0,8338.0,7838.0,Premium,Relationship manager follow-up,0,500,8338.0,15.68,Medium ROI (10-50x)
136468,0.9994,1,1,0.2188,Critical,0.2187,8395.0,2518.0,2018.0,Basic,Relationship manager follow-up,0,500,2518.0,4.04,Low ROI (0-10x)
136475,0.9995,1,1,0.3824,Critical,0.3822,11242.0,3373.0,2873.0,Standard,Relationship manager follow-up,0,500,3373.0,5.75,Low ROI (0-10x)
136483,0.9947,1,1,0.1819,Critical,0.1809,1564.0,469.0,-31.0,Basic,Relationship manager follow-up,0,500,469.0,-0.06,Negative ROI
136496,0.9941,1,1,0.1419,Critical,0.1411,2276.0,683.0,183.0,Basic,Relationship manager follow-up,0,500,683.0,0.37,Low ROI (0-10x)
136501,0.9999,1,1,0.0849,Critical,0.0849,2750.0,825.0,325.0,Basic,Relationship manager follow-up,0,500,825.0,0.65,Low ROI (0-10x)
136505,0.9929,1,1,0.4702,Critical,0.4669,12420.0,3726.0,3226.0,Standard,Relationship manager follow-up,0,500,3726.0,6.45,Low ROI (0-10x)
136509,1.0,1,1,0.1698,Critical,0.1698,4525.0,1358.0,858.0,Basic,Relationship manager follow-up,0,500,1358.0,1.72,Low ROI (0-10x)
136516,0.9983,1,1,0.1791,Critical,0.1788,4102.0,1231.0,731.0,Basic,Relationship manager follow-up,0,500,1231.0,1.46,Low ROI (0-10x)
136518,0.9972,1,1,0.2495,Critical,0.2488,4832.0,1450.0,950.0,Basic,Relationship manager follow-up,0,500,1450.0,1.9,Low ROI (0-10x)
136529,0.9975,1,1,0.1706,Critical,0.1702,6640.0,1992.0,1492.0,Basic,Relationship manager follow-up,0,500,1992.0,2.98,Low ROI (0-10x)
136532,0.9983,1,1,0.3198,Critical,0.3193,9257.0,2777.0,2277.0,Standard,Relationship manager follow-up,0,500,2777.0,4.55,Low ROI (0-10x)
136534,0.9999,1,1,0.199,Critical,0.199,6520.0,1956.0,1456.0,Basic,Relationship manager follow-up,0,500,1956.0,2.91,Low ROI (0-10x)
136546,1.0,1,1,0.1668,Critical,0.1668,4506.0,1352.0,852.0,Basic,Relationship manager follow-up,0,500,1352.0,1.7,Low ROI (0-10x)
136553,0.9948,1,1,0.4769,Critical,0.4744,14636.0,4391.0,3891.0,Standard,Relationship manager follow-up,0,500,4391.0,7.78,Low ROI (0-10x)
136558,1.0,1,1,0.2978,Critical,0.2978,8617.0,2585.0,2085.0,Standard,Relationship manager follow-up,0,500,2585.0,4.17,Low ROI (0-10x)
136559,1.0,1,1,0.2192,Critical,0.2192,5679.0,1704.0,1204.0,Basic,Relationship manager follow-up,0,500,1704.0,2.41,Low ROI (0-10x)
136560,1.0,1,1,0.0954,Critical,0.0954,1808.0,542.0,42.0,Basic,Relationship manager follow-up,0,500,542.0,0.08,Low ROI (0-10x)
136562,0.9972,1,1,0.3235,Critical,0.3226,12783.0,3835.0,3335.0,Standard,Relationship manager follow-up,0,500,3835.0,6.67,Low ROI (0-10x)
136574,0.9978,1,1,0.2583,Critical,0.2577,4444.0,1333.0,833.0,Standard,Relationship manager follow-up,0,500,1333.0,1.67,Low ROI (0-10x)
136576,0.9846,1,1,0.6527,Critical,0.6426,25510.0,7653.0,7153.0,Premium,Relationship manager follow-up,0,500,7653.0,14.31,Medium ROI (10-50x)
136577,0.9856,1,1,0.3275,Critical,0.3228,7248.0,2174.0,1674.0,Standard,Relationship manager follow-up,0,500,2174.0,3.35,Low ROI (0-10x)
136578,0.9966,1,1,0.1149,Critical,0.1145,1483.0,445.0,-55.0,Basic,Relationship manager follow-up,0,500,445.0,-0.11,Negative ROI
136579,0.9997,1,1,0.233,Critical,0.2329,8363.0,2509.0,2009.0,Basic,Relationship manager follow-up,0,500,2509.0,4.02,Low ROI (0-10x)
136586,0.9998,1,1,0.0932,Critical,0.0932,4988.0,1496.0,996.0,Basic,Relationship manager follow-up,0,500,1496.0,1.99,Low ROI (0-10x)
136618,0.9873,1,1,0.2889,Critical,0.2852,6348.0,1904.0,1404.0,Standard,Relationship manager follow-up,0,500,1904.0,2.81,Low ROI (0-10x)
136619,0.9563,1,1,0.6119,Critical,0.5852,20295.0,6088.0,5588.0,Premium,Relationship manager follow-up,0,500,6088.0,11.18,Medium ROI (10-50x)
136623,0.9934,1,1,0.3659,Critical,0.3635,9632.0,2890.0,2390.0,Standard,Relationship manager follow-up,0,500,2890.0,4.78,Low ROI (0-10x)
136632,1.0,1,1,0.1496,Critical,0.1496,5547.0,1664.0,1164.0,Basic,Relationship manager follow-up,0,500,1664.0,2.33,Low ROI (0-10x)
136647,0.9973,1,1,0.1818,Critical,0.1813,3218.0,965.0,465.0,Basic,Relationship manager follow-up,0,500,965.0,0.93,Low ROI (0-10x)
136649,0.9969,1,1,0.1081,Critical,0.1078,2482.0,745.0,245.0,Basic,Relationship manager follow-up,0,500,745.0,0.49,Low ROI (0-10x)
136653,0.9535,1,1,0.1878,Critical,0.1791,7800.0,2340.0,1840.0,Basic,Relationship manager follow-up,0,500,2340.0,3.68,Low ROI (0-10x)
136658,0.9993,1,1,0.2853,Critical,0.2851,12321.0,3696.0,3196.0,Standard,Relationship manager follow-up,0,500,3696.0,6.39,Low ROI (0-10x)
136675,1.0,1,1,0.271,Critical,0.271,4673.0,1402.0,902.0,Standard,Relationship manager follow-up,0,500,1402.0,1.8,Low ROI (0-10x)
136689,0.9996,1,1,0.1037,Critical,0.1037,2908.0,872.0,372.0,Basic,Relationship manager follow-up,0,500,872.0,0.74,Low ROI (0-10x)
136700,1.0,1,1,0.2938,Critical,0.2938,10220.0,3066.0,2566.0,Standard,Relationship manager follow-up,0,500,3066.0,5.13,Low ROI (0-10x)
136711,0.9883,1,1,0.1473,Critical,0.1456,3788.0,1136.0,636.0,Basic,Relationship manager follow-up,0,500,1136.0,1.27,Low ROI (0-10x)
136717,0.9817,1,1,0.2675,Critical,0.2626,11713.0,3514.0,3014.0,Standard,Relationship manager follow-up,0,500,3514.0,6.03,Low ROI (0-10x)
136725,0.9906,1,1,0.3707,Critical,0.3672,12519.0,3756.0,3256.0,Standard,Relationship manager follow-up,0,500,3756.0,6.51,Low ROI (0-10x)
136726,1.0,1,1,0.11,Critical,0.11,1256.0,377.0,-123.0,Basic,Relationship manager follow-up,0,500,377.0,-0.25,Negative ROI
136733,1.0,1,1,0.3423,Critical,0.3423,14222.0,4267.0,3767.0,Standard,Relationship manager follow-up,0,500,4267.0,7.53,Low ROI (0-10x)
136737,0.1127,1,0,0.4153,Low,0.0468,2013.0,604.0,104.0,Standard,Relationship manager follow-up,0,500,604.0,0.21,Low ROI (0-10x)
136746,0.9999,1,1,0.1492,Critical,0.1492,3874.0,1162.0,662.0,Basic,Relationship manager follow-up,0,500,1162.0,1.32,Low ROI (0-10x)
136748,0.9959,1,1,0.2292,Critical,0.2283,9442.0,2833.0,2333.0,Basic,Relationship manager follow-up,0,500,2833.0,4.67,Low ROI (0-10x)
136750,1.0,1,1,0.0487,Critical,0.0487,3265.0,980.0,480.0,Basic,Relationship manager follow-up,0,500,980.0,0.96,Low ROI (0-10x)
136751,1.0,1,1,0.274,Critical,0.274,9764.0,2929.0,2429.0,Standard,Relationship manager follow-up,0,500,2929.0,4.86,Low ROI (0-10x)
136765,0.9984,1,1,0.1863,Critical,0.186,2896.0,869.0,369.0,Basic,Relationship manager follow-up,0,500,869.0,0.74,Low ROI (0-10x)
136767,0.9997,1,1,0.3483,Critical,0.3482,9119.0,2736.0,2236.0,Standard,Relationship manager follow-up,0,500,2736.0,4.47,Low ROI (0-10x)
136768,0.9967,1,1,0.2361,Critical,0.2353,7803.0,2341.0,1841.0,Basic,Relationship manager follow-up,0,500,2341.0,3.68,Low ROI (0-10x)
136796,0.9837,1,1,0.7712,Critical,0.7586,35977.0,10793.0,10293.0,Elite,Relationship manager follow-up,0,500,10793.0,20.59,Medium ROI (10-50x)
136797,0.999,1,1,0.2147,Critical,0.2145,4738.0,1421.0,921.0,Basic,Relationship manager follow-up,0,500,1421.0,1.84,Low ROI (0-10x)
136826,1.0,1,1,0.0638,Critical,0.0638,2019.0,606.0,106.0,Basic,Relationship manager follow-up,0,500,606.0,0.21,Low ROI (0-10x)
136831,0.9981,1,1,0.5401,Critical,0.5391,19484.0,5845.0,5345.0,Premium,Relationship manager follow-up,0,500,5845.0,10.69,Medium ROI (10-50x)
136832,1.0,1,1,0.1353,Critical,0.1353,4384.0,1315.0,815.0,Basic,Relationship manager follow-up,0,500,1315.0,1.63,Low ROI (0-10x)
136834,0.9986,1,1,0.0209,Critical,0.0209,732.0,220.0,-280.0,Basic,Relationship manager follow-up,0,500,220.0,-0.56,Negative ROI
136839,0.9996,1,1,0.1199,Critical,0.1199,7177.0,2153.0,1653.0,Basic,Relationship manager follow-up,0,500,2153.0,3.31,Low ROI (0-10x)
136854,0.9998,1,1,0.17,Critical,0.17,5971.0,1791.0,1291.0,Basic,Relationship manager follow-up,0,500,1791.0,2.58,Low ROI (0-10x)
136863,0.9999,1,1,0.1573,Critical,0.1573,1956.0,587.0,87.0,Basic,Relationship manager follow-up,0,500,587.0,0.17,Low ROI (0-10x)
136864,1.0,1,1,0.1316,Critical,0.1316,2204.0,661.0,161.0,Basic,Relationship manager follow-up,0,500,661.0,0.32,Low ROI (0-10x)
136871,0.9997,1,1,0.1449,Critical,0.1449,4489.0,1347.0,847.0,Basic,Relationship manager follow-up,0,500,1347.0,1.69,Low ROI (0-10x)
136873,0.9999,1,1,0.2975,Critical,0.2975,10043.0,3013.0,2513.0,Standard,Relationship manager follow-up,0,500,3013.0,5.03,Low ROI (0-10x)
136875,0.9994,1,1,0.1966,Critical,0.1965,2516.0,755.0,255.0,Basic,Relationship manager follow-up,0,500,755.0,0.51,Low ROI (0-10x)
136876,1.0,1,1,0.0997,Critical,0.0997,1989.0,597.0,97.0,Basic,Relationship manager follow-up,0,500,597.0,0.19,Low ROI (0-10x)
136889,0.2969,1,0,0.0633,Low,0.0188,857.0,257.0,-243.0,Basic,Relationship manager follow-up,0,500,257.0,-0.49,Negative ROI
136890,0.9999,1,1,0.2326,Critical,0.2326,3298.0,989.0,489.0,Basic,Relationship manager follow-up,0,500,989.0,0.98,Low ROI (0-10x)
136892,0.9986,1,1,0.3281,Critical,0.3276,12653.0,3796.0,3296.0,Standard,Relationship manager follow-up,0,500,3796.0,6.59,Low ROI (0-10x)
136911,1.0,1,1,0.1531,Critical,0.1531,3156.0,947.0,447.0,Basic,Relationship manager follow-up,0,500,947.0,0.89,Low ROI (0-10x)
136912,0.35,1,0,0.2547,Medium,0.0891,3964.0,1189.0,689.0,Standard,Relationship manager follow-up,0,500,1189.0,1.38,Low ROI (0-10x)
136919,0.8935,1,1,0.1164,Critical,0.104,3293.0,988.0,488.0,Basic,Relationship manager follow-up,0,500,988.0,0.98,Low ROI (0-10x)
136923,1.0,1,1,0.2493,Critical,0.2493,8542.0,2563.0,2063.0,Basic,Relationship manager follow-up,0,500,2563.0,4.13,Low ROI (0-10x)
136930,0.9999,1,1,0.1287,Critical,0.1287,3359.0,1008.0,508.0,Basic,Relationship manager follow-up,0,500,1008.0,1.02,Low ROI (0-10x)
136944,0.4255,1,1,0.3853,Medium,0.1639,5617.0,1685.0,1185.0,Standard,Relationship manager follow-up,0,500,1685.0,2.37,Low ROI (0-10x)
136950,0.9994,1,1,0.0797,Critical,0.0797,3047.0,914.0,414.0,Basic,Relationship manager follow-up,0,500,914.0,0.83,Low ROI (0-10x)
136951,0.9999,1,1,0.4112,Critical,0.4112,13364.0,4009.0,3509.0,Standard,Relationship manager follow-up,0,500,4009.0,7.02,Low ROI (0-10x)
136952,0.994,1,1,0.224,Critical,0.2227,9495.0,2848.0,2348.0,Basic,Relationship manager follow-up,0,500,2848.0,4.7,Low ROI (0-10x)
136957,0.9992,1,1,0.3717,Critical,0.3714,9321.0,2796.0,2296.0,Standard,Relationship manager follow-up,0,500,2796.0,4.59,Low ROI (0-10x)
136972,1.0,1,1,0.169,Critical,0.169,4700.0,1410.0,910.0,Basic,Relationship manager follow-up,0,500,1410.0,1.82,Low ROI (0-10x)
136976,1.0,1,1,0.3638,Critical,0.3638,10902.0,3271.0,2771.0,Standard,Relationship manager follow-up,0,500,3271.0,5.54,Low ROI (0-10x)
136980,0.9689,1,1,0.3071,Critical,0.2975,11673.0,3502.0,3002.0,Standard,Relationship manager follow-up,0,500,3502.0,6.0,Low ROI (0-10x)
136984,1.0,1,1,0.1595,Critical,0.1595,4359.0,1308.0,808.0,Basic,Relationship manager follow-up,0,500,1308.0,1.62,Low ROI (0-10x)
136988,1.0,1,1,0.2155,Critical,0.2155,6110.0,1833.0,1333.0,Basic,Relationship manager follow-up,0,500,1833.0,2.67,Low ROI (0-10x)
136993,0.9998,1,1,0.1156,Critical,0.1156,1753.0,526.0,26.0,Basic,Relationship manager follow-up,0,500,526.0,0.05,Low ROI (0-10x)
137005,0.5985,1,1,0.268,High,0.1604,5107.0,1532.0,1032.0,Standard,Relationship manager follow-up,0,500,1532.0,2.06,Low ROI (0-10x)
137008,0.9999,1,1,0.1592,Critical,0.1592,6840.0,2052.0,1552.0,Basic,Relationship manager follow-up,0,500,2052.0,3.1,Low ROI (0-10x)
137012,0.9467,1,1,0.1415,Critical,0.134,2676.0,803.0,303.0,Basic,Relationship manager follow-up,0,500,803.0,0.61,Low ROI (0-10x)
137019,0.9011,1,1,0.3873,Critical,0.349,10083.0,3025.0,2525.0,Standard,Relationship manager follow-up,0,500,3025.0,5.05,Low ROI (0-10x)
137021,1.0,1,1,0.0411,Critical,0.0411,1320.0,396.0,-104.0,Basic,Relationship manager follow-up,0,500,396.0,-0.21,Negative ROI
137030,0.9998,1,1,0.1507,Critical,0.1507,5342.0,1603.0,1103.0,Basic,Relationship manager follow-up,0,500,1603.0,2.21,Low ROI (0-10x)
137034,0.7936,1,1,0.6152,Critical,0.4882,19785.0,5936.0,5436.0,Premium,Relationship manager follow-up,0,500,5936.0,10.87,Medium ROI (10-50x)
137036,0.9777,1,1,0.4962,Critical,0.4851,15662.0,4699.0,4199.0,Standard,Relationship manager follow-up,0,500,4699.0,8.4,Low ROI (0-10x)
137039,0.9822,1,1,0.3317,Critical,0.3258,9666.0,2900.0,2400.0,Standard,Relationship manager follow-up,0,500,2900.0,4.8,Low ROI (0-10x)
137041,0.6164,1,0,0.5654,High,0.3485,17709.0,5313.0,4813.0,Premium,Relationship manager follow-up,0,500,5313.0,9.63,Low ROI (0-10x)
137045,0.9972,1,1,0.0805,Critical,0.0803,2996.0,899.0,399.0,Basic,Relationship manager follow-up,0,500,899.0,0.8,Low ROI (0-10x)
137050,0.9995,1,1,0.329,Critical,0.3288,14304.0,4291.0,3791.0,Standard,Relationship manager follow-up,0,500,4291.0,7.58,Low ROI (0-10x)
137061,0.8424,1,1,0.8118,Critical,0.6839,30849.0,9255.0,8755.0,Elite,Relationship manager follow-up,0,500,9255.0,17.51,Medium ROI (10-50x)
137085,0.9815,1,1,0.1563,Critical,0.1534,3629.0,1089.0,589.0,Basic,Relationship manager follow-up,0,500,1089.0,1.18,Low ROI (0-10x)
137092,1.0,1,1,0.0944,Critical,0.0944,1206.0,362.0,-138.0,Basic,Relationship manager follow-up,0,500,362.0,-0.28,Negative ROI
137093,0.9999,1,1,0.1631,Critical,0.1631,4729.0,1419.0,919.0,Basic,Relationship manager follow-up,0,500,1419.0,1.84,Low ROI (0-10x)
137106,0.9987,1,1,0.3688,Critical,0.3683,6690.0,2007.0,1507.0,Standard,Relationship manager follow-up,0,500,2007.0,3.01,Low ROI (0-10x)
137108,1.0,1,1,0.2655,Critical,0.2655,4310.0,1293.0,793.0,Standard,Relationship manager follow-up,0,500,1293.0,1.59,Low ROI (0-10x)
137116,0.1165,1,0,0.1435,Low,0.0167,298.0,89.0,-411.0,Basic,Relationship manager follow-up,0,500,89.0,-0.82,Negative ROI
137121,0.8395,1,1,0.5352,Critical,0.4493,20208.0,6062.0,5562.0,Premium,Relationship manager follow-up,0,500,6062.0,11.12,Medium ROI (10-50x)
137147,0.8993,1,1,0.2908,Critical,0.2615,7118.0,2135.0,1635.0,Standard,Relationship manager follow-up,0,500,2135.0,3.27,Low ROI (0-10x)
137164,1.0,1,1,0.2471,Critical,0.2471,9325.0,2798.0,2298.0,Basic,Relationship manager follow-up,0,500,2798.0,4.6,Low ROI (0-10x)
137174,0.9996,1,1,0.266,Critical,0.2659,6509.0,1953.0,1453.0,Standard,Relationship manager follow-up,0,500,1953.0,2.91,Low ROI (0-10x)
137176,0.9985,1,1,0.1631,Critical,0.1629,9521.0,2856.0,2356.0,Basic,Relationship manager follow-up,0,500,2856.0,4.71,Low ROI (0-10x)
137177,0.1273,1,0,0.6573,Low,0.0837,3559.0,1068.0,568.0,Premium,Relationship manager follow-up,0,500,1068.0,1.14,Low ROI (0-10x)
137181,0.9998,1,1,0.2186,Critical,0.2186,8062.0,2419.0,1919.0,Basic,Relationship manager follow-up,0,500,2419.0,3.84,Low ROI (0-10x)
137188,1.0,1,1,0.2453,Critical,0.2453,7275.0,2182.0,1682.0,Basic,Relationship manager follow-up,0,500,2182.0,3.36,Low ROI (0-10x)
137206,0.9076,1,1,0.4329,Critical,0.3929,11928.0,3578.0,3078.0,Standard,Relationship manager follow-up,0,500,3578.0,6.16,Low ROI (0-10x)
137207,0.9979,1,1,0.2595,Critical,0.259,9544.0,2863.0,2363.0,Standard,Relationship manager follow-up,0,500,2863.0,4.73,Low ROI (0-10x)
137208,0.9109,1,1,0.3519,Critical,0.3205,16222.0,4867.0,4367.0,Standard,Relationship manager follow-up,0,500,4867.0,8.73,Low ROI (0-10x)
137217,0.9999,1,1,0.2015,Critical,0.2015,3453.0,1036.0,536.0,Basic,Relationship manager follow-up,0,500,1036.0,1.07,Low ROI (0-10x)
137218,1.0,1,1,0.0904,Critical,0.0904,4308.0,1292.0,792.0,Basic,Relationship manager follow-up,0,500,1292.0,1.58,Low ROI (0-10x)
137220,0.9982,1,1,0.0845,Critical,0.0843,2372.0,712.0,212.0,Basic,Relationship manager follow-up,0,500,712.0,0.42,Low ROI (0-10x)
137224,0.9976,1,1,0.1132,Critical,0.1129,3037.0,911.0,411.0,Basic,Relationship manager follow-up,0,500,911.0,0.82,Low ROI (0-10x)
137227,0.9999,1,1,0.2107,Critical,0.2107,5575.0,1672.0,1172.0,Basic,Relationship manager follow-up,0,500,1672.0,2.34,Low ROI (0-10x)
137229,0.9999,1,1,0.1905,Critical,0.1905,3704.0,1111.0,611.0,Basic,Relationship manager follow-up,0,500,1111.0,1.22,Low ROI (0-10x)
137230,0.9882,1,1,0.2513,Critical,0.2483,5017.0,1505.0,1005.0,Standard,Relationship manager follow-up,0,500,1505.0,2.01,Low ROI (0-10x)
137239,0.9996,1,1,0.1445,Critical,0.1444,3610.0,1083.0,583.0,Basic,Relationship manager follow-up,0,500,1083.0,1.17,Low ROI (0-10x)
137249,0.9987,1,1,0.1706,Critical,0.1704,5348.0,1604.0,1104.0,Basic,Relationship manager follow-up,0,500,1604.0,2.21,Low ROI (0-10x)
137251,1.0,1,1,0.2206,Critical,0.2206,5376.0,1613.0,1113.0,Basic,Relationship manager follow-up,0,500,1613.0,2.23,Low ROI (0-10x)
137252,0.9691,1,1,0.1453,Critical,0.1408,3593.0,1078.0,578.0,Basic,Relationship manager follow-up,0,500,1078.0,1.16,Low ROI (0-10x)
137256,0.9999,1,1,0.0829,Critical,0.0829,2586.0,776.0,276.0,Basic,Relationship manager follow-up,0,500,776.0,0.55,Low ROI (0-10x)
137258,1.0,1,1,0.2594,Critical,0.2594,4835.0,1450.0,950.0,Standard,Relationship manager follow-up,0,500,1450.0,1.9,Low ROI (0-10x)
137259,0.3049,1,0,0.2224,Low,0.0678,2159.0,648.0,148.0,Basic,Relationship manager follow-up,0,500,648.0,0.3,Low ROI (0-10x)
137265,0.7196,1,0,0.26,High,0.1871,8016.0,2405.0,1905.0,Standard,Relationship manager follow-up,0,500,2405.0,3.81,Low ROI (0-10x)
137282,0.9995,1,1,0.2758,Critical,0.2757,9584.0,2875.0,2375.0,Standard,Relationship manager follow-up,0,500,2875.0,4.75,Low ROI (0-10x)
137285,1.0,1,1,0.221,Critical,0.221,8412.0,2524.0,2024.0,Basic,Relationship manager follow-up,0,500,2524.0,4.05,Low ROI (0-10x)
137286,0.9881,1,1,0.5842,Critical,0.5772,22412.0,6724.0,6224.0,Premium,Relationship manager follow-up,0,500,6724.0,12.45,Medium ROI (10-50x)
137294,0.9996,1,1,0.4955,Critical,0.4953,16495.0,4948.0,4448.0,Standard,Relationship manager follow-up,0,500,4948.0,8.9,Low ROI (0-10x)
137295,0.9999,1,1,0.1103,Critical,0.1103,5327.0,1598.0,1098.0,Basic,Relationship manager follow-up,0,500,1598.0,2.2,Low ROI (0-10x)
137298,0.9939,1,1,0.3059,Critical,0.304,11043.0,3313.0,2813.0,Standard,Relationship manager follow-up,0,500,3313.0,5.63,Low ROI (0-10x)
137303,0.9745,1,1,0.4759,Critical,0.4638,21265.0,6380.0,5880.0,Standard,Relationship manager follow-up,0,500,6380.0,11.76,Medium ROI (10-50x)
137308,0.9998,1,1,0.1787,Critical,0.1787,3139.0,942.0,442.0,Basic,Relationship manager follow-up,0,500,942.0,0.88,Low ROI (0-10x)
137313,0.9815,1,1,0.3681,Critical,0.3613,14198.0,4259.0,3759.0,Standard,Relationship manager follow-up,0,500,4259.0,7.52,Low ROI (0-10x)
137317,1.0,1,1,0.139,Critical,0.139,2637.0,791.0,291.0,Basic,Relationship manager follow-up,0,500,791.0,0.58,Low ROI (0-10x)
137321,0.9999,1,1,0.1602,Critical,0.1602,3329.0,999.0,499.0,Basic,Relationship manager follow-up,0,500,999.0,1.0,Low ROI (0-10x)
137326,0.1286,1,0,0.3216,Low,0.0414,1049.0,315.0,-185.0,Standard,Relationship manager follow-up,0,500,315.0,-0.37,Negative ROI
137332,0.9946,1,1,0.1587,Critical,0.1578,3397.0,1019.0,519.0,Basic,Relationship manager follow-up,0,500,1019.0,1.04,Low ROI (0-10x)
137339,0.9992,1,1,0.032,Critical,0.032,1239.0,372.0,-128.0,Basic,Relationship manager follow-up,0,500,372.0,-0.26,Negative ROI
137348,0.9885,1,1,0.4299,Critical,0.425,13299.0,3990.0,3490.0,Standard,Relationship manager follow-up,0,500,3990.0,6.98,Low ROI (0-10x)
137358,0.9977,1,1,0.1514,Critical,0.1511,4838.0,1451.0,951.0,Basic,Relationship manager follow-up,0,500,1451.0,1.9,Low ROI (0-10x)
137361,0.9999,1,1,0.0949,Critical,0.0949,4794.0,1438.0,938.0,Basic,Relationship manager follow-up,0,500,1438.0,1.88,Low ROI (0-10x)
137372,1.0,1,1,0.1675,Critical,0.1675,6586.0,1976.0,1476.0,Basic,Relationship manager follow-up,0,500,1976.0,2.95,Low ROI (0-10x)
137373,0.9987,1,1,0.4368,Critical,0.4362,15515.0,4654.0,4154.0,Standard,Relationship manager follow-up,0,500,4654.0,8.31,Low ROI (0-10x)
137375,0.4936,1,0,0.3648,Medium,0.1801,7017.0,2105.0,1605.0,Standard,Relationship manager follow-up,0,500,2105.0,3.21,Low ROI (0-10x)
137380,0.9981,1,1,0.2903,Critical,0.2897,8550.0,2565.0,2065.0,Standard,Relationship manager follow-up,0,500,2565.0,4.13,Low ROI (0-10x)
137381,0.9892,1,1,0.1987,Critical,0.1966,6525.0,1958.0,1458.0,Basic,Relationship manager follow-up,0,500,1958.0,2.92,Low ROI (0-10x)
137383,1.0,1,1,0.3838,Critical,0.3838,14193.0,4258.0,3758.0,Standard,Relationship manager follow-up,0,500,4258.0,7.52,Low ROI (0-10x)
137384,0.9997,1,1,0.0633,Critical,0.0633,2452.0,736.0,236.0,Basic,Relationship manager follow-up,0,500,736.0,0.47,Low ROI (0-10x)
137390,0.9445,1,1,0.1756,Critical,0.1659,6991.0,2097.0,1597.0,Basic,Relationship manager follow-up,0,500,2097.0,3.19,Low ROI (0-10x)
137397,1.0,1,1,0.1555,Critical,0.1555,1593.0,478.0,-22.0,Basic,Relationship manager follow-up,0,500,478.0,-0.04,Negative ROI
137403,0.9947,1,1,0.1667,Critical,0.1658,5188.0,1556.0,1056.0,Basic,Relationship manager follow-up,0,500,1556.0,2.11,Low ROI (0-10x)
137406,1.0,1,1,0.4125,Critical,0.4125,12095.0,3628.0,3128.0,Standard,Relationship manager follow-up,0,500,3628.0,6.26,Low ROI (0-10x)
137407,0.9999,1,1,0.2464,Critical,0.2464,4591.0,1377.0,877.0,Basic,Relationship manager follow-up,0,500,1377.0,1.75,Low ROI (0-10x)
137409,1.0,1,1,0.4846,Critical,0.4846,16481.0,4944.0,4444.0,Standard,Relationship manager follow-up,0,500,4944.0,8.89,Low ROI (0-10x)
137414,0.9999,1,1,0.1679,Critical,0.1679,6512.0,1954.0,1454.0,Basic,Relationship manager follow-up,0,500,1954.0,2.91,Low ROI (0-10x)
137434,0.9996,1,1,0.1908,Critical,0.1907,7764.0,2329.0,1829.0,Basic,Relationship manager follow-up,0,500,2329.0,3.66,Low ROI (0-10x)
137442,0.8628,1,1,0.511,Critical,0.4409,16348.0,4904.0,4404.0,Premium,Relationship manager follow-up,0,500,4904.0,8.81,Low ROI (0-10x)
137450,0.9997,1,1,0.1641,Critical,0.1641,2121.0,636.0,136.0,Basic,Relationship manager follow-up,0,500,636.0,0.27,Low ROI (0-10x)
137465,1.0,1,1,0.1004,Critical,0.1004,2782.0,835.0,335.0,Basic,Relationship manager follow-up,0,500,835.0,0.67,Low ROI (0-10x)
137468,1.0,1,1,0.0554,Critical,0.0554,2480.0,744.0,244.0,Basic,Relationship manager follow-up,0,500,744.0,0.49,Low ROI (0-10x)
137476,0.9913,1,1,0.0831,Critical,0.0824,1907.0,572.0,72.0,Basic,Relationship manager follow-up,0,500,572.0,0.14,Low ROI (0-10x)
137481,1.0,1,1,0.1078,Critical,0.1078,2721.0,816.0,316.0,Basic,Relationship manager follow-up,0,500,816.0,0.63,Low ROI (0-10x)
137485,1.0,1,1,0.1447,Critical,0.1447,3203.0,961.0,461.0,Basic,Relationship manager follow-up,0,500,961.0,0.92,Low ROI (0-10x)
137489,0.9999,1,1,0.1723,Critical,0.1723,3077.0,923.0,423.0,Basic,Relationship manager follow-up,0,500,923.0,0.85,Low ROI (0-10x)
137495,0.9924,1,1,0.322,Critical,0.3196,11410.0,3423.0,2923.0,Standard,Relationship manager follow-up,0,500,3423.0,5.85,Low ROI (0-10x)
137500,0.996,1,1,0.3344,Critical,0.3331,9972.0,2992.0,2492.0,Standard,Relationship manager follow-up,0,500,2992.0,4.98,Low ROI (0-10x)
137503,0.9999,1,1,0.1075,Critical,0.1075,3431.0,1029.0,529.0,Basic,Relationship manager follow-up,0,500,1029.0,1.06,Low ROI (0-10x)
137507,1.0,1,1,0.1427,Critical,0.1427,4006.0,1202.0,702.0,Basic,Relationship manager follow-up,0,500,1202.0,1.4,Low ROI (0-10x)
137513,0.9541,1,1,0.3077,Critical,0.2936,5961.0,1788.0,1288.0,Standard,Relationship manager follow-up,0,500,1788.0,2.58,Low ROI (0-10x)
137519,1.0,1,1,0.1832,Critical,0.1832,5003.0,1501.0,1001.0,Basic,Relationship manager follow-up,0,500,1501.0,2.0,Low ROI (0-10x)
137521,0.9998,1,1,0.1736,Critical,0.1736,2878.0,863.0,363.0,Basic,Relationship manager follow-up,0,500,863.0,0.73,Low ROI (0-10x)
137522,1.0,1,1,0.1312,Critical,0.1312,3553.0,1066.0,566.0,Basic,Relationship manager follow-up,0,500,1066.0,1.13,Low ROI (0-10x)
137548,0.9874,1,1,0.124,Critical,0.1224,3984.0,1195.0,695.0,Basic,Relationship manager follow-up,0,500,1195.0,1.39,Low ROI (0-10x)
137563,0.4249,1,0,0.5555,Medium,0.236,12153.0,3646.0,3146.0,Premium,Relationship manager follow-up,0,500,3646.0,6.29,Low ROI (0-10x)
137571,0.9973,1,1,0.2038,Critical,0.2032,4083.0,1225.0,725.0,Basic,Relationship manager follow-up,0,500,1225.0,1.45,Low ROI (0-10x)
137573,0.9011,1,1,0.1718,Critical,0.1548,5744.0,1723.0,1223.0,Basic,Relationship manager follow-up,0,500,1723.0,2.45,Low ROI (0-10x)
137576,0.9992,1,1,0.4328,Critical,0.4325,10090.0,3027.0,2527.0,Standard,Relationship manager follow-up,0,500,3027.0,5.05,Low ROI (0-10x)
137580,0.9995,1,1,0.1255,Critical,0.1254,3344.0,1003.0,503.0,Basic,Relationship manager follow-up,0,500,1003.0,1.01,Low ROI (0-10x)
137601,1.0,1,1,0.132,Critical,0.132,2109.0,633.0,133.0,Basic,Relationship manager follow-up,0,500,633.0,0.27,Low ROI (0-10x)
137604,0.9784,1,1,0.1092,Critical,0.1068,2148.0,644.0,144.0,Basic,Relationship manager follow-up,0,500,644.0,0.29,Low ROI (0-10x)
137605,0.9997,1,1,0.2646,Critical,0.2645,3736.0,1121.0,621.0,Standard,Relationship manager follow-up,0,500,1121.0,1.24,Low ROI (0-10x)
137610,0.9995,1,1,0.433,Critical,0.4328,17566.0,5270.0,4770.0,Standard,Relationship manager follow-up,0,500,5270.0,9.54,Low ROI (0-10x)
137627,0.8629,1,1,0.1878,Critical,0.1621,3116.0,935.0,435.0,Basic,Relationship manager follow-up,0,500,935.0,0.87,Low ROI (0-10x)
137628,0.9774,1,1,0.16,Critical,0.1564,1671.0,501.0,1.0,Basic,Relationship manager follow-up,0,500,501.0,0.0,Negative ROI
137629,0.9992,1,1,0.0782,Critical,0.0781,2389.0,717.0,217.0,Basic,Relationship manager follow-up,0,500,717.0,0.43,Low ROI (0-10x)
137633,0.9998,1,1,0.1518,Critical,0.1518,5585.0,1676.0,1176.0,Basic,Relationship manager follow-up,0,500,1676.0,2.35,Low ROI (0-10x)
137643,0.9874,1,1,0.2912,Critical,0.2875,6877.0,2063.0,1563.0,Standard,Relationship manager follow-up,0,500,2063.0,3.13,Low ROI (0-10x)
137653,0.9992,1,1,0.4737,Critical,0.4733,20741.0,6222.0,5722.0,Standard,Relationship manager follow-up,0,500,6222.0,11.44,Medium ROI (10-50x)
137663,1.0,1,1,0.1182,Critical,0.1182,1640.0,492.0,-8.0,Basic,Relationship manager follow-up,0,500,492.0,-0.02,Negative ROI
137672,1.0,1,1,0.2083,Critical,0.2083,12109.0,3633.0,3133.0,Basic,Relationship manager follow-up,0,500,3633.0,6.27,Low ROI (0-10x)
137676,1.0,1,1,0.1515,Critical,0.1515,5759.0,1728.0,1228.0,Basic,Relationship manager follow-up,0,500,1728.0,2.46,Low ROI (0-10x)
137677,0.9999,1,1,0.0992,Critical,0.0992,2712.0,814.0,314.0,Basic,Relationship manager follow-up,0,500,814.0,0.63,Low ROI (0-10x)
137686,0.9992,1,1,0.2438,Critical,0.2436,9104.0,2731.0,2231.0,Basic,Relationship manager follow-up,0,500,2731.0,4.46,Low ROI (0-10x)
137697,0.9996,1,1,0.2482,Critical,0.2481,4623.0,1387.0,887.0,Basic,Relationship manager follow-up,0,500,1387.0,1.77,Low ROI (0-10x)
137701,0.9417,1,1,0.2333,Critical,0.2197,5361.0,1608.0,1108.0,Basic,Relationship manager follow-up,0,500,1608.0,2.22,Low ROI (0-10x)
137702,0.9173,1,0,0.3232,Critical,0.2965,10520.0,3156.0,2656.0,Standard,Relationship manager follow-up,0,500,3156.0,5.31,Low ROI (0-10x)
137705,0.997,1,1,0.188,Critical,0.1874,3092.0,928.0,428.0,Basic,Relationship manager follow-up,0,500,928.0,0.86,Low ROI (0-10x)
137717,0.965,1,1,0.5763,Critical,0.5561,15250.0,4575.0,4075.0,Premium,Relationship manager follow-up,0,500,4575.0,8.15,Low ROI (0-10x)
137723,0.9985,1,1,0.3315,Critical,0.331,12110.0,3633.0,3133.0,Standard,Relationship manager follow-up,0,500,3633.0,6.27,Low ROI (0-10x)
137729,0.9999,1,1,0.1132,Critical,0.1132,2327.0,698.0,198.0,Basic,Relationship manager follow-up,0,500,698.0,0.4,Low ROI (0-10x)
137730,0.957,1,1,0.2125,Critical,0.2034,5825.0,1748.0,1248.0,Basic,Relationship manager follow-up,0,500,1748.0,2.5,Low ROI (0-10x)
137731,0.9772,1,1,0.4914,Critical,0.4802,18162.0,5449.0,4949.0,Standard,Relationship manager follow-up,0,500,5449.0,9.9,Low ROI (0-10x)
137741,0.6654,1,1,0.2397,High,0.1595,4287.0,1286.0,786.0,Basic,Relationship manager follow-up,0,500,1286.0,1.57,Low ROI (0-10x)
137749,0.9998,1,1,0.1418,Critical,0.1418,1984.0,595.0,95.0,Basic,Relationship manager follow-up,0,500,595.0,0.19,Low ROI (0-10x)
137754,0.9917,1,1,0.2128,Critical,0.211,4328.0,1298.0,798.0,Basic,Relationship manager follow-up,0,500,1298.0,1.6,Low ROI (0-10x)
137757,0.9867,1,1,0.3197,Critical,0.3154,7586.0,2276.0,1776.0,Standard,Relationship manager follow-up,0,500,2276.0,3.55,Low ROI (0-10x)
137766,0.9983,1,1,0.2168,Critical,0.2164,8554.0,2566.0,2066.0,Basic,Relationship manager follow-up,0,500,2566.0,4.13,Low ROI (0-10x)
137771,0.9996,1,1,0.1748,Critical,0.1747,4086.0,1226.0,726.0,Basic,Relationship manager follow-up,0,500,1226.0,1.45,Low ROI (0-10x)
137774,0.9999,1,1,0.1357,Critical,0.1357,6460.0,1938.0,1438.0,Basic,Relationship manager follow-up,0,500,1938.0,2.88,Low ROI (0-10x)
137779,0.9977,1,1,0.1102,Critical,0.1099,985.0,296.0,-204.0,Basic,Relationship manager follow-up,0,500,296.0,-0.41,Negative ROI
137784,1.0,1,1,0.1124,Critical,0.1124,3199.0,960.0,460.0,Basic,Relationship manager follow-up,0,500,960.0,0.92,Low ROI (0-10x)
137792,1.0,1,1,0.1881,Critical,0.1881,4950.0,1485.0,985.0,Basic,Relationship manager follow-up,0,500,1485.0,1.97,Low ROI (0-10x)
137797,0.9973,1,1,0.3174,Critical,0.3165,11197.0,3359.0,2859.0,Standard,Relationship manager follow-up,0,500,3359.0,5.72,Low ROI (0-10x)
137800,0.9998,1,1,0.1969,Critical,0.1969,3164.0,949.0,449.0,Basic,Relationship manager follow-up,0,500,949.0,0.9,Low ROI (0-10x)
137802,0.1308,1,0,0.593,Low,0.0776,2680.0,804.0,304.0,Premium,Relationship manager follow-up,0,500,804.0,0.61,Low ROI (0-10x)
137811,0.1166,1,0,0.2625,Low,0.0306,1179.0,354.0,-146.0,Standard,Relationship manager follow-up,0,500,354.0,-0.29,Negative ROI
137822,0.9957,1,1,0.1939,Critical,0.1931,3281.0,984.0,484.0,Basic,Relationship manager follow-up,0,500,984.0,0.97,Low ROI (0-10x)
137829,0.9998,1,1,0.1935,Critical,0.1935,4412.0,1324.0,824.0,Basic,Relationship manager follow-up,0,500,1324.0,1.65,Low ROI (0-10x)
137841,0.9579,1,1,0.1524,Critical,0.146,6287.0,1886.0,1386.0,Basic,Relationship manager follow-up,0,500,1886.0,2.77,Low ROI (0-10x)
137858,1.0,1,1,0.0987,Critical,0.0987,2963.0,889.0,389.0,Basic,Relationship manager follow-up,0,500,889.0,0.78,Low ROI (0-10x)
137860,1.0,1,1,0.1849,Critical,0.1849,3537.0,1061.0,561.0,Basic,Relationship manager follow-up,0,500,1061.0,1.12,Low ROI (0-10x)
137861,0.9995,1,1,0.2888,Critical,0.2887,9107.0,2732.0,2232.0,Standard,Relationship manager follow-up,0,500,2732.0,4.46,Low ROI (0-10x)
137871,1.0,1,1,0.2956,Critical,0.2956,5631.0,1689.0,1189.0,Standard,Relationship manager follow-up,0,500,1689.0,2.38,Low ROI (0-10x)
137874,0.998,1,1,0.1387,Critical,0.1384,2318.0,695.0,195.0,Basic,Relationship manager follow-up,0,500,695.0,0.39,Low ROI (0-10x)
137875,0.9968,1,1,0.1438,Critical,0.1433,2396.0,719.0,219.0,Basic,Relationship manager follow-up,0,500,719.0,0.44,Low ROI (0-10x)
137880,0.9998,1,1,0.2356,Critical,0.2356,11817.0,3545.0,3045.0,Basic,Relationship manager follow-up,0,500,3545.0,6.09,Low ROI (0-10x)
137889,0.9996,1,1,0.1377,Critical,0.1376,2638.0,791.0,291.0,Basic,Relationship manager follow-up,0,500,791.0,0.58,Low ROI (0-10x)
137893,0.2208,1,0,0.2202,Low,0.0486,2037.0,611.0,111.0,Basic,Relationship manager follow-up,0,500,611.0,0.22,Low ROI (0-10x)
137900,0.9999,1,1,0.1349,Critical,0.1349,3889.0,1167.0,667.0,Basic,Relationship manager follow-up,0,500,1167.0,1.33,Low ROI (0-10x)
137911,0.9999,1,1,0.1697,Critical,0.1697,4525.0,1358.0,858.0,Basic,Relationship manager follow-up,0,500,1358.0,1.72,Low ROI (0-10x)
137924,0.9999,1,1,0.4198,Critical,0.4198,13913.0,4174.0,3674.0,Standard,Relationship manager follow-up,0,500,4174.0,7.35,Low ROI (0-10x)
137931,0.1684,1,1,0.2269,Low,0.0382,854.0,256.0,-244.0,Basic,Relationship manager follow-up,0,500,256.0,-0.49,Negative ROI
137935,1.0,1,1,0.0474,Critical,0.0474,3082.0,925.0,425.0,Basic,Relationship manager follow-up,0,500,925.0,0.85,Low ROI (0-10x)
137938,0.9998,1,1,0.2475,Critical,0.2475,8557.0,2567.0,2067.0,Basic,Relationship manager follow-up,0,500,2567.0,4.13,Low ROI (0-10x)
137948,0.6976,1,1,0.3175,High,0.2215,8517.0,2555.0,2055.0,Standard,Relationship manager follow-up,0,500,2555.0,4.11,Low ROI (0-10x)
137956,0.9999,1,1,0.2029,Critical,0.2029,4436.0,1331.0,831.0,Basic,Relationship manager follow-up,0,500,1331.0,1.66,Low ROI (0-10x)
137963,0.9604,1,1,0.4136,Critical,0.3972,18215.0,5464.0,4964.0,Standard,Relationship manager follow-up,0,500,5464.0,9.93,Low ROI (0-10x)
137969,0.9997,1,1,0.273,Critical,0.2729,8211.0,2463.0,1963.0,Standard,Relationship manager follow-up,0,500,2463.0,3.93,Low ROI (0-10x)
138000,0.9998,1,1,0.2641,Critical,0.264,5039.0,1512.0,1012.0,Standard,Relationship manager follow-up,0,500,1512.0,2.02,Low ROI (0-10x)
138002,0.9294,1,1,0.1657,Critical,0.154,3875.0,1162.0,662.0,Basic,Relationship manager follow-up,0,500,1162.0,1.32,Low ROI (0-10x)
138007,0.9997,1,1,0.2571,Critical,0.257,11361.0,3408.0,2908.0,Standard,Relationship manager follow-up,0,500,3408.0,5.82,Low ROI (0-10x)
138013,1.0,1,1,0.452,Critical,0.452,17417.0,5225.0,4725.0,Standard,Relationship manager follow-up,0,500,5225.0,9.45,Low ROI (0-10x)
138032,0.172,1,0,0.2965,Low,0.051,1858.0,557.0,57.0,Standard,Relationship manager follow-up,0,500,557.0,0.11,Low ROI (0-10x)
138043,0.9954,1,1,0.548,Critical,0.5455,27321.0,8196.0,7696.0,Premium,Relationship manager follow-up,0,500,8196.0,15.39,Medium ROI (10-50x)
138052,1.0,1,1,0.0912,Critical,0.0912,1652.0,496.0,-4.0,Basic,Relationship manager follow-up,0,500,496.0,-0.01,Negative ROI
138054,0.9999,1,1,0.1508,Critical,0.1508,2372.0,712.0,212.0,Basic,Relationship manager follow-up,0,500,712.0,0.42,Low ROI (0-10x)
138058,0.7889,1,1,0.3359,Critical,0.265,10629.0,3189.0,2689.0,Standard,Relationship manager follow-up,0,500,3189.0,5.38,Low ROI (0-10x)
138059,1.0,1,1,0.261,Critical,0.261,6298.0,1889.0,1389.0,Standard,Relationship manager follow-up,0,500,1889.0,2.78,Low ROI (0-10x)
138066,1.0,1,1,0.1047,Critical,0.1047,3618.0,1085.0,585.0,Basic,Relationship manager follow-up,0,500,1085.0,1.17,Low ROI (0-10x)
138068,0.9666,1,1,0.626,Critical,0.6051,28776.0,8633.0,8133.0,Premium,Relationship manager follow-up,0,500,8633.0,16.27,Medium ROI (10-50x)
138087,1.0,1,1,0.5727,Critical,0.5727,24109.0,7233.0,6733.0,Premium,Relationship manager follow-up,0,500,7233.0,13.47,Medium ROI (10-50x)
138090,1.0,1,1,0.1085,Critical,0.1085,4563.0,1369.0,869.0,Basic,Relationship manager follow-up,0,500,1369.0,1.74,Low ROI (0-10x)
138096,0.9992,1,1,0.2391,Critical,0.2389,7725.0,2318.0,1818.0,Basic,Relationship manager follow-up,0,500,2318.0,3.64,Low ROI (0-10x)
138103,1.0,1,1,0.2961,Critical,0.2961,8650.0,2595.0,2095.0,Standard,Relationship manager follow-up,0,500,2595.0,4.19,Low ROI (0-10x)
138105,0.9994,1,1,0.1536,Critical,0.1535,2288.0,686.0,186.0,Basic,Relationship manager follow-up,0,500,686.0,0.37,Low ROI (0-10x)
138118,0.9985,1,1,0.5182,Critical,0.5174,16377.0,4913.0,4413.0,Premium,Relationship manager follow-up,0,500,4913.0,8.83,Low ROI (0-10x)
138120,0.9725,1,1,0.4529,Critical,0.4404,19793.0,5938.0,5438.0,Standard,Relationship manager follow-up,0,500,5938.0,10.88,Medium ROI (10-50x)
138132,0.9628,1,1,0.5015,Critical,0.4828,15865.0,4760.0,4260.0,Premium,Relationship manager follow-up,0,500,4760.0,8.52,Low ROI (0-10x)
138137,0.9999,1,1,0.1608,Critical,0.1608,2507.0,752.0,252.0,Basic,Relationship manager follow-up,0,500,752.0,0.5,Low ROI (0-10x)
138144,0.9841,1,1,0.2685,Critical,0.2642,9413.0,2824.0,2324.0,Standard,Relationship manager follow-up,0,500,2824.0,4.65,Low ROI (0-10x)
138152,0.9591,1,0,0.1204,Critical,0.1155,3877.0,1163.0,663.0,Basic,Relationship manager follow-up,0,500,1163.0,1.33,Low ROI (0-10x)
138154,0.9956,1,1,0.1863,Critical,0.1855,6245.0,1874.0,1374.0,Basic,Relationship manager follow-up,0,500,1874.0,2.75,Low ROI (0-10x)
138158,0.9999,1,1,0.1159,Critical,0.1159,2886.0,866.0,366.0,Basic,Relationship manager follow-up,0,500,866.0,0.73,Low ROI (0-10x)
138162,0.12,1,0,0.3618,Low,0.0434,1746.0,524.0,24.0,Standard,Relationship manager follow-up,0,500,524.0,0.05,Low ROI (0-10x)
138164,0.9979,1,1,0.1405,Critical,0.1402,3832.0,1150.0,650.0,Basic,Relationship manager follow-up,0,500,1150.0,1.3,Low ROI (0-10x)
138165,1.0,1,1,0.2712,Critical,0.2712,11164.0,3349.0,2849.0,Standard,Relationship manager follow-up,0,500,3349.0,5.7,Low ROI (0-10x)
138168,1.0,1,1,0.0317,Critical,0.0317,1095.0,328.0,-172.0,Basic,Relationship manager follow-up,0,500,328.0,-0.34,Negative ROI
138175,0.1544,1,0,0.1918,Low,0.0296,966.0,290.0,-210.0,Basic,Relationship manager follow-up,0,500,290.0,-0.42,Negative ROI
138179,1.0,1,1,0.3141,Critical,0.3141,10172.0,3052.0,2552.0,Standard,Relationship manager follow-up,0,500,3052.0,5.1,Low ROI (0-10x)
138181,0.9209,1,1,0.1108,Critical,0.102,2843.0,853.0,353.0,Basic,Relationship manager follow-up,0,500,853.0,0.71,Low ROI (0-10x)
138190,1.0,1,1,0.1989,Critical,0.1989,5870.0,1761.0,1261.0,Basic,Relationship manager follow-up,0,500,1761.0,2.52,Low ROI (0-10x)
138207,0.9943,1,1,0.1896,Critical,0.1885,5636.0,1691.0,1191.0,Basic,Relationship manager follow-up,0,500,1691.0,2.38,Low ROI (0-10x)
138221,0.9815,1,1,0.5704,Critical,0.5598,15322.0,4597.0,4097.0,Premium,Relationship manager follow-up,0,500,4597.0,8.19,Low ROI (0-10x)
138225,1.0,1,1,0.08,Critical,0.08,1569.0,471.0,-29.0,Basic,Relationship manager follow-up,0,500,471.0,-0.06,Negative ROI
138226,0.991,1,1,0.8409,Critical,0.8333,36290.0,10887.0,10387.0,Elite,Relationship manager follow-up,0,500,10887.0,20.77,Medium ROI (10-50x)
138229,1.0,1,1,0.3551,Critical,0.3551,7333.0,2200.0,1700.0,Standard,Relationship manager follow-up,0,500,2200.0,3.4,Low ROI (0-10x)
138233,0.9877,1,1,0.2401,Critical,0.2371,4309.0,1293.0,793.0,Basic,Relationship manager follow-up,0,500,1293.0,1.59,Low ROI (0-10x)
138235,0.9998,1,1,0.5586,Critical,0.5585,24075.0,7222.0,6722.0,Premium,Relationship manager follow-up,0,500,7222.0,13.44,Medium ROI (10-50x)
138236,0.9999,1,1,0.2833,Critical,0.2833,6978.0,2093.0,1593.0,Standard,Relationship manager follow-up,0,500,2093.0,3.19,Low ROI (0-10x)
138237,1.0,1,1,0.168,Critical,0.168,6593.0,1978.0,1478.0,Basic,Relationship manager follow-up,0,500,1978.0,2.96,Low ROI (0-10x)
138239,0.9998,1,1,0.0987,Critical,0.0987,2552.0,766.0,266.0,Basic,Relationship manager follow-up,0,500,766.0,0.53,Low ROI (0-10x)
138243,1.0,1,1,0.1834,Critical,0.1834,3176.0,953.0,453.0,Basic,Relationship manager follow-up,0,500,953.0,0.91,Low ROI (0-10x)
138248,1.0,1,1,0.1369,Critical,0.1369,2971.0,891.0,391.0,Basic,Relationship manager follow-up,0,500,891.0,0.78,Low ROI (0-10x)
138249,1.0,1,1,0.0864,Critical,0.0864,5030.0,1509.0,1009.0,Basic,Relationship manager follow-up,0,500,1509.0,2.02,Low ROI (0-10x)
138269,0.3376,1,0,0.1568,Low,0.0529,1121.0,336.0,-164.0,Basic,Relationship manager follow-up,0,500,336.0,-0.33,Negative ROI
138270,1.0,1,1,0.202,Critical,0.202,3761.0,1128.0,628.0,Basic,Relationship manager follow-up,0,500,1128.0,1.26,Low ROI (0-10x)
138280,0.9986,1,1,0.1884,Critical,0.1881,6965.0,2090.0,1590.0,Basic,Relationship manager follow-up,0,500,2090.0,3.18,Low ROI (0-10x)
138287,0.9992,1,1,0.1953,Critical,0.1951,7913.0,2374.0,1874.0,Basic,Relationship manager follow-up,0,500,2374.0,3.75,Low ROI (0-10x)
138296,1.0,1,1,0.2798,Critical,0.2798,5838.0,1751.0,1251.0,Standard,Relationship manager follow-up,0,500,1751.0,2.5,Low ROI (0-10x)
138300,0.6579,1,1,0.1736,High,0.1142,2514.0,754.0,254.0,Basic,Relationship manager follow-up,0,500,754.0,0.51,Low ROI (0-10x)
138320,1.0,1,1,0.0729,Critical,0.0729,3388.0,1016.0,516.0,Basic,Relationship manager follow-up,0,500,1016.0,1.03,Low ROI (0-10x)
138321,0.9557,1,1,0.0616,Critical,0.0589,1215.0,364.0,-136.0,Basic,Relationship manager follow-up,0,500,364.0,-0.27,Negative ROI
138333,0.9049,1,1,0.1777,Critical,0.1608,4655.0,1396.0,896.0,Basic,Relationship manager follow-up,0,500,1396.0,1.79,Low ROI (0-10x)
138339,0.9986,1,1,0.2518,Critical,0.2514,8015.0,2404.0,1904.0,Standard,Relationship manager follow-up,0,500,2404.0,3.81,Low ROI (0-10x)
138340,0.9943,1,1,0.4364,Critical,0.4339,10814.0,3244.0,2744.0,Standard,Relationship manager follow-up,0,500,3244.0,5.49,Low ROI (0-10x)
138341,0.9999,1,1,0.165,Critical,0.165,3508.0,1052.0,552.0,Basic,Relationship manager follow-up,0,500,1052.0,1.1,Low ROI (0-10x)
138345,1.0,1,1,0.242,Critical,0.242,6309.0,1893.0,1393.0,Basic,Relationship manager follow-up,0,500,1893.0,2.79,Low ROI (0-10x)
138348,1.0,1,1,0.2733,Critical,0.2733,6665.0,2000.0,1500.0,Standard,Relationship manager follow-up,0,500,2000.0,3.0,Low ROI (0-10x)
138349,0.9998,1,1,0.1476,Critical,0.1476,2021.0,606.0,106.0,Basic,Relationship manager follow-up,0,500,606.0,0.21,Low ROI (0-10x)
138351,0.9962,1,1,0.0966,Critical,0.0962,1515.0,454.0,-46.0,Basic,Relationship manager follow-up,0,500,454.0,-0.09,Negative ROI
138360,0.9997,1,1,0.1687,Critical,0.1686,3143.0,943.0,443.0,Basic,Relationship manager follow-up,0,500,943.0,0.89,Low ROI (0-10x)
138362,0.9905,1,1,0.2542,Critical,0.2518,9395.0,2818.0,2318.0,Standard,Relationship manager follow-up,0,500,2818.0,4.64,Low ROI (0-10x)
138365,0.9991,1,1,0.1461,Critical,0.146,5067.0,1520.0,1020.0,Basic,Relationship manager follow-up,0,500,1520.0,2.04,Low ROI (0-10x)
138368,1.0,1,1,0.3167,Critical,0.3167,7218.0,2165.0,1665.0,Standard,Relationship manager follow-up,0,500,2165.0,3.33,Low ROI (0-10x)
138371,1.0,1,1,0.0598,Critical,0.0598,2845.0,854.0,354.0,Basic,Relationship manager follow-up,0,500,854.0,0.71,Low ROI (0-10x)
138375,0.9988,1,1,0.1279,Critical,0.1277,3032.0,910.0,410.0,Basic,Relationship manager follow-up,0,500,910.0,0.82,Low ROI (0-10x)
138376,0.9564,1,1,0.2766,Critical,0.2645,9783.0,2935.0,2435.0,Standard,Relationship manager follow-up,0,500,2935.0,4.87,Low ROI (0-10x)
138377,1.0,1,1,0.3931,Critical,0.3931,11920.0,3576.0,3076.0,Standard,Relationship manager follow-up,0,500,3576.0,6.15,Low ROI (0-10x)
138385,0.9403,1,1,0.2023,Critical,0.1902,7620.0,2286.0,1786.0,Basic,Relationship manager follow-up,0,500,2286.0,3.57,Low ROI (0-10x)
138389,0.9996,1,1,0.1869,Critical,0.1868,5090.0,1527.0,1027.0,Basic,Relationship manager follow-up,0,500,1527.0,2.05,Low ROI (0-10x)
138393,0.1621,1,0,0.1527,Low,0.0248,274.0,82.0,-418.0,Basic,Relationship manager follow-up,0,500,82.0,-0.84,Negative ROI
138396,0.9994,1,1,0.484,Critical,0.4837,14525.0,4358.0,3858.0,Standard,Relationship manager follow-up,0,500,4358.0,7.72,Low ROI (0-10x)
138397,0.9849,1,1,0.6055,Critical,0.5964,18983.0,5695.0,5195.0,Premium,Relationship manager follow-up,0,500,5695.0,10.39,Medium ROI (10-50x)
138400,1.0,1,1,0.1269,Critical,0.1269,4082.0,1225.0,725.0,Basic,Relationship manager follow-up,0,500,1225.0,1.45,Low ROI (0-10x)
138415,0.9861,1,1,0.3476,Critical,0.3428,14550.0,4365.0,3865.0,Standard,Relationship manager follow-up,0,500,4365.0,7.73,Low ROI (0-10x)
138420,0.9985,1,1,0.1781,Critical,0.1778,5059.0,1518.0,1018.0,Basic,Relationship manager follow-up,0,500,1518.0,2.04,Low ROI (0-10x)
138429,0.9999,1,1,0.081,Critical,0.081,3688.0,1106.0,606.0,Basic,Relationship manager follow-up,0,500,1106.0,1.21,Low ROI (0-10x)
138431,0.9992,1,1,0.2006,Critical,0.2004,3033.0,910.0,410.0,Basic,Relationship manager follow-up,0,500,910.0,0.82,Low ROI (0-10x)
138438,0.1412,1,0,0.7288,Low,0.1029,5171.0,1551.0,1051.0,Premium,Relationship manager follow-up,0,500,1551.0,2.1,Low ROI (0-10x)
138444,0.9662,1,1,0.2307,Critical,0.2229,8575.0,2572.0,2072.0,Basic,Relationship manager follow-up,0,500,2572.0,4.14,Low ROI (0-10x)
138446,0.9991,1,1,0.1459,Critical,0.1458,2604.0,781.0,281.0,Basic,Relationship manager follow-up,0,500,781.0,0.56,Low ROI (0-10x)
138451,0.9979,1,1,0.2267,Critical,0.2262,7805.0,2342.0,1842.0,Basic,Relationship manager follow-up,0,500,2342.0,3.68,Low ROI (0-10x)
138452,1.0,1,1,0.2916,Critical,0.2916,10009.0,3003.0,2503.0,Standard,Relationship manager follow-up,0,500,3003.0,5.01,Low ROI (0-10x)
138491,1.0,1,1,0.204,Critical,0.204,3695.0,1108.0,608.0,Basic,Relationship manager follow-up,0,500,1108.0,1.22,Low ROI (0-10x)
138493,0.9979,1,1,0.131,Critical,0.1307,1562.0,469.0,-31.0,Basic,Relationship manager follow-up,0,500,469.0,-0.06,Negative ROI
138500,1.0,1,1,0.0932,Critical,0.0932,3495.0,1048.0,548.0,Basic,Relationship manager follow-up,0,500,1048.0,1.1,Low ROI (0-10x)
138503,0.9998,1,1,0.1177,Critical,0.1177,4883.0,1465.0,965.0,Basic,Relationship manager follow-up,0,500,1465.0,1.93,Low ROI (0-10x)
138507,0.9965,1,1,0.1045,Critical,0.1041,3050.0,915.0,415.0,Basic,Relationship manager follow-up,0,500,915.0,0.83,Low ROI (0-10x)
138509,0.995,1,1,0.1374,Critical,0.1367,2311.0,693.0,193.0,Basic,Relationship manager follow-up,0,500,693.0,0.39,Low ROI (0-10x)
138511,0.9828,1,1,0.1795,Critical,0.1764,1787.0,536.0,36.0,Basic,Relationship manager follow-up,0,500,536.0,0.07,Low ROI (0-10x)
138512,0.4613,1,1,0.2012,Medium,0.0928,3049.0,915.0,415.0,Basic,Relationship manager follow-up,0,500,915.0,0.83,Low ROI (0-10x)
138516,0.2693,1,0,0.2538,Low,0.0683,1849.0,555.0,55.0,Standard,Relationship manager follow-up,0,500,555.0,0.11,Low ROI (0-10x)
138537,0.9997,1,1,0.2103,Critical,0.2102,10139.0,3042.0,2542.0,Basic,Relationship manager follow-up,0,500,3042.0,5.08,Low ROI (0-10x)
138544,0.9997,1,1,0.205,Critical,0.2049,9328.0,2798.0,2298.0,Basic,Relationship manager follow-up,0,500,2798.0,4.6,Low ROI (0-10x)
138560,0.9999,1,1,0.2854,Critical,0.2854,4592.0,1378.0,878.0,Standard,Relationship manager follow-up,0,500,1378.0,1.76,Low ROI (0-10x)
138566,0.8995,1,1,0.5563,Critical,0.5004,25449.0,7635.0,7135.0,Premium,Relationship manager follow-up,0,500,7635.0,14.27,Medium ROI (10-50x)
138571,1.0,1,1,0.1551,Critical,0.1551,5132.0,1540.0,1040.0,Basic,Relationship manager follow-up,0,500,1540.0,2.08,Low ROI (0-10x)
138584,0.2298,1,0,0.5425,Low,0.1247,5837.0,1751.0,1251.0,Premium,Relationship manager follow-up,0,500,1751.0,2.5,Low ROI (0-10x)
138585,1.0,1,1,0.3061,Critical,0.3061,10916.0,3275.0,2775.0,Standard,Relationship manager follow-up,0,500,3275.0,5.55,Low ROI (0-10x)
138590,1.0,1,1,0.2481,Critical,0.2481,5709.0,1713.0,1213.0,Basic,Relationship manager follow-up,0,500,1713.0,2.43,Low ROI (0-10x)
138593,0.998,1,1,0.3501,Critical,0.3494,15205.0,4562.0,4062.0,Standard,Relationship manager follow-up,0,500,4562.0,8.12,Low ROI (0-10x)
138598,0.2023,1,0,0.4987,Low,0.1009,2830.0,849.0,349.0,Standard,Relationship manager follow-up,0,500,849.0,0.7,Low ROI (0-10x)
138638,0.9683,1,1,0.1635,Critical,0.1583,1488.0,446.0,-54.0,Basic,Relationship manager follow-up,0,500,446.0,-0.11,Negative ROI
138645,0.9999,1,1,0.4293,Critical,0.4293,14983.0,4495.0,3995.0,Standard,Relationship manager follow-up,0,500,4495.0,7.99,Low ROI (0-10x)
138646,0.9999,1,1,0.1262,Critical,0.1262,3155.0,946.0,446.0,Basic,Relationship manager follow-up,0,500,946.0,0.89,Low ROI (0-10x)
138647,0.9998,1,1,0.0755,Critical,0.0755,2951.0,885.0,385.0,Basic,Relationship manager follow-up,0,500,885.0,0.77,Low ROI (0-10x)
138649,0.9996,1,1,0.112,Critical,0.112,1057.0,317.0,-183.0,Basic,Relationship manager follow-up,0,500,317.0,-0.37,Negative ROI
138650,0.9997,1,1,0.1343,Critical,0.1343,5812.0,1744.0,1244.0,Basic,Relationship manager follow-up,0,500,1744.0,2.49,Low ROI (0-10x)
138657,0.4835,1,0,0.2379,Medium,0.115,3848.0,1154.0,654.0,Basic,Relationship manager follow-up,0,500,1154.0,1.31,Low ROI (0-10x)
138658,1.0,1,1,0.2022,Critical,0.2022,4651.0,1395.0,895.0,Basic,Relationship manager follow-up,0,500,1395.0,1.79,Low ROI (0-10x)
138659,0.2831,1,0,0.3454,Low,0.0978,4561.0,1368.0,868.0,Standard,Relationship manager follow-up,0,500,1368.0,1.74,Low ROI (0-10x)
138663,0.9994,1,1,0.1416,Critical,0.1415,1972.0,592.0,92.0,Basic,Relationship manager follow-up,0,500,592.0,0.18,Low ROI (0-10x)
138664,1.0,1,1,0.0763,Critical,0.0763,2007.0,602.0,102.0,Basic,Relationship manager follow-up,0,500,602.0,0.2,Low ROI (0-10x)
138670,0.9943,1,1,0.287,Critical,0.2854,8270.0,2481.0,1981.0,Standard,Relationship manager follow-up,0,500,2481.0,3.96,Low ROI (0-10x)
138672,1.0,1,1,0.0932,Critical,0.0932,1458.0,437.0,-63.0,Basic,Relationship manager follow-up,0,500,437.0,-0.13,Negative ROI
138675,0.9995,1,1,0.269,Critical,0.2689,8600.0,2580.0,2080.0,Standard,Relationship manager follow-up,0,500,2580.0,4.16,Low ROI (0-10x)
138680,1.0,1,1,0.2652,Critical,0.2652,4774.0,1432.0,932.0,Standard,Relationship manager follow-up,0,500,1432.0,1.86,Low ROI (0-10x)
138690,0.9936,1,1,0.0472,Critical,0.0469,2424.0,727.0,227.0,Basic,Relationship manager follow-up,0,500,727.0,0.45,Low ROI (0-10x)
138691,0.9955,1,1,0.2584,Critical,0.2572,7135.0,2140.0,1640.0,Standard,Relationship manager follow-up,0,500,2140.0,3.28,Low ROI (0-10x)
138697,0.9974,1,1,0.1514,Critical,0.151,3765.0,1130.0,630.0,Basic,Relationship manager follow-up,0,500,1130.0,1.26,Low ROI (0-10x)
138698,1.0,1,1,0.2662,Critical,0.2662,5789.0,1737.0,1237.0,Standard,Relationship manager follow-up,0,500,1737.0,2.47,Low ROI (0-10x)
138701,0.9944,1,1,0.4451,Critical,0.4426,18387.0,5516.0,5016.0,Standard,Relationship manager follow-up,0,500,5516.0,10.03,Medium ROI (10-50x)
138705,1.0,1,1,0.0991,Critical,0.0991,2063.0,619.0,119.0,Basic,Relationship manager follow-up,0,500,619.0,0.24,Low ROI (0-10x)
138708,0.9999,1,1,0.0789,Critical,0.0789,3101.0,930.0,430.0,Basic,Relationship manager follow-up,0,500,930.0,0.86,Low ROI (0-10x)
138712,1.0,1,1,0.3345,Critical,0.3345,6541.0,1962.0,1462.0,Standard,Relationship manager follow-up,0,500,1962.0,2.92,Low ROI (0-10x)
138713,0.9999,1,1,0.068,Critical,0.068,1368.0,410.0,-90.0,Basic,Relationship manager follow-up,0,500,410.0,-0.18,Negative ROI
138717,1.0,1,1,0.1,Critical,0.1,3071.0,921.0,421.0,Basic,Relationship manager follow-up,0,500,921.0,0.84,Low ROI (0-10x)
138720,1.0,1,1,0.1479,Critical,0.1479,2518.0,755.0,255.0,Basic,Relationship manager follow-up,0,500,755.0,0.51,Low ROI (0-10x)
138722,0.9652,1,1,0.3244,Critical,0.3131,5107.0,1532.0,1032.0,Standard,Relationship manager follow-up,0,500,1532.0,2.06,Low ROI (0-10x)
138723,0.9994,1,1,0.227,Critical,0.2269,7295.0,2188.0,1688.0,Basic,Relationship manager follow-up,0,500,2188.0,3.38,Low ROI (0-10x)
138726,0.9999,1,1,0.1943,Critical,0.1943,4645.0,1394.0,894.0,Basic,Relationship manager follow-up,0,500,1394.0,1.79,Low ROI (0-10x)
138730,0.8839,1,1,0.7348,Critical,0.6495,24141.0,7242.0,6742.0,Premium,Relationship manager follow-up,0,500,7242.0,13.48,Medium ROI (10-50x)
138732,1.0,1,1,0.0509,Critical,0.0509,3553.0,1066.0,566.0,Basic,Relationship manager follow-up,0,500,1066.0,1.13,Low ROI (0-10x)
138733,1.0,1,1,0.1039,Critical,0.1039,1794.0,538.0,38.0,Basic,Relationship manager follow-up,0,500,538.0,0.08,Low ROI (0-10x)
138738,0.9997,1,1,0.3286,Critical,0.3285,10742.0,3223.0,2723.0,Standard,Relationship manager follow-up,0,500,3223.0,5.45,Low ROI (0-10x)
138743,0.9996,1,1,0.4798,Critical,0.4796,9301.0,2790.0,2290.0,Standard,Relationship manager follow-up,0,500,2790.0,4.58,Low ROI (0-10x)
138744,0.9999,1,1,0.2028,Critical,0.2028,5761.0,1728.0,1228.0,Basic,Relationship manager follow-up,0,500,1728.0,2.46,Low ROI (0-10x)
138746,0.7843,1,1,0.7882,Critical,0.6182,25845.0,7754.0,7254.0,Elite,Relationship manager follow-up,0,500,7754.0,14.51,Medium ROI (10-50x)
138752,0.9945,1,1,0.1334,Critical,0.1327,3120.0,936.0,436.0,Basic,Relationship manager follow-up,0,500,936.0,0.87,Low ROI (0-10x)
138753,1.0,1,1,0.0198,Critical,0.0198,1254.0,376.0,-124.0,Basic,Relationship manager follow-up,0,500,376.0,-0.25,Negative ROI
138756,0.9998,1,1,0.4039,Critical,0.4038,13257.0,3977.0,3477.0,Standard,Relationship manager follow-up,0,500,3977.0,6.95,Low ROI (0-10x)
138761,0.9993,1,1,0.6361,Critical,0.6357,30406.0,9122.0,8622.0,Premium,Relationship manager follow-up,0,500,9122.0,17.24,Medium ROI (10-50x)
138764,0.999,1,1,0.1376,Critical,0.1375,3035.0,910.0,410.0,Basic,Relationship manager follow-up,0,500,910.0,0.82,Low ROI (0-10x)
138766,1.0,1,1,0.1396,Critical,0.1396,5997.0,1799.0,1299.0,Basic,Relationship manager follow-up,0,500,1799.0,2.6,Low ROI (0-10x)
138789,0.9994,1,1,0.4221,Critical,0.4218,13023.0,3907.0,3407.0,Standard,Relationship manager follow-up,0,500,3907.0,6.81,Low ROI (0-10x)
138802,0.9996,1,1,0.3497,Critical,0.3496,13285.0,3986.0,3486.0,Standard,Relationship manager follow-up,0,500,3986.0,6.97,Low ROI (0-10x)
138815,1.0,1,1,0.0832,Critical,0.0832,2857.0,857.0,357.0,Basic,Relationship manager follow-up,0,500,857.0,0.71,Low ROI (0-10x)
138816,0.4225,1,0,0.268,Medium,0.1132,5184.0,1555.0,1055.0,Standard,Relationship manager follow-up,0,500,1555.0,2.11,Low ROI (0-10x)
138817,0.9998,1,1,0.0896,Critical,0.0896,3032.0,910.0,410.0,Basic,Relationship manager follow-up,0,500,910.0,0.82,Low ROI (0-10x)
138819,0.9629,1,1,0.1755,Critical,0.169,3742.0,1123.0,623.0,Basic,Relationship manager follow-up,0,500,1123.0,1.25,Low ROI (0-10x)
138848,0.9986,1,1,0.108,Critical,0.1078,3664.0,1099.0,599.0,Basic,Relationship manager follow-up,0,500,1099.0,1.2,Low ROI (0-10x)
138858,0.9999,1,1,0.1307,Critical,0.1307,6153.0,1846.0,1346.0,Basic,Relationship manager follow-up,0,500,1846.0,2.69,Low ROI (0-10x)
138859,0.9986,1,1,0.2201,Critical,0.2198,5241.0,1572.0,1072.0,Basic,Relationship manager follow-up,0,500,1572.0,2.14,Low ROI (0-10x)
138864,0.9998,1,1,0.0658,Critical,0.0658,2171.0,651.0,151.0,Basic,Relationship manager follow-up,0,500,651.0,0.3,Low ROI (0-10x)
138866,0.5769,1,1,0.2267,High,0.1308,4637.0,1391.0,891.0,Basic,Relationship manager follow-up,0,500,1391.0,1.78,Low ROI (0-10x)
138870,1.0,1,1,0.231,Critical,0.231,3651.0,1095.0,595.0,Basic,Relationship manager follow-up,0,500,1095.0,1.19,Low ROI (0-10x)
138875,0.9999,1,1,0.2063,Critical,0.2063,3927.0,1178.0,678.0,Basic,Relationship manager follow-up,0,500,1178.0,1.36,Low ROI (0-10x)
138877,1.0,1,1,0.2336,Critical,0.2336,4308.0,1292.0,792.0,Basic,Relationship manager follow-up,0,500,1292.0,1.58,Low ROI (0-10x)
138878,0.9997,1,1,0.0768,Critical,0.0768,4464.0,1339.0,839.0,Basic,Relationship manager follow-up,0,500,1339.0,1.68,Low ROI (0-10x)
138881,0.9996,1,1,0.3789,Critical,0.3787,16793.0,5038.0,4538.0,Standard,Relationship manager follow-up,0,500,5038.0,9.08,Low ROI (0-10x)
138883,0.9967,1,1,0.1662,Critical,0.1657,4719.0,1416.0,916.0,Basic,Relationship manager follow-up,0,500,1416.0,1.83,Low ROI (0-10x)
138886,0.9952,1,1,0.1,Critical,0.0995,4595.0,1378.0,878.0,Basic,Relationship manager follow-up,0,500,1378.0,1.76,Low ROI (0-10x)
138897,0.9982,1,1,0.3505,Critical,0.3499,18130.0,5439.0,4939.0,Standard,Relationship manager follow-up,0,500,5439.0,9.88,Low ROI (0-10x)
138901,0.9968,1,1,0.2264,Critical,0.2257,3651.0,1095.0,595.0,Basic,Relationship manager follow-up,0,500,1095.0,1.19,Low ROI (0-10x)
138907,0.9984,1,1,0.324,Critical,0.3235,8134.0,2440.0,1940.0,Standard,Relationship manager follow-up,0,500,2440.0,3.88,Low ROI (0-10x)
138908,0.9976,1,1,0.4059,Critical,0.4049,12517.0,3755.0,3255.0,Standard,Relationship manager follow-up,0,500,3755.0,6.51,Low ROI (0-10x)
138918,1.0,1,1,0.0929,Critical,0.0929,1850.0,555.0,55.0,Basic,Relationship manager follow-up,0,500,555.0,0.11,Low ROI (0-10x)
138922,0.9966,1,1,0.1517,Critical,0.1512,3462.0,1039.0,539.0,Basic,Relationship manager follow-up,0,500,1039.0,1.08,Low ROI (0-10x)
138931,0.9999,1,1,0.0925,Critical,0.0925,2428.0,728.0,228.0,Basic,Relationship manager follow-up,0,500,728.0,0.46,Low ROI (0-10x)
138940,0.9707,1,1,0.1122,Critical,0.1089,1710.0,513.0,13.0,Basic,Relationship manager follow-up,0,500,513.0,0.03,Low ROI (0-10x)
138957,0.5872,1,0,0.1968,High,0.1156,4601.0,1380.0,880.0,Basic,Relationship manager follow-up,0,500,1380.0,1.76,Low ROI (0-10x)
138959,0.9994,1,1,0.1258,Critical,0.1257,3061.0,918.0,418.0,Basic,Relationship manager follow-up,0,500,918.0,0.84,Low ROI (0-10x)
138968,0.9952,1,1,0.3304,Critical,0.3288,14493.0,4348.0,3848.0,Standard,Relationship manager follow-up,0,500,4348.0,7.7,Low ROI (0-10x)
138969,1.0,1,1,0.0482,Critical,0.0482,2284.0,685.0,185.0,Basic,Relationship manager follow-up,0,500,685.0,0.37,Low ROI (0-10x)
138971,0.9586,1,1,0.2691,Critical,0.258,7666.0,2300.0,1800.0,Standard,Relationship manager follow-up,0,500,2300.0,3.6,Low ROI (0-10x)
138973,0.9983,1,1,0.3858,Critical,0.3851,9564.0,2869.0,2369.0,Standard,Relationship manager follow-up,0,500,2869.0,4.74,Low ROI (0-10x)
138974,0.9999,1,1,0.0965,Critical,0.0965,2996.0,899.0,399.0,Basic,Relationship manager follow-up,0,500,899.0,0.8,Low ROI (0-10x)
138984,0.2017,1,0,0.7569,Low,0.1527,7386.0,2216.0,1716.0,Elite,Relationship manager follow-up,0,500,2216.0,3.43,Low ROI (0-10x)
138985,0.997,1,1,0.1179,Critical,0.1175,2456.0,737.0,237.0,Basic,Relationship manager follow-up,0,500,737.0,0.47,Low ROI (0-10x)
138987,0.9997,1,1,0.1657,Critical,0.1657,4399.0,1320.0,820.0,Basic,Relationship manager follow-up,0,500,1320.0,1.64,Low ROI (0-10x)
138990,0.2107,1,0,0.4537,Low,0.0956,4515.0,1354.0,854.0,Standard,Relationship manager follow-up,0,500,1354.0,1.71,Low ROI (0-10x)
138992,1.0,1,1,0.2229,Critical,0.2229,4121.0,1236.0,736.0,Basic,Relationship manager follow-up,0,500,1236.0,1.47,Low ROI (0-10x)
139003,0.9998,1,1,0.336,Critical,0.3359,11532.0,3460.0,2960.0,Standard,Relationship manager follow-up,0,500,3460.0,5.92,Low ROI (0-10x)
139006,0.9998,1,1,0.2573,Critical,0.2572,7592.0,2278.0,1778.0,Standard,Relationship manager follow-up,0,500,2278.0,3.56,Low ROI (0-10x)
139011,0.8866,1,1,0.4227,Critical,0.3748,9599.0,2880.0,2380.0,Standard,Relationship manager follow-up,0,500,2880.0,4.76,Low ROI (0-10x)
139017,1.0,1,1,0.1409,Critical,0.1409,2708.0,812.0,312.0,Basic,Relationship manager follow-up,0,500,812.0,0.62,Low ROI (0-10x)
139026,0.9994,1,1,0.3959,Critical,0.3957,15984.0,4795.0,4295.0,Standard,Relationship manager follow-up,0,500,4795.0,8.59,Low ROI (0-10x)
139027,0.6901,1,1,0.2558,High,0.1765,4667.0,1400.0,900.0,Standard,Relationship manager follow-up,0,500,1400.0,1.8,Low ROI (0-10x)
139039,0.9901,1,1,0.4202,Critical,0.416,16556.0,4967.0,4467.0,Standard,Relationship manager follow-up,0,500,4967.0,8.93,Low ROI (0-10x)
139043,0.9993,1,1,0.1942,Critical,0.1941,6345.0,1904.0,1404.0,Basic,Relationship manager follow-up,0,500,1904.0,2.81,Low ROI (0-10x)
139045,0.9999,1,1,0.1143,Critical,0.1143,3007.0,902.0,402.0,Basic,Relationship manager follow-up,0,500,902.0,0.8,Low ROI (0-10x)
139047,1.0,1,1,0.1063,Critical,0.1063,2866.0,860.0,360.0,Basic,Relationship manager follow-up,0,500,860.0,0.72,Low ROI (0-10x)
139054,0.997,1,1,0.2957,Critical,0.2948,4604.0,1381.0,881.0,Standard,Relationship manager follow-up,0,500,1381.0,1.76,Low ROI (0-10x)
139074,1.0,1,1,0.2315,Critical,0.2315,6574.0,1972.0,1472.0,Basic,Relationship manager follow-up,0,500,1972.0,2.94,Low ROI (0-10x)
139086,0.9991,1,1,0.2925,Critical,0.2922,9420.0,2826.0,2326.0,Standard,Relationship manager follow-up,0,500,2826.0,4.65,Low ROI (0-10x)
139091,1.0,1,1,0.2119,Critical,0.2119,5981.0,1794.0,1294.0,Basic,Relationship manager follow-up,0,500,1794.0,2.59,Low ROI (0-10x)
139093,0.9989,1,1,0.3357,Critical,0.3353,6394.0,1918.0,1418.0,Standard,Relationship manager follow-up,0,500,1918.0,2.84,Low ROI (0-10x)
139098,0.9952,1,1,0.1263,Critical,0.1257,1593.0,478.0,-22.0,Basic,Relationship manager follow-up,0,500,478.0,-0.04,Negative ROI
139099,0.9982,1,1,0.1815,Critical,0.1812,3758.0,1127.0,627.0,Basic,Relationship manager follow-up,0,500,1127.0,1.25,Low ROI (0-10x)
139113,0.9981,1,1,0.1359,Critical,0.1356,4881.0,1464.0,964.0,Basic,Relationship manager follow-up,0,500,1464.0,1.93,Low ROI (0-10x)
139116,0.9986,1,1,0.0918,Critical,0.0917,4640.0,1392.0,892.0,Basic,Relationship manager follow-up,0,500,1392.0,1.78,Low ROI (0-10x)
139117,0.9994,1,1,0.4528,Critical,0.4525,17542.0,5263.0,4763.0,Standard,Relationship manager follow-up,0,500,5263.0,9.53,Low ROI (0-10x)
139123,0.9997,1,1,0.2415,Critical,0.2414,8340.0,2502.0,2002.0,Basic,Relationship manager follow-up,0,500,2502.0,4.0,Low ROI (0-10x)
139133,0.9999,1,1,0.2611,Critical,0.2611,6617.0,1985.0,1485.0,Standard,Relationship manager follow-up,0,500,1985.0,2.97,Low ROI (0-10x)
139139,0.9999,1,1,0.2198,Critical,0.2198,7024.0,2107.0,1607.0,Basic,Relationship manager follow-up,0,500,2107.0,3.21,Low ROI (0-10x)
139142,0.9995,1,1,0.2424,Critical,0.2423,5937.0,1781.0,1281.0,Basic,Relationship manager follow-up,0,500,1781.0,2.56,Low ROI (0-10x)
139145,1.0,1,1,0.1261,Critical,0.1261,4615.0,1384.0,884.0,Basic,Relationship manager follow-up,0,500,1384.0,1.77,Low ROI (0-10x)
139146,0.9978,1,1,0.1459,Critical,0.1456,4952.0,1486.0,986.0,Basic,Relationship manager follow-up,0,500,1486.0,1.97,Low ROI (0-10x)
139147,0.9999,1,1,0.267,Critical,0.267,9937.0,2981.0,2481.0,Standard,Relationship manager follow-up,0,500,2981.0,4.96,Low ROI (0-10x)
139152,0.9995,1,1,0.5138,Critical,0.5135,15145.0,4544.0,4044.0,Premium,Relationship manager follow-up,0,500,4544.0,8.09,Low ROI (0-10x)
139165,0.9765,1,1,0.4623,Critical,0.4514,12596.0,3779.0,3279.0,Standard,Relationship manager follow-up,0,500,3779.0,6.56,Low ROI (0-10x)
139169,1.0,1,1,0.1528,Critical,0.1528,3788.0,1136.0,636.0,Basic,Relationship manager follow-up,0,500,1136.0,1.27,Low ROI (0-10x)
139170,0.9998,1,1,0.126,Critical,0.126,3992.0,1198.0,698.0,Basic,Relationship manager follow-up,0,500,1198.0,1.4,Low ROI (0-10x)
139175,0.9999,1,1,0.4157,Critical,0.4157,15719.0,4716.0,4216.0,Standard,Relationship manager follow-up,0,500,4716.0,8.43,Low ROI (0-10x)
139176,0.9976,1,1,0.1285,Critical,0.1282,4908.0,1472.0,972.0,Basic,Relationship manager follow-up,0,500,1472.0,1.94,Low ROI (0-10x)
139177,1.0,1,1,0.2457,Critical,0.2457,5105.0,1532.0,1032.0,Basic,Relationship manager follow-up,0,500,1532.0,2.06,Low ROI (0-10x)
139186,1.0,1,1,0.1139,Critical,0.1139,4749.0,1425.0,925.0,Basic,Relationship manager follow-up,0,500,1425.0,1.85,Low ROI (0-10x)
139196,1.0,1,1,0.1378,Critical,0.1378,2942.0,883.0,383.0,Basic,Relationship manager follow-up,0,500,883.0,0.77,Low ROI (0-10x)
139205,0.999,1,1,0.1313,Critical,0.1312,4698.0,1409.0,909.0,Basic,Relationship manager follow-up,0,500,1409.0,1.82,Low ROI (0-10x)
139210,0.9854,1,1,0.1647,Critical,0.1623,4716.0,1415.0,915.0,Basic,Relationship manager follow-up,0,500,1415.0,1.83,Low ROI (0-10x)
139212,0.4023,1,0,0.2336,Medium,0.094,3524.0,1057.0,557.0,Basic,Relationship manager follow-up,0,500,1057.0,1.11,Low ROI (0-10x)
139213,0.9995,1,1,0.2254,Critical,0.2253,6209.0,1863.0,1363.0,Basic,Relationship manager follow-up,0,500,1863.0,2.73,Low ROI (0-10x)
139215,0.8361,1,1,0.3382,Critical,0.2828,11744.0,3523.0,3023.0,Standard,Relationship manager follow-up,0,500,3523.0,6.05,Low ROI (0-10x)
139216,0.9386,1,1,0.1783,Critical,0.1674,2774.0,832.0,332.0,Basic,Relationship manager follow-up,0,500,832.0,0.66,Low ROI (0-10x)
139220,0.9996,1,1,0.1114,Critical,0.1114,3651.0,1095.0,595.0,Basic,Relationship manager follow-up,0,500,1095.0,1.19,Low ROI (0-10x)
139226,0.9999,1,1,0.2161,Critical,0.2161,8215.0,2464.0,1964.0,Basic,Relationship manager follow-up,0,500,2464.0,3.93,Low ROI (0-10x)
139227,0.9995,1,1,0.2673,Critical,0.2672,6489.0,1947.0,1447.0,Standard,Relationship manager follow-up,0,500,1947.0,2.89,Low ROI (0-10x)
139235,0.9999,1,1,0.1612,Critical,0.1612,5493.0,1648.0,1148.0,Basic,Relationship manager follow-up,0,500,1648.0,2.3,Low ROI (0-10x)
139239,0.9969,1,1,0.1849,Critical,0.1843,7730.0,2319.0,1819.0,Basic,Relationship manager follow-up,0,500,2319.0,3.64,Low ROI (0-10x)
139247,1.0,1,1,0.2039,Critical,0.2039,4241.0,1272.0,772.0,Basic,Relationship manager follow-up,0,500,1272.0,1.54,Low ROI (0-10x)
139248,0.9225,1,1,0.1811,Critical,0.1671,6850.0,2055.0,1555.0,Basic,Relationship manager follow-up,0,500,2055.0,3.11,Low ROI (0-10x)
139250,1.0,1,1,0.2036,Critical,0.2036,7169.0,2151.0,1651.0,Basic,Relationship manager follow-up,0,500,2151.0,3.3,Low ROI (0-10x)
139252,0.9999,1,1,0.0602,Critical,0.0602,1207.0,362.0,-138.0,Basic,Relationship manager follow-up,0,500,362.0,-0.28,Negative ROI
139256,0.9986,1,1,0.2045,Critical,0.2042,7883.0,2365.0,1865.0,Basic,Relationship manager follow-up,0,500,2365.0,3.73,Low ROI (0-10x)
139260,1.0,1,1,0.2506,Critical,0.2506,8361.0,2508.0,2008.0,Standard,Relationship manager follow-up,0,500,2508.0,4.02,Low ROI (0-10x)
139269,1.0,1,1,0.1676,Critical,0.1676,2975.0,892.0,392.0,Basic,Relationship manager follow-up,0,500,892.0,0.78,Low ROI (0-10x)
139271,0.9991,1,1,0.2139,Critical,0.2137,4348.0,1304.0,804.0,Basic,Relationship manager follow-up,0,500,1304.0,1.61,Low ROI (0-10x)
139280,1.0,1,1,0.1815,Critical,0.1815,6586.0,1976.0,1476.0,Basic,Relationship manager follow-up,0,500,1976.0,2.95,Low ROI (0-10x)
139281,0.9999,1,1,0.2089,Critical,0.2089,8181.0,2454.0,1954.0,Basic,Relationship manager follow-up,0,500,2454.0,3.91,Low ROI (0-10x)
139282,1.0,1,1,0.1505,Critical,0.1505,5523.0,1657.0,1157.0,Basic,Relationship manager follow-up,0,500,1657.0,2.31,Low ROI (0-10x)
139285,0.9999,1,1,0.3662,Critical,0.3662,13919.0,4176.0,3676.0,Standard,Relationship manager follow-up,0,500,4176.0,7.35,Low ROI (0-10x)
139288,0.999,1,1,0.389,Critical,0.3886,12039.0,3612.0,3112.0,Standard,Relationship manager follow-up,0,500,3612.0,6.22,Low ROI (0-10x)
139301,1.0,1,1,0.7217,Critical,0.7217,30292.0,9088.0,8588.0,Premium,Relationship manager follow-up,0,500,9088.0,17.18,Medium ROI (10-50x)
139317,1.0,1,1,0.2025,Critical,0.2025,4988.0,1496.0,996.0,Basic,Relationship manager follow-up,0,500,1496.0,1.99,Low ROI (0-10x)
139319,0.9911,1,1,0.2977,Critical,0.2951,10048.0,3014.0,2514.0,Standard,Relationship manager follow-up,0,500,3014.0,5.03,Low ROI (0-10x)
139323,0.9996,1,1,0.1192,Critical,0.1192,4524.0,1357.0,857.0,Basic,Relationship manager follow-up,0,500,1357.0,1.71,Low ROI (0-10x)
139331,0.9749,1,1,0.2911,Critical,0.2838,11401.0,3420.0,2920.0,Standard,Relationship manager follow-up,0,500,3420.0,5.84,Low ROI (0-10x)
139333,0.9914,1,1,0.2124,Critical,0.2106,2359.0,708.0,208.0,Basic,Relationship manager follow-up,0,500,708.0,0.42,Low ROI (0-10x)
139345,0.999,1,1,0.1791,Critical,0.1789,7895.0,2368.0,1868.0,Basic,Relationship manager follow-up,0,500,2368.0,3.74,Low ROI (0-10x)
139352,0.1712,1,0,0.4194,Low,0.0718,2547.0,764.0,264.0,Standard,Relationship manager follow-up,0,500,764.0,0.53,Low ROI (0-10x)
139369,0.9867,1,1,0.2331,Critical,0.23,8192.0,2458.0,1958.0,Basic,Relationship manager follow-up,0,500,2458.0,3.92,Low ROI (0-10x)
139379,0.9999,1,1,0.2191,Critical,0.2191,3503.0,1051.0,551.0,Basic,Relationship manager follow-up,0,500,1051.0,1.1,Low ROI (0-10x)
139389,0.9956,1,1,0.2536,Critical,0.2525,8460.0,2538.0,2038.0,Standard,Relationship manager follow-up,0,500,2538.0,4.08,Low ROI (0-10x)
139393,1.0,1,1,0.1377,Critical,0.1377,7118.0,2135.0,1635.0,Basic,Relationship manager follow-up,0,500,2135.0,3.27,Low ROI (0-10x)
139414,1.0,1,1,0.2016,Critical,0.2016,4685.0,1406.0,906.0,Basic,Relationship manager follow-up,0,500,1406.0,1.81,Low ROI (0-10x)
139419,1.0,1,1,0.1263,Critical,0.1263,3352.0,1006.0,506.0,Basic,Relationship manager follow-up,0,500,1006.0,1.01,Low ROI (0-10x)
139423,0.9997,1,1,0.1823,Critical,0.1822,1896.0,569.0,69.0,Basic,Relationship manager follow-up,0,500,569.0,0.14,Low ROI (0-10x)
139431,0.9999,1,1,0.0664,Critical,0.0664,4641.0,1392.0,892.0,Basic,Relationship manager follow-up,0,500,1392.0,1.78,Low ROI (0-10x)
139438,0.9948,1,1,0.1433,Critical,0.1426,4732.0,1420.0,920.0,Basic,Relationship manager follow-up,0,500,1420.0,1.84,Low ROI (0-10x)
139440,0.9999,1,1,0.1553,Critical,0.1553,3028.0,908.0,408.0,Basic,Relationship manager follow-up,0,500,908.0,0.82,Low ROI (0-10x)
139449,1.0,1,1,0.0953,Critical,0.0953,2573.0,772.0,272.0,Basic,Relationship manager follow-up,0,500,772.0,0.54,Low ROI (0-10x)
139451,0.9999,1,1,0.0908,Critical,0.0908,4126.0,1238.0,738.0,Basic,Relationship manager follow-up,0,500,1238.0,1.48,Low ROI (0-10x)
139455,0.9986,1,1,0.2239,Critical,0.2236,4143.0,1243.0,743.0,Basic,Relationship manager follow-up,0,500,1243.0,1.49,Low ROI (0-10x)
139457,0.9999,1,1,0.1428,Critical,0.1428,2896.0,869.0,369.0,Basic,Relationship manager follow-up,0,500,869.0,0.74,Low ROI (0-10x)
139468,0.9959,1,1,0.2085,Critical,0.2076,10743.0,3223.0,2723.0,Basic,Relationship manager follow-up,0,500,3223.0,5.45,Low ROI (0-10x)
139469,0.9973,1,1,0.2509,Critical,0.2502,8677.0,2603.0,2103.0,Standard,Relationship manager follow-up,0,500,2603.0,4.21,Low ROI (0-10x)
139473,0.9997,1,1,0.0783,Critical,0.0783,3151.0,945.0,445.0,Basic,Relationship manager follow-up,0,500,945.0,0.89,Low ROI (0-10x)
139480,0.9991,1,1,0.3538,Critical,0.3535,13507.0,4052.0,3552.0,Standard,Relationship manager follow-up,0,500,4052.0,7.1,Low ROI (0-10x)
139488,0.91,1,1,0.3609,Critical,0.3284,7819.0,2346.0,1846.0,Standard,Relationship manager follow-up,0,500,2346.0,3.69,Low ROI (0-10x)
139490,1.0,1,1,0.0897,Critical,0.0897,2359.0,708.0,208.0,Basic,Relationship manager follow-up,0,500,708.0,0.42,Low ROI (0-10x)
139491,1.0,1,1,0.3138,Critical,0.3138,5755.0,1726.0,1226.0,Standard,Relationship manager follow-up,0,500,1726.0,2.45,Low ROI (0-10x)
139497,1.0,1,1,0.0679,Critical,0.0679,1525.0,458.0,-42.0,Basic,Relationship manager follow-up,0,500,458.0,-0.08,Negative ROI
139505,0.9999,1,1,0.1216,Critical,0.1216,2663.0,799.0,299.0,Basic,Relationship manager follow-up,0,500,799.0,0.6,Low ROI (0-10x)
139508,1.0,1,1,0.2152,Critical,0.2152,4436.0,1331.0,831.0,Basic,Relationship manager follow-up,0,500,1331.0,1.66,Low ROI (0-10x)
139509,0.8945,1,1,0.1723,Critical,0.1541,2002.0,601.0,101.0,Basic,Relationship manager follow-up,0,500,601.0,0.2,Low ROI (0-10x)
139510,1.0,1,1,0.3226,Critical,0.3226,10981.0,3294.0,2794.0,Standard,Relationship manager follow-up,0,500,3294.0,5.59,Low ROI (0-10x)
139511,0.9999,1,1,0.0931,Critical,0.0931,3771.0,1131.0,631.0,Basic,Relationship manager follow-up,0,500,1131.0,1.26,Low ROI (0-10x)
139516,1.0,1,1,0.0695,Critical,0.0695,3035.0,910.0,410.0,Basic,Relationship manager follow-up,0,500,910.0,0.82,Low ROI (0-10x)
139518,1.0,1,1,0.1739,Critical,0.1739,2264.0,679.0,179.0,Basic,Relationship manager follow-up,0,500,679.0,0.36,Low ROI (0-10x)
139522,1.0,1,1,0.1754,Critical,0.1754,4488.0,1346.0,846.0,Basic,Relationship manager follow-up,0,500,1346.0,1.69,Low ROI (0-10x)
139528,0.998,1,1,0.1166,Critical,0.1164,3906.0,1172.0,672.0,Basic,Relationship manager follow-up,0,500,1172.0,1.34,Low ROI (0-10x)
139537,0.9962,1,1,0.1007,Critical,0.1003,5677.0,1703.0,1203.0,Basic,Relationship manager follow-up,0,500,1703.0,2.41,Low ROI (0-10x)
139558,0.993,1,1,0.2921,Critical,0.2901,6095.0,1828.0,1328.0,Standard,Relationship manager follow-up,0,500,1828.0,2.66,Low ROI (0-10x)
139561,0.9862,1,1,0.206,Critical,0.2032,3266.0,980.0,480.0,Basic,Relationship manager follow-up,0,500,980.0,0.96,Low ROI (0-10x)
139565,0.9999,1,1,0.1772,Critical,0.1772,5144.0,1543.0,1043.0,Basic,Relationship manager follow-up,0,500,1543.0,2.09,Low ROI (0-10x)
139566,0.9957,1,1,0.3555,Critical,0.354,6518.0,1955.0,1455.0,Standard,Relationship manager follow-up,0,500,1955.0,2.91,Low ROI (0-10x)
139573,0.8986,1,1,0.3328,Critical,0.2991,7185.0,2156.0,1656.0,Standard,Relationship manager follow-up,0,500,2156.0,3.31,Low ROI (0-10x)
139577,1.0,1,1,0.1193,Critical,0.1193,2330.0,699.0,199.0,Basic,Relationship manager follow-up,0,500,699.0,0.4,Low ROI (0-10x)
139581,0.9995,1,1,0.1367,Critical,0.1366,4859.0,1458.0,958.0,Basic,Relationship manager follow-up,0,500,1458.0,1.92,Low ROI (0-10x)
139586,0.8418,1,1,0.3216,Critical,0.2707,9910.0,2973.0,2473.0,Standard,Relationship manager follow-up,0,500,2973.0,4.95,Low ROI (0-10x)
139590,0.9775,1,1,0.2066,Critical,0.202,6321.0,1896.0,1396.0,Basic,Relationship manager follow-up,0,500,1896.0,2.79,Low ROI (0-10x)
139600,1.0,1,1,0.3806,Critical,0.3806,12322.0,3697.0,3197.0,Standard,Relationship manager follow-up,0,500,3697.0,6.39,Low ROI (0-10x)
139603,1.0,1,1,0.1303,Critical,0.1303,5158.0,1547.0,1047.0,Basic,Relationship manager follow-up,0,500,1547.0,2.09,Low ROI (0-10x)
139610,0.8585,1,1,0.2513,Critical,0.2157,4790.0,1437.0,937.0,Standard,Relationship manager follow-up,0,500,1437.0,1.87,Low ROI (0-10x)
139636,0.9997,1,1,0.2216,Critical,0.2215,3025.0,908.0,408.0,Basic,Relationship manager follow-up,0,500,908.0,0.82,Low ROI (0-10x)
139639,0.9998,1,1,0.4398,Critical,0.4397,12027.0,3608.0,3108.0,Standard,Relationship manager follow-up,0,500,3608.0,6.22,Low ROI (0-10x)
139644,1.0,1,1,0.5703,Critical,0.5703,20707.0,6212.0,5712.0,Premium,Relationship manager follow-up,0,500,6212.0,11.42,Medium ROI (10-50x)
139645,0.9987,1,1,0.1159,Critical,0.1157,4509.0,1353.0,853.0,Basic,Relationship manager follow-up,0,500,1353.0,1.71,Low ROI (0-10x)
139651,0.9937,1,1,0.1188,Critical,0.1181,4623.0,1387.0,887.0,Basic,Relationship manager follow-up,0,500,1387.0,1.77,Low ROI (0-10x)
139652,0.9995,1,1,0.0751,Critical,0.0751,2703.0,811.0,311.0,Basic,Relationship manager follow-up,0,500,811.0,0.62,Low ROI (0-10x)
139654,0.6584,1,1,0.1302,High,0.0857,936.0,281.0,-219.0,Basic,Relationship manager follow-up,0,500,281.0,-0.44,Negative ROI
139659,0.9945,1,1,0.136,Critical,0.1353,1644.0,493.0,-7.0,Basic,Relationship manager follow-up,0,500,493.0,-0.01,Negative ROI
139661,1.0,1,1,0.0914,Critical,0.0914,2135.0,640.0,140.0,Basic,Relationship manager follow-up,0,500,640.0,0.28,Low ROI (0-10x)
139669,0.9999,1,1,0.3247,Critical,0.3247,8029.0,2409.0,1909.0,Standard,Relationship manager follow-up,0,500,2409.0,3.82,Low ROI (0-10x)
139675,1.0,1,1,0.3038,Critical,0.3038,7753.0,2326.0,1826.0,Standard,Relationship manager follow-up,0,500,2326.0,3.65,Low ROI (0-10x)
139678,0.9922,1,1,0.2407,Critical,0.2388,3658.0,1097.0,597.0,Basic,Relationship manager follow-up,0,500,1097.0,1.19,Low ROI (0-10x)
139679,0.9999,1,1,0.1042,Critical,0.1042,4130.0,1239.0,739.0,Basic,Relationship manager follow-up,0,500,1239.0,1.48,Low ROI (0-10x)
139681,0.9995,1,1,0.3898,Critical,0.3896,15206.0,4562.0,4062.0,Standard,Relationship manager follow-up,0,500,4562.0,8.12,Low ROI (0-10x)
139686,1.0,1,1,0.2294,Critical,0.2294,5154.0,1546.0,1046.0,Basic,Relationship manager follow-up,0,500,1546.0,2.09,Low ROI (0-10x)
139687,0.9982,1,1,0.0959,Critical,0.0957,2511.0,753.0,253.0,Basic,Relationship manager follow-up,0,500,753.0,0.51,Low ROI (0-10x)
139696,1.0,1,1,0.1409,Critical,0.1409,3387.0,1016.0,516.0,Basic,Relationship manager follow-up,0,500,1016.0,1.03,Low ROI (0-10x)
139698,1.0,1,1,0.1112,Critical,0.1112,2238.0,671.0,171.0,Basic,Relationship manager follow-up,0,500,671.0,0.34,Low ROI (0-10x)
139706,0.1441,1,0,0.2237,Low,0.0322,1293.0,388.0,-112.0,Basic,Relationship manager follow-up,0,500,388.0,-0.22,Negative ROI
139707,0.9999,1,1,0.3136,Critical,0.3136,14815.0,4444.0,3944.0,Standard,Relationship manager follow-up,0,500,4444.0,7.89,Low ROI (0-10x)
139713,0.9599,1,1,0.185,Critical,0.1776,3778.0,1133.0,633.0,Basic,Relationship manager follow-up,0,500,1133.0,1.27,Low ROI (0-10x)
139731,0.9999,1,1,0.1878,Critical,0.1878,3067.0,920.0,420.0,Basic,Relationship manager follow-up,0,500,920.0,0.84,Low ROI (0-10x)
139732,0.9999,1,1,0.1438,Critical,0.1438,5539.0,1662.0,1162.0,Basic,Relationship manager follow-up,0,500,1662.0,2.32,Low ROI (0-10x)
139744,0.2329,1,0,0.2408,Low,0.0561,1988.0,596.0,96.0,Basic,Relationship manager follow-up,0,500,596.0,0.19,Low ROI (0-10x)
139746,1.0,1,1,0.169,Critical,0.169,9192.0,2758.0,2258.0,Basic,Relationship manager follow-up,0,500,2758.0,4.52,Low ROI (0-10x)
139754,0.9999,1,1,0.2597,Critical,0.2597,5655.0,1696.0,1196.0,Standard,Relationship manager follow-up,0,500,1696.0,2.39,Low ROI (0-10x)
139758,0.9998,1,1,0.2421,Critical,0.2421,8028.0,2408.0,1908.0,Basic,Relationship manager follow-up,0,500,2408.0,3.82,Low ROI (0-10x)
139760,0.9982,1,1,0.3316,Critical,0.331,11679.0,3504.0,3004.0,Standard,Relationship manager follow-up,0,500,3504.0,6.01,Low ROI (0-10x)
139761,0.4844,1,1,0.2635,Medium,0.1276,4033.0,1210.0,710.0,Standard,Relationship manager follow-up,0,500,1210.0,1.42,Low ROI (0-10x)
139762,0.9998,1,1,0.0783,Critical,0.0783,1357.0,407.0,-93.0,Basic,Relationship manager follow-up,0,500,407.0,-0.19,Negative ROI
139779,0.9993,1,1,0.3012,Critical,0.301,8450.0,2535.0,2035.0,Standard,Relationship manager follow-up,0,500,2535.0,4.07,Low ROI (0-10x)
139783,0.9995,1,1,0.208,Critical,0.2079,7312.0,2194.0,1694.0,Basic,Relationship manager follow-up,0,500,2194.0,3.39,Low ROI (0-10x)
139784,1.0,1,1,0.1074,Critical,0.1074,3454.0,1036.0,536.0,Basic,Relationship manager follow-up,0,500,1036.0,1.07,Low ROI (0-10x)
139792,0.9999,1,1,0.2074,Critical,0.2074,5028.0,1508.0,1008.0,Basic,Relationship manager follow-up,0,500,1508.0,2.02,Low ROI (0-10x)
139795,0.9998,1,1,0.1717,Critical,0.1717,3191.0,957.0,457.0,Basic,Relationship manager follow-up,0,500,957.0,0.91,Low ROI (0-10x)
139801,0.9988,1,1,0.4446,Critical,0.4441,15416.0,4625.0,4125.0,Standard,Relationship manager follow-up,0,500,4625.0,8.25,Low ROI (0-10x)
139803,0.9979,1,1,0.3902,Critical,0.3894,17091.0,5127.0,4627.0,Standard,Relationship manager follow-up,0,500,5127.0,9.25,Low ROI (0-10x)
139809,0.9968,1,1,0.2545,Critical,0.2537,8949.0,2685.0,2185.0,Standard,Relationship manager follow-up,0,500,2685.0,4.37,Low ROI (0-10x)
139812,0.9992,1,1,0.24,Critical,0.2398,10277.0,3083.0,2583.0,Basic,Relationship manager follow-up,0,500,3083.0,5.17,Low ROI (0-10x)
139816,0.9999,1,1,0.3656,Critical,0.3656,9612.0,2884.0,2384.0,Standard,Relationship manager follow-up,0,500,2884.0,4.77,Low ROI (0-10x)
139819,0.9997,1,1,0.2942,Critical,0.2941,10878.0,3263.0,2763.0,Standard,Relationship manager follow-up,0,500,3263.0,5.53,Low ROI (0-10x)
139820,0.7143,1,1,0.1956,High,0.1397,2538.0,761.0,261.0,Basic,Relationship manager follow-up,0,500,761.0,0.52,Low ROI (0-10x)
139823,0.7869,1,1,0.42,Critical,0.3305,11392.0,3418.0,2918.0,Standard,Relationship manager follow-up,0,500,3418.0,5.84,Low ROI (0-10x)
139827,1.0,1,1,0.075,Critical,0.075,2940.0,882.0,382.0,Basic,Relationship manager follow-up,0,500,882.0,0.76,Low ROI (0-10x)
139836,0.9924,1,1,0.1872,Critical,0.1858,3594.0,1078.0,578.0,Basic,Relationship manager follow-up,0,500,1078.0,1.16,Low ROI (0-10x)
139837,0.9966,1,1,0.4147,Critical,0.4133,15153.0,4546.0,4046.0,Standard,Relationship manager follow-up,0,500,4546.0,8.09,Low ROI (0-10x)
139840,0.9989,1,1,0.0344,Critical,0.0344,1625.0,488.0,-12.0,Basic,Relationship manager follow-up,0,500,488.0,-0.02,Negative ROI
139841,0.9984,1,1,0.3849,Critical,0.3843,10378.0,3113.0,2613.0,Standard,Relationship manager follow-up,0,500,3113.0,5.23,Low ROI (0-10x)
139853,0.967,1,1,0.2805,Critical,0.2712,6501.0,1950.0,1450.0,Standard,Relationship manager follow-up,0,500,1950.0,2.9,Low ROI (0-10x)
139868,1.0,1,1,0.2651,Critical,0.2651,5305.0,1592.0,1092.0,Standard,Relationship manager follow-up,0,500,1592.0,2.18,Low ROI (0-10x)
139869,0.9998,1,1,0.2514,Critical,0.2513,5953.0,1786.0,1286.0,Standard,Relationship manager follow-up,0,500,1786.0,2.57,Low ROI (0-10x)
139876,0.9993,1,1,0.1842,Critical,0.1841,3368.0,1010.0,510.0,Basic,Relationship manager follow-up,0,500,1010.0,1.02,Low ROI (0-10x)
139879,0.9998,1,1,0.3014,Critical,0.3013,9747.0,2924.0,2424.0,Standard,Relationship manager follow-up,0,500,2924.0,4.85,Low ROI (0-10x)
139895,0.9999,1,1,0.3151,Critical,0.3151,10446.0,3134.0,2634.0,Standard,Relationship manager follow-up,0,500,3134.0,5.27,Low ROI (0-10x)
139897,0.9962,1,1,0.249,Critical,0.2481,5056.0,1517.0,1017.0,Basic,Relationship manager follow-up,0,500,1517.0,2.03,Low ROI (0-10x)
139911,0.8872,1,1,0.4699,Critical,0.4169,17586.0,5276.0,4776.0,Standard,Relationship manager follow-up,0,500,5276.0,9.55,Low ROI (0-10x)
139916,0.9999,1,1,0.1182,Critical,0.1182,2223.0,667.0,167.0,Basic,Relationship manager follow-up,0,500,667.0,0.33,Low ROI (0-10x)
139917,0.9998,1,1,0.2256,Critical,0.2256,9708.0,2912.0,2412.0,Basic,Relationship manager follow-up,0,500,2912.0,4.82,Low ROI (0-10x)
139926,0.9991,1,1,0.2953,Critical,0.295,7773.0,2332.0,1832.0,Standard,Relationship manager follow-up,0,500,2332.0,3.66,Low ROI (0-10x)
139927,0.9999,1,1,0.1353,Critical,0.1353,6395.0,1918.0,1418.0,Basic,Relationship manager follow-up,0,500,1918.0,2.84,Low ROI (0-10x)
139944,0.9977,1,1,0.2601,Critical,0.2595,7523.0,2257.0,1757.0,Standard,Relationship manager follow-up,0,500,2257.0,3.51,Low ROI (0-10x)
139948,0.9943,1,1,0.3475,Critical,0.3455,13409.0,4023.0,3523.0,Standard,Relationship manager follow-up,0,500,4023.0,7.05,Low ROI (0-10x)
139949,0.1146,1,0,0.7748,Low,0.0888,3689.0,1107.0,607.0,Elite,Relationship manager follow-up,0,500,1107.0,1.21,Low ROI (0-10x)
139951,0.9971,1,1,0.0199,Critical,0.0198,2097.0,629.0,129.0,Basic,Relationship manager follow-up,0,500,629.0,0.26,Low ROI (0-10x)
139954,1.0,1,1,0.2768,Critical,0.2768,6546.0,1964.0,1464.0,Standard,Relationship manager follow-up,0,500,1964.0,2.93,Low ROI (0-10x)
139957,1.0,1,1,0.076,Critical,0.076,2259.0,678.0,178.0,Basic,Relationship manager follow-up,0,500,678.0,0.36,Low ROI (0-10x)
139958,0.29,1,0,0.3693,Low,0.1071,4440.0,1332.0,832.0,Standard,Relationship manager follow-up,0,500,1332.0,1.66,Low ROI (0-10x)
139972,1.0,1,1,0.1515,Critical,0.1515,2077.0,623.0,123.0,Basic,Relationship manager follow-up,0,500,623.0,0.25,Low ROI (0-10x)
139973,0.9884,1,1,0.4224,Critical,0.4175,17065.0,5120.0,4620.0,Standard,Relationship manager follow-up,0,500,5120.0,9.24,Low ROI (0-10x)
139983,1.0,1,1,0.0884,Critical,0.0884,3321.0,996.0,496.0,Basic,Relationship manager follow-up,0,500,996.0,0.99,Low ROI (0-10x)
139994,0.9997,1,1,0.3195,Critical,0.3194,13308.0,3992.0,3492.0,Standard,Relationship manager follow-up,0,500,3992.0,6.98,Low ROI (0-10x)
139997,0.9999,1,1,0.2698,Critical,0.2698,9393.0,2818.0,2318.0,Standard,Relationship manager follow-up,0,500,2818.0,4.64,Low ROI (0-10x)
140002,0.9992,1,1,0.1198,Critical,0.1197,2304.0,691.0,191.0,Basic,Relationship manager follow-up,0,500,691.0,0.38,Low ROI (0-10x)
140022,0.9876,1,1,0.2335,Critical,0.2306,10512.0,3154.0,2654.0,Basic,Relationship manager follow-up,0,500,3154.0,5.31,Low ROI (0-10x)
140025,0.9997,1,1,0.2591,Critical,0.259,9006.0,2702.0,2202.0,Standard,Relationship manager follow-up,0,500,2702.0,4.4,Low ROI (0-10x)
140028,0.9978,1,1,0.2352,Critical,0.2347,3976.0,1193.0,693.0,Basic,Relationship manager follow-up,0,500,1193.0,1.39,Low ROI (0-10x)
140032,0.9996,1,1,0.1852,Critical,0.1851,8385.0,2516.0,2016.0,Basic,Relationship manager follow-up,0,500,2516.0,4.03,Low ROI (0-10x)
140034,0.9999,1,1,0.1358,Critical,0.1358,3141.0,942.0,442.0,Basic,Relationship manager follow-up,0,500,942.0,0.88,Low ROI (0-10x)
140051,0.921,1,1,0.2744,Critical,0.2527,3933.0,1180.0,680.0,Standard,Relationship manager follow-up,0,500,1180.0,1.36,Low ROI (0-10x)
140053,0.9999,1,1,0.1218,Critical,0.1218,5634.0,1690.0,1190.0,Basic,Relationship manager follow-up,0,500,1690.0,2.38,Low ROI (0-10x)
140062,0.9986,1,1,0.1022,Critical,0.1021,3476.0,1043.0,543.0,Basic,Relationship manager follow-up,0,500,1043.0,1.09,Low ROI (0-10x)
140068,1.0,1,1,0.1201,Critical,0.1201,5427.0,1628.0,1128.0,Basic,Relationship manager follow-up,0,500,1628.0,2.26,Low ROI (0-10x)
140069,0.7685,1,1,0.244,Critical,0.1875,8981.0,2694.0,2194.0,Basic,Relationship manager follow-up,0,500,2694.0,4.39,Low ROI (0-10x)
140073,0.9545,1,0,0.1225,Critical,0.1169,5848.0,1754.0,1254.0,Basic,Relationship manager follow-up,0,500,1754.0,2.51,Low ROI (0-10x)
140074,1.0,1,1,0.2089,Critical,0.2089,5201.0,1560.0,1060.0,Basic,Relationship manager follow-up,0,500,1560.0,2.12,Low ROI (0-10x)
140078,1.0,1,1,0.2902,Critical,0.2902,6860.0,2058.0,1558.0,Standard,Relationship manager follow-up,0,500,2058.0,3.12,Low ROI (0-10x)
140086,0.9808,1,1,0.3418,Critical,0.3352,7938.0,2381.0,1881.0,Standard,Relationship manager follow-up,0,500,2381.0,3.76,Low ROI (0-10x)
140098,0.6189,1,0,0.4483,High,0.2775,7477.0,2243.0,1743.0,Standard,Relationship manager follow-up,0,500,2243.0,3.49,Low ROI (0-10x)
140106,0.9721,1,1,0.3557,Critical,0.3458,6270.0,1881.0,1381.0,Standard,Relationship manager follow-up,0,500,1881.0,2.76,Low ROI (0-10x)
140123,0.9994,1,1,0.3726,Critical,0.3724,18979.0,5694.0,5194.0,Standard,Relationship manager follow-up,0,500,5694.0,10.39,Medium ROI (10-50x)
140129,0.9999,1,1,0.2398,Critical,0.2398,7246.0,2174.0,1674.0,Basic,Relationship manager follow-up,0,500,2174.0,3.35,Low ROI (0-10x)
140130,0.9871,1,1,0.2572,Critical,0.2539,3762.0,1129.0,629.0,Standard,Relationship manager follow-up,0,500,1129.0,1.26,Low ROI (0-10x)
140135,1.0,1,1,0.3492,Critical,0.3492,8365.0,2510.0,2010.0,Standard,Relationship manager follow-up,0,500,2510.0,4.02,Low ROI (0-10x)
140137,0.9524,1,0,0.7919,Critical,0.7542,34877.0,10463.0,9963.0,Elite,Relationship manager follow-up,0,500,10463.0,19.93,Medium ROI (10-50x)
140141,0.9999,1,1,0.1416,Critical,0.1416,5580.0,1674.0,1174.0,Basic,Relationship manager follow-up,0,500,1674.0,2.35,Low ROI (0-10x)
140143,0.9862,1,1,0.6925,Critical,0.6829,29598.0,8879.0,8379.0,Premium,Relationship manager follow-up,0,500,8879.0,16.76,Medium ROI (10-50x)
140146,1.0,1,1,0.3237,Critical,0.3237,8419.0,2526.0,2026.0,Standard,Relationship manager follow-up,0,500,2526.0,4.05,Low ROI (0-10x)
140149,0.9976,1,1,0.3459,Critical,0.3451,10314.0,3094.0,2594.0,Standard,Relationship manager follow-up,0,500,3094.0,5.19,Low ROI (0-10x)
140166,0.9993,1,1,0.4086,Critical,0.4083,16884.0,5065.0,4565.0,Standard,Relationship manager follow-up,0,500,5065.0,9.13,Low ROI (0-10x)
140172,0.9999,1,1,0.2388,Critical,0.2388,5888.0,1766.0,1266.0,Basic,Relationship manager follow-up,0,500,1766.0,2.53,Low ROI (0-10x)
140178,0.9494,1,1,0.3045,Critical,0.2891,13504.0,4051.0,3551.0,Standard,Relationship manager follow-up,0,500,4051.0,7.1,Low ROI (0-10x)
140181,0.1702,1,1,0.1061,Low,0.0181,136.0,41.0,-459.0,Basic,Relationship manager follow-up,0,500,41.0,-0.92,Negative ROI
140190,1.0,1,1,0.0578,Critical,0.0578,1594.0,478.0,-22.0,Basic,Relationship manager follow-up,0,500,478.0,-0.04,Negative ROI
140198,0.9992,1,1,0.0731,Critical,0.073,2065.0,620.0,120.0,Basic,Relationship manager follow-up,0,500,620.0,0.24,Low ROI (0-10x)
140201,0.9992,1,1,0.2643,Critical,0.2641,11521.0,3456.0,2956.0,Standard,Relationship manager follow-up,0,500,3456.0,5.91,Low ROI (0-10x)
140202,1.0,1,1,0.093,Critical,0.093,3092.0,928.0,428.0,Basic,Relationship manager follow-up,0,500,928.0,0.86,Low ROI (0-10x)
140215,0.9999,1,1,0.121,Critical,0.121,5925.0,1778.0,1278.0,Basic,Relationship manager follow-up,0,500,1778.0,2.56,Low ROI (0-10x)
140221,1.0,1,1,0.2657,Critical,0.2657,8071.0,2421.0,1921.0,Standard,Relationship manager follow-up,0,500,2421.0,3.84,Low ROI (0-10x)
140224,0.9364,1,1,0.4653,Critical,0.4357,17380.0,5214.0,4714.0,Standard,Relationship manager follow-up,0,500,5214.0,9.43,Low ROI (0-10x)
140233,0.9908,1,1,0.3454,Critical,0.3422,9134.0,2740.0,2240.0,Standard,Relationship manager follow-up,0,500,2740.0,4.48,Low ROI (0-10x)
140236,0.9999,1,1,0.1193,Critical,0.1193,3176.0,953.0,453.0,Basic,Relationship manager follow-up,0,500,953.0,0.91,Low ROI (0-10x)
140248,1.0,1,1,0.1967,Critical,0.1967,3605.0,1082.0,582.0,Basic,Relationship manager follow-up,0,500,1082.0,1.16,Low ROI (0-10x)
140259,0.9998,1,1,0.3555,Critical,0.3554,13054.0,3916.0,3416.0,Standard,Relationship manager follow-up,0,500,3916.0,6.83,Low ROI (0-10x)
140270,1.0,1,1,0.2265,Critical,0.2265,3979.0,1194.0,694.0,Basic,Relationship manager follow-up,0,500,1194.0,1.39,Low ROI (0-10x)
140275,0.997,1,1,0.331,Critical,0.33,13972.0,4192.0,3692.0,Standard,Relationship manager follow-up,0,500,4192.0,7.38,Low ROI (0-10x)
140278,0.9893,1,1,0.1032,Critical,0.1021,2404.0,721.0,221.0,Basic,Relationship manager follow-up,0,500,721.0,0.44,Low ROI (0-10x)
140281,0.9807,1,1,0.0644,Critical,0.0632,3409.0,1023.0,523.0,Basic,Relationship manager follow-up,0,500,1023.0,1.05,Low ROI (0-10x)
140283,1.0,1,1,0.3153,Critical,0.3153,9080.0,2724.0,2224.0,Standard,Relationship manager follow-up,0,500,2724.0,4.45,Low ROI (0-10x)
140286,0.9983,1,1,0.5064,Critical,0.5055,15317.0,4595.0,4095.0,Premium,Relationship manager follow-up,0,500,4595.0,8.19,Low ROI (0-10x)
140290,1.0,1,1,0.1385,Critical,0.1385,5262.0,1579.0,1079.0,Basic,Relationship manager follow-up,0,500,1579.0,2.16,Low ROI (0-10x)
140296,0.9999,1,1,0.1049,Critical,0.1049,3423.0,1027.0,527.0,Basic,Relationship manager follow-up,0,500,1027.0,1.05,Low ROI (0-10x)
140301,0.9998,1,1,0.3524,Critical,0.3523,12178.0,3653.0,3153.0,Standard,Relationship manager follow-up,0,500,3653.0,6.31,Low ROI (0-10x)
140328,0.9986,1,1,0.2994,Critical,0.299,7186.0,2156.0,1656.0,Standard,Relationship manager follow-up,0,500,2156.0,3.31,Low ROI (0-10x)
140334,0.9999,1,1,0.2459,Critical,0.2459,6561.0,1968.0,1468.0,Basic,Relationship manager follow-up,0,500,1968.0,2.94,Low ROI (0-10x)
140340,0.9635,1,1,0.1506,Critical,0.1451,2677.0,803.0,303.0,Basic,Relationship manager follow-up,0,500,803.0,0.61,Low ROI (0-10x)
140348,0.9379,1,1,0.6044,Critical,0.5669,20589.0,6177.0,5677.0,Premium,Relationship manager follow-up,0,500,6177.0,11.35,Medium ROI (10-50x)
140349,0.9975,1,1,0.1064,Critical,0.1061,4669.0,1401.0,901.0,Basic,Relationship manager follow-up,0,500,1401.0,1.8,Low ROI (0-10x)
140365,1.0,1,1,0.3697,Critical,0.3697,7001.0,2100.0,1600.0,Standard,Relationship manager follow-up,0,500,2100.0,3.2,Low ROI (0-10x)
140369,0.9994,1,1,0.184,Critical,0.1839,4855.0,1456.0,956.0,Basic,Relationship manager follow-up,0,500,1456.0,1.91,Low ROI (0-10x)
140379,0.9958,1,1,0.4486,Critical,0.4467,14934.0,4480.0,3980.0,Standard,Relationship manager follow-up,0,500,4480.0,7.96,Low ROI (0-10x)
140381,0.9998,1,1,0.4241,Critical,0.424,17369.0,5211.0,4711.0,Standard,Relationship manager follow-up,0,500,5211.0,9.42,Low ROI (0-10x)
140382,0.8755,1,1,0.2203,Critical,0.1929,6169.0,1851.0,1351.0,Basic,Relationship manager follow-up,0,500,1851.0,2.7,Low ROI (0-10x)
140388,0.9997,1,1,0.2597,Critical,0.2596,6942.0,2083.0,1583.0,Standard,Relationship manager follow-up,0,500,2083.0,3.17,Low ROI (0-10x)
140402,0.9999,1,1,0.0767,Critical,0.0767,3007.0,902.0,402.0,Basic,Relationship manager follow-up,0,500,902.0,0.8,Low ROI (0-10x)
140406,0.9961,1,1,0.6346,Critical,0.6321,21593.0,6478.0,5978.0,Premium,Relationship manager follow-up,0,500,6478.0,11.96,Medium ROI (10-50x)
140412,0.8128,1,1,0.3589,Critical,0.2917,12924.0,3877.0,3377.0,Standard,Relationship manager follow-up,0,500,3877.0,6.75,Low ROI (0-10x)
140418,0.8394,1,1,0.1976,Critical,0.1659,8078.0,2423.0,1923.0,Basic,Relationship manager follow-up,0,500,2423.0,3.85,Low ROI (0-10x)
140428,1.0,1,1,0.2471,Critical,0.2471,5283.0,1585.0,1085.0,Basic,Relationship manager follow-up,0,500,1585.0,2.17,Low ROI (0-10x)
140432,0.9873,1,1,0.2884,Critical,0.2847,12126.0,3638.0,3138.0,Standard,Relationship manager follow-up,0,500,3638.0,6.28,Low ROI (0-10x)
140437,1.0,1,1,0.1809,Critical,0.1809,5772.0,1732.0,1232.0,Basic,Relationship manager follow-up,0,500,1732.0,2.46,Low ROI (0-10x)
140439,0.9934,1,1,0.6272,Critical,0.6231,27658.0,8297.0,7797.0,Premium,Relationship manager follow-up,0,500,8297.0,15.59,Medium ROI (10-50x)
140448,0.9378,1,1,0.1512,Critical,0.1418,1781.0,534.0,34.0,Basic,Relationship manager follow-up,0,500,534.0,0.07,Low ROI (0-10x)
140458,0.895,1,1,0.162,Critical,0.145,4984.0,1495.0,995.0,Basic,Relationship manager follow-up,0,500,1495.0,1.99,Low ROI (0-10x)
140459,0.9973,1,1,0.1302,Critical,0.1298,2399.0,720.0,220.0,Basic,Relationship manager follow-up,0,500,720.0,0.44,Low ROI (0-10x)
140467,1.0,1,1,0.2086,Critical,0.2086,4713.0,1414.0,914.0,Basic,Relationship manager follow-up,0,500,1414.0,1.83,Low ROI (0-10x)
140475,0.9811,1,1,0.2943,Critical,0.2887,4712.0,1414.0,914.0,Standard,Relationship manager follow-up,0,500,1414.0,1.83,Low ROI (0-10x)
140479,0.9714,1,1,0.6814,Critical,0.6619,28757.0,8627.0,8127.0,Premium,Relationship manager follow-up,0,500,8627.0,16.25,Medium ROI (10-50x)
140493,1.0,1,1,0.3293,Critical,0.3293,12698.0,3809.0,3309.0,Standard,Relationship manager follow-up,0,500,3809.0,6.62,Low ROI (0-10x)
140499,0.9752,1,1,0.1665,Critical,0.1624,3892.0,1168.0,668.0,Basic,Relationship manager follow-up,0,500,1168.0,1.34,Low ROI (0-10x)
140508,0.9852,1,1,0.1652,Critical,0.1628,3187.0,956.0,456.0,Basic,Relationship manager follow-up,0,500,956.0,0.91,Low ROI (0-10x)
140509,0.9959,1,1,0.2428,Critical,0.2418,7288.0,2186.0,1686.0,Basic,Relationship manager follow-up,0,500,2186.0,3.37,Low ROI (0-10x)
140510,0.8527,1,1,0.6024,Critical,0.5137,23287.0,6986.0,6486.0,Premium,Relationship manager follow-up,0,500,6986.0,12.97,Medium ROI (10-50x)
140521,0.9982,1,1,0.0956,Critical,0.0954,2710.0,813.0,313.0,Basic,Relationship manager follow-up,0,500,813.0,0.63,Low ROI (0-10x)
140526,0.5247,1,1,0.4792,Medium,0.2514,9187.0,2756.0,2256.0,Standard,Relationship manager follow-up,0,500,2756.0,4.51,Low ROI (0-10x)
140536,0.9962,1,1,0.156,Critical,0.1554,2322.0,697.0,197.0,Basic,Relationship manager follow-up,0,500,697.0,0.39,Low ROI (0-10x)
140540,1.0,1,1,0.2714,Critical,0.2714,10504.0,3151.0,2651.0,Standard,Relationship manager follow-up,0,500,3151.0,5.3,Low ROI (0-10x)
140544,0.9977,1,1,0.2021,Critical,0.2016,4291.0,1287.0,787.0,Basic,Relationship manager follow-up,0,500,1287.0,1.57,Low ROI (0-10x)
140556,0.9987,1,1,0.3563,Critical,0.3558,12495.0,3748.0,3248.0,Standard,Relationship manager follow-up,0,500,3748.0,6.5,Low ROI (0-10x)
140558,0.9999,1,1,0.0909,Critical,0.0909,2481.0,744.0,244.0,Basic,Relationship manager follow-up,0,500,744.0,0.49,Low ROI (0-10x)
140573,1.0,1,1,0.1981,Critical,0.1981,5924.0,1777.0,1277.0,Basic,Relationship manager follow-up,0,500,1777.0,2.55,Low ROI (0-10x)
140579,0.9835,1,1,0.2037,Critical,0.2003,5868.0,1760.0,1260.0,Basic,Relationship manager follow-up,0,500,1760.0,2.52,Low ROI (0-10x)
140585,0.9942,1,1,0.3758,Critical,0.3736,14182.0,4255.0,3755.0,Standard,Relationship manager follow-up,0,500,4255.0,7.51,Low ROI (0-10x)
140592,0.9991,1,1,0.213,Critical,0.2128,3512.0,1054.0,554.0,Basic,Relationship manager follow-up,0,500,1054.0,1.11,Low ROI (0-10x)
140599,0.9996,1,1,0.0876,Critical,0.0876,3432.0,1030.0,530.0,Basic,Relationship manager follow-up,0,500,1030.0,1.06,Low ROI (0-10x)
140602,0.9993,1,1,0.2802,Critical,0.28,10679.0,3204.0,2704.0,Standard,Relationship manager follow-up,0,500,3204.0,5.41,Low ROI (0-10x)
140610,0.9929,1,1,0.4001,Critical,0.3973,12061.0,3618.0,3118.0,Standard,Relationship manager follow-up,0,500,3618.0,6.24,Low ROI (0-10x)
140612,0.9992,1,1,0.1731,Critical,0.173,2457.0,737.0,237.0,Basic,Relationship manager follow-up,0,500,737.0,0.47,Low ROI (0-10x)
140614,1.0,1,1,0.1751,Critical,0.1751,3748.0,1124.0,624.0,Basic,Relationship manager follow-up,0,500,1124.0,1.25,Low ROI (0-10x)
140616,0.9999,1,1,0.3478,Critical,0.3478,9702.0,2911.0,2411.0,Standard,Relationship manager follow-up,0,500,2911.0,4.82,Low ROI (0-10x)
140617,0.9955,1,1,0.1036,Critical,0.1031,4382.0,1315.0,815.0,Basic,Relationship manager follow-up,0,500,1315.0,1.63,Low ROI (0-10x)
140618,0.9983,1,1,0.1212,Critical,0.121,1301.0,390.0,-110.0,Basic,Relationship manager follow-up,0,500,390.0,-0.22,Negative ROI
140623,0.9999,1,1,0.1548,Critical,0.1548,1993.0,598.0,98.0,Basic,Relationship manager follow-up,0,500,598.0,0.2,Low ROI (0-10x)
140630,1.0,1,1,0.0732,Critical,0.0732,1992.0,598.0,98.0,Basic,Relationship manager follow-up,0,500,598.0,0.2,Low ROI (0-10x)
140631,0.9977,1,1,0.1482,Critical,0.1479,1621.0,486.0,-14.0,Basic,Relationship manager follow-up,0,500,486.0,-0.03,Negative ROI
140634,1.0,1,1,0.3197,Critical,0.3197,7424.0,2227.0,1727.0,Standard,Relationship manager follow-up,0,500,2227.0,3.45,Low ROI (0-10x)
140635,0.9987,1,1,0.3678,Critical,0.3673,7082.0,2125.0,1625.0,Standard,Relationship manager follow-up,0,500,2125.0,3.25,Low ROI (0-10x)
140645,1.0,1,1,0.1334,Critical,0.1334,3380.0,1014.0,514.0,Basic,Relationship manager follow-up,0,500,1014.0,1.03,Low ROI (0-10x)
140653,0.945,1,1,0.362,Critical,0.3421,7287.0,2186.0,1686.0,Standard,Relationship manager follow-up,0,500,2186.0,3.37,Low ROI (0-10x)
140661,0.9824,1,1,0.1913,Critical,0.1879,5443.0,1633.0,1133.0,Basic,Relationship manager follow-up,0,500,1633.0,2.27,Low ROI (0-10x)
140666,0.9984,1,1,0.1308,Critical,0.1306,1722.0,517.0,17.0,Basic,Relationship manager follow-up,0,500,517.0,0.03,Low ROI (0-10x)
140681,0.9995,1,1,0.0857,Critical,0.0857,3100.0,930.0,430.0,Basic,Relationship manager follow-up,0,500,930.0,0.86,Low ROI (0-10x)
140682,0.998,1,1,0.3432,Critical,0.3425,9207.0,2762.0,2262.0,Standard,Relationship manager follow-up,0,500,2762.0,4.52,Low ROI (0-10x)
140688,0.9427,1,1,0.1546,Critical,0.1457,4186.0,1256.0,756.0,Basic,Relationship manager follow-up,0,500,1256.0,1.51,Low ROI (0-10x)
140695,0.9998,1,1,0.178,Critical,0.178,5858.0,1757.0,1257.0,Basic,Relationship manager follow-up,0,500,1757.0,2.51,Low ROI (0-10x)
140699,0.9966,1,1,0.1827,Critical,0.1821,6964.0,2089.0,1589.0,Basic,Relationship manager follow-up,0,500,2089.0,3.18,Low ROI (0-10x)
140701,1.0,1,1,0.3281,Critical,0.3281,11735.0,3520.0,3020.0,Standard,Relationship manager follow-up,0,500,3520.0,6.04,Low ROI (0-10x)
140702,0.9997,1,1,0.2181,Critical,0.218,5027.0,1508.0,1008.0,Basic,Relationship manager follow-up,0,500,1508.0,2.02,Low ROI (0-10x)
140711,1.0,1,1,0.3603,Critical,0.3603,7891.0,2367.0,1867.0,Standard,Relationship manager follow-up,0,500,2367.0,3.73,Low ROI (0-10x)
140724,1.0,1,1,0.079,Critical,0.079,3368.0,1010.0,510.0,Basic,Relationship manager follow-up,0,500,1010.0,1.02,Low ROI (0-10x)
140726,0.252,1,0,0.7174,Low,0.1808,9228.0,2768.0,2268.0,Premium,Relationship manager follow-up,0,500,2768.0,4.54,Low ROI (0-10x)
140730,0.9934,1,1,0.379,Critical,0.3765,14081.0,4224.0,3724.0,Standard,Relationship manager follow-up,0,500,4224.0,7.45,Low ROI (0-10x)
140740,1.0,1,1,0.1457,Critical,0.1457,2582.0,775.0,275.0,Basic,Relationship manager follow-up,0,500,775.0,0.55,Low ROI (0-10x)
140749,0.9997,1,1,0.2509,Critical,0.2508,5713.0,1714.0,1214.0,Standard,Relationship manager follow-up,0,500,1714.0,2.43,Low ROI (0-10x)
140750,1.0,1,1,0.1228,Critical,0.1228,3211.0,963.0,463.0,Basic,Relationship manager follow-up,0,500,963.0,0.93,Low ROI (0-10x)
140752,0.9935,1,1,0.3112,Critical,0.3092,13331.0,3999.0,3499.0,Standard,Relationship manager follow-up,0,500,3999.0,7.0,Low ROI (0-10x)
140755,1.0,1,1,0.1183,Critical,0.1183,2277.0,683.0,183.0,Basic,Relationship manager follow-up,0,500,683.0,0.37,Low ROI (0-10x)
140772,0.9989,1,1,0.311,Critical,0.3107,10240.0,3072.0,2572.0,Standard,Relationship manager follow-up,0,500,3072.0,5.14,Low ROI (0-10x)
140775,0.9727,1,1,0.3778,Critical,0.3675,12689.0,3807.0,3307.0,Standard,Relationship manager follow-up,0,500,3807.0,6.61,Low ROI (0-10x)
140780,0.9982,1,1,0.3605,Critical,0.3599,14033.0,4210.0,3710.0,Standard,Relationship manager follow-up,0,500,4210.0,7.42,Low ROI (0-10x)
140784,0.9999,1,1,0.0424,Critical,0.0424,2126.0,638.0,138.0,Basic,Relationship manager follow-up,0,500,638.0,0.28,Low ROI (0-10x)
140786,0.9777,1,1,0.5182,Critical,0.5066,21793.0,6538.0,6038.0,Premium,Relationship manager follow-up,0,500,6538.0,12.08,Medium ROI (10-50x)
140790,0.9989,1,1,0.3348,Critical,0.3344,9072.0,2722.0,2222.0,Standard,Relationship manager follow-up,0,500,2722.0,4.44,Low ROI (0-10x)
140793,0.9938,1,1,0.1798,Critical,0.1787,7235.0,2170.0,1670.0,Basic,Relationship manager follow-up,0,500,2170.0,3.34,Low ROI (0-10x)
140807,0.9975,1,1,0.1412,Critical,0.1408,3602.0,1081.0,581.0,Basic,Relationship manager follow-up,0,500,1081.0,1.16,Low ROI (0-10x)
140811,0.9997,1,1,0.3499,Critical,0.3498,12452.0,3736.0,3236.0,Standard,Relationship manager follow-up,0,500,3736.0,6.47,Low ROI (0-10x)
140825,0.961,1,1,0.1838,Critical,0.1766,3078.0,923.0,423.0,Basic,Relationship manager follow-up,0,500,923.0,0.85,Low ROI (0-10x)
140836,1.0,1,1,0.0603,Critical,0.0603,1500.0,450.0,-50.0,Basic,Relationship manager follow-up,0,500,450.0,-0.1,Negative ROI
140855,0.9951,1,1,0.1062,Critical,0.1057,3162.0,949.0,449.0,Basic,Relationship manager follow-up,0,500,949.0,0.9,Low ROI (0-10x)
140862,1.0,1,1,0.0704,Critical,0.0704,2186.0,656.0,156.0,Basic,Relationship manager follow-up,0,500,656.0,0.31,Low ROI (0-10x)
140873,0.9912,1,1,0.0816,Critical,0.0809,2346.0,704.0,204.0,Basic,Relationship manager follow-up,0,500,704.0,0.41,Low ROI (0-10x)
140874,0.9957,1,1,0.2394,Critical,0.2384,8817.0,2645.0,2145.0,Basic,Relationship manager follow-up,0,500,2645.0,4.29,Low ROI (0-10x)
140876,0.9946,1,1,0.0745,Critical,0.0741,1464.0,439.0,-61.0,Basic,Relationship manager follow-up,0,500,439.0,-0.12,Negative ROI
140880,0.9998,1,1,0.2517,Critical,0.2516,5226.0,1568.0,1068.0,Standard,Relationship manager follow-up,0,500,1568.0,2.14,Low ROI (0-10x)
140894,0.9754,1,1,0.5724,Critical,0.5583,24056.0,7217.0,6717.0,Premium,Relationship manager follow-up,0,500,7217.0,13.43,Medium ROI (10-50x)
140901,0.9966,1,1,0.2814,Critical,0.2804,10665.0,3200.0,2700.0,Standard,Relationship manager follow-up,0,500,3200.0,5.4,Low ROI (0-10x)
140904,0.9999,1,1,0.1338,Critical,0.1338,3230.0,969.0,469.0,Basic,Relationship manager follow-up,0,500,969.0,0.94,Low ROI (0-10x)
140908,0.9997,1,1,0.0906,Critical,0.0906,3041.0,912.0,412.0,Basic,Relationship manager follow-up,0,500,912.0,0.82,Low ROI (0-10x)
140910,0.994,1,1,0.3501,Critical,0.348,11873.0,3562.0,3062.0,Standard,Relationship manager follow-up,0,500,3562.0,6.12,Low ROI (0-10x)
140916,0.9615,1,1,0.2605,Critical,0.2505,6811.0,2043.0,1543.0,Standard,Relationship manager follow-up,0,500,2043.0,3.09,Low ROI (0-10x)
140939,0.9512,1,1,0.1824,Critical,0.1735,2787.0,836.0,336.0,Basic,Relationship manager follow-up,0,500,836.0,0.67,Low ROI (0-10x)
140952,0.9958,1,1,0.2639,Critical,0.2628,10012.0,3004.0,2504.0,Standard,Relationship manager follow-up,0,500,3004.0,5.01,Low ROI (0-10x)
140956,0.9998,1,1,0.1906,Critical,0.1906,3409.0,1023.0,523.0,Basic,Relationship manager follow-up,0,500,1023.0,1.05,Low ROI (0-10x)
140957,0.9955,1,1,0.1021,Critical,0.1016,2357.0,707.0,207.0,Basic,Relationship manager follow-up,0,500,707.0,0.41,Low ROI (0-10x)
140967,1.0,1,1,0.3819,Critical,0.3819,12086.0,3626.0,3126.0,Standard,Relationship manager follow-up,0,500,3626.0,6.25,Low ROI (0-10x)
140975,0.9981,1,1,0.2892,Critical,0.2887,11643.0,3493.0,2993.0,Standard,Relationship manager follow-up,0,500,3493.0,5.99,Low ROI (0-10x)
140976,0.9999,1,1,0.1401,Critical,0.1401,7334.0,2200.0,1700.0,Basic,Relationship manager follow-up,0,500,2200.0,3.4,Low ROI (0-10x)
140977,0.999,1,1,0.3715,Critical,0.3711,13694.0,4108.0,3608.0,Standard,Relationship manager follow-up,0,500,4108.0,7.22,Low ROI (0-10x)
140980,0.9998,1,1,0.1239,Critical,0.1239,3036.0,911.0,411.0,Basic,Relationship manager follow-up,0,500,911.0,0.82,Low ROI (0-10x)
140982,0.9901,1,1,0.1943,Critical,0.1924,7561.0,2268.0,1768.0,Basic,Relationship manager follow-up,0,500,2268.0,3.54,Low ROI (0-10x)
140987,0.9984,1,1,0.402,Critical,0.4014,14559.0,4368.0,3868.0,Standard,Relationship manager follow-up,0,500,4368.0,7.74,Low ROI (0-10x)
140988,0.9995,1,1,0.1007,Critical,0.1006,5055.0,1516.0,1016.0,Basic,Relationship manager follow-up,0,500,1516.0,2.03,Low ROI (0-10x)
140993,0.9998,1,1,0.229,Critical,0.229,7349.0,2205.0,1705.0,Basic,Relationship manager follow-up,0,500,2205.0,3.41,Low ROI (0-10x)
140996,1.0,1,1,0.0411,Critical,0.0411,1055.0,316.0,-184.0,Basic,Relationship manager follow-up,0,500,316.0,-0.37,Negative ROI
141011,1.0,1,1,0.1483,Critical,0.1483,2518.0,755.0,255.0,Basic,Relationship manager follow-up,0,500,755.0,0.51,Low ROI (0-10x)
141012,0.9996,1,1,0.368,Critical,0.3679,12704.0,3811.0,3311.0,Standard,Relationship manager follow-up,0,500,3811.0,6.62,Low ROI (0-10x)
141024,0.985,1,1,0.2398,Critical,0.2362,3780.0,1134.0,634.0,Basic,Relationship manager follow-up,0,500,1134.0,1.27,Low ROI (0-10x)
141036,0.9968,1,1,0.2433,Critical,0.2425,5812.0,1744.0,1244.0,Basic,Relationship manager follow-up,0,500,1744.0,2.49,Low ROI (0-10x)
141038,0.9913,1,1,0.1427,Critical,0.1415,6022.0,1807.0,1307.0,Basic,Relationship manager follow-up,0,500,1807.0,2.61,Low ROI (0-10x)
141051,1.0,1,1,0.1233,Critical,0.1233,1719.0,516.0,16.0,Basic,Relationship manager follow-up,0,500,516.0,0.03,Low ROI (0-10x)
141053,0.7538,1,1,0.3021,Critical,0.2277,2565.0,770.0,270.0,Standard,Relationship manager follow-up,0,500,770.0,0.54,Low ROI (0-10x)
141063,0.9996,1,1,0.4286,Critical,0.4284,12849.0,3855.0,3355.0,Standard,Relationship manager follow-up,0,500,3855.0,6.71,Low ROI (0-10x)
141065,0.9993,1,1,0.1368,Critical,0.1367,1678.0,503.0,3.0,Basic,Relationship manager follow-up,0,500,503.0,0.01,Low ROI (0-10x)
141074,0.9967,1,1,0.5441,Critical,0.5423,16592.0,4978.0,4478.0,Premium,Relationship manager follow-up,0,500,4978.0,8.96,Low ROI (0-10x)
141078,0.9501,1,1,0.258,Critical,0.2451,5623.0,1687.0,1187.0,Standard,Relationship manager follow-up,0,500,1687.0,2.37,Low ROI (0-10x)
141080,1.0,1,1,0.1713,Critical,0.1713,2782.0,835.0,335.0,Basic,Relationship manager follow-up,0,500,835.0,0.67,Low ROI (0-10x)
141084,0.8418,1,1,0.5441,Critical,0.458,18010.0,5403.0,4903.0,Premium,Relationship manager follow-up,0,500,5403.0,9.81,Low ROI (0-10x)
141098,0.9466,1,0,0.1495,Critical,0.1415,2944.0,883.0,383.0,Basic,Relationship manager follow-up,0,500,883.0,0.77,Low ROI (0-10x)
141099,1.0,1,1,0.178,Critical,0.178,7403.0,2221.0,1721.0,Basic,Relationship manager follow-up,0,500,2221.0,3.44,Low ROI (0-10x)
